,M 1,R 2,L 3,P 4,A 5,Q 6,L 7,L 8,G 9,L 10,L 11,M 12,L 13,W 14,V 15,P 16,G 17,S 18,S 19,A 20,E 21,I 22,V 23,M 24,T 25,Q 26,T 27,P 28,L 29,S 30,L 31,S 32,I 33,T 34,P 35,G 36,E 37,Q 38,A 39,S 40,M 41,S 42,C 43,R 44,S 45,S 46,Q 47,S 48,L 49,L 50,H 51,S 52,D 53,G 54,Y 55,T 56,Y 57,L 58,Y 59,W 60,F 61,L 62,Q 63,K 64,A 65,R 66,P 67,V 68,S 69,T 70,L 71,L 72,I 73,Y 74,E 75,V 76,S 77,N 78,R 79,F 80,S 81,G 82,V 83,P 84,D 85,R 86,F 87,S 88,G 89,S 90,G 91,S 92,G 93,T 94,D 95,F 96,T 97,L 98,K 99,I 100,S 101,R 102,V 103,E 104,A 105,E 106,D 107,F 108,G 109,V 110,Y 111,Y 112,C 113,M 114,Q 115,D 116,A 117,Q 118,D 119,P 120
K,-9.844,-3.671,-8.534,-9.996,-10.224,-8.350,-13.382,-13.823,-11.918,-14.446,-12.727,-9.399,-15.475,-10.991,-7.438,-8.209,-10.487,-10.849,-8.303,-7.684,-6.375,-9.012,-9.293,-10.478,-4.936,-12.454,-8.506,-11.336,-5.230,-10.691,-9.133,-9.542,-6.301,-5.634,-9.882,-9.037,-8.374,-4.561,-13.384,-8.530,-8.484,-10.511,-13.333,-4.723,-11.554,-11.325,-8.314,-10.380,-11.330,-8.491,-8.353,-10.210,-3.571,-4.564,-1.231,-8.512,-6.470,-10.810,-4.942,-11.377,-6.574,-6.923,-7.946,0.000,-7.628,-4.421,-2.365,-3.135,-5.937,-1.745,-7.253,-10.226,-8.206,-8.183,-2.157,-7.275,-8.703,-3.549,-8.383,-3.490,-8.486,-9.313,-11.270,-10.722,-8.646,-7.871,-14.184,-8.840,-11.965,-9.898,-8.660,-9.985,-6.837,-8.595,-9.522,-11.970,-10.424,-14.823,0.000,-12.499,-9.055,-5.991,-13.581,-8.074,-8.439,-7.203,-11.938,-6.656,-12.351,-7.496,-14.546,-12.825,-9.508,-2.804,-7.257,-4.900,-4.363,-3.456,-3.631,-5.954
R,-9.901,0.000,-6.944,-8.069,-9.298,-6.315,-10.509,-11.008,-8.031,-11.996,-10.950,-7.297,-13.106,-7.480,-5.977,-6.850,-7.271,-9.268,-5.535,-6.438,-7.985,-9.809,-9.391,-10.707,-5.990,-11.817,-8.223,-11.238,-4.908,-9.738,-9.373,-8.425,-8.588,-4.819,-8.691,-6.951,-9.901,-4.429,-13.793,-7.430,-8.624,-8.852,-7.988,0.000,-9.843,-9.530,-7.970,-7.987,-9.789,-7.045,-7.042,-8.633,-3.623,-4.530,-2.635,-8.638,-5.176,-9.811,-3.805,-8.118,-4.824,-5.305,-7.740,-4.447,-5.703,0.000,-2.450,-2.133,-5.099,-2.157,-6.498,-8.628,-7.393,-7.413,-2.949,-7.958,-8.479,-6.033,0.000,-3.852,-8.296,-7.451,-10.911,-8.143,-8.841,0.000,-13.075,-6.868,-7.768,-7.433,-6.580,-9.392,-7.116,-8.439,-11.007,-9.963,-10.863,-12.686,-4.806,-13.219,-7.148,0.000,-11.636,-8.620,-8.787,-9.182,-12.662,-7.234,-10.417,-7.057,-12.912,-11.266,-6.451,-2.170,-6.250,-3.466,-3.922,-2.797,-1.399,-5.335
H,-12.615,-6.880,-8.518,-8.686,-10.180,-5.835,-10.935,-11.935,-10.786,-11.819,-12.006,-7.618,-12.589,-9.820,-7.362,-7.635,-10.000,-10.451,-7.597,-9.352,-5.753,-8.547,-10.589,-11.879,-5.748,-10.881,-7.854,-10.401,-4.520,-9.945,-9.881,-9.731,-11.756,-5.122,-9.710,-11.449,-8.463,-4.453,-14.490,-9.615,-9.770,-9.769,-10.541,-7.151,-11.847,-9.908,-8.777,-10.462,-9.275,-7.458,0.000,-10.716,-3.356,-7.525,-3.224,-8.349,-5.308,-10.696,-2.580,-10.490,-3.058,-5.550,-7.281,-6.643,-5.453,-4.018,-2.040,-1.600,-5.078,-3.766,-6.420,-8.891,-8.910,-6.446,-4.569,-7.637,-11.096,-7.275,-8.208,-3.083,-8.889,-11.156,-12.600,-8.870,-8.899,-7.619,-12.681,-8.601,-12.779,-9.492,-11.210,-11.292,-10.079,-10.031,-7.507,-10.194,-11.674,-13.050,-7.373,-17.262,-8.316,-7.230,-14.319,-10.455,-10.705,-10.387,-8.515,-8.990,-13.337,-8.611,-7.738,-6.982,-8.243,-2.201,-7.862,-5.159,-3.205,-1.837,-2.371,-5.504
E,-10.151,-3.824,-8.163,-10.032,-9.045,-7.160,-13.905,-13.668,-9.601,-14.040,-12.053,-8.628,-14.976,-11.393,-8.205,-8.482,-7.205,-11.237,-9.335,-5.283,0.000,-10.392,-8.836,-11.074,-2.380,-10.097,-9.836,-8.547,-4.385,-9.919,-7.377,-9.418,-10.071,-6.829,-9.691,-7.692,0.000,-5.299,-10.992,-8.853,-8.131,-12.004,-12.234,-9.317,-12.791,-11.719,-8.762,-12.083,-12.632,-8.539,-9.311,-12.053,-5.220,-5.534,-2.915,-10.659,-6.922,-11.683,-4.213,-11.572,-5.679,-7.814,-8.103,-6.288,-5.573,-3.187,-0.777,-2.966,-7.068,-4.937,-7.870,-10.305,-8.342,-8.748,0.000,-6.934,-10.465,-7.687,-10.673,-1.591,-7.549,-7.860,-10.828,-11.195,-5.895,-10.507,-12.379,-9.470,-8.701,-9.953,-7.856,-10.819,-6.673,-9.992,-5.858,-11.408,-11.797,-15.731,-8.958,-15.477,-8.258,-8.276,-12.848,0.000,-7.345,0.000,-8.196,-4.018,-10.049,-8.971,-13.867,-12.498,-9.711,-2.194,-8.290,-3.960,-4.180,-4.006,-3.305,-6.018
D,-12.175,-6.181,-8.269,-11.035,-9.791,-9.493,-14.454,-15.350,-10.364,-14.649,-13.317,-10.232,-15.221,-13.162,-8.833,-8.960,-7.339,-10.339,-9.533,-6.650,-1.669,-8.376,-9.845,-13.765,-3.813,-13.646,-8.703,-9.922,-4.215,-9.721,-11.081,-9.057,-11.837,-7.800,-10.859,-8.860,-4.728,-5.463,-10.351,-9.159,-10.446,-11.660,-9.581,-13.233,-11.937,-11.339,-11.842,-10.421,-12.276,-8.580,-6.224,-10.117,0.000,-6.563,-2.583,-7.924,-5.530,-12.569,-4.191,-11.843,-4.085,-10.350,-10.629,-6.457,-5.492,-2.640,-2.528,-2.335,-7.653,-5.486,-5.637,-9.956,-7.758,-7.673,-3.239,-4.464,-9.225,-7.085,-12.405,-3.036,-6.779,-8.251,-10.978,-11.589,0.000,-11.260,-12.874,-9.856,-8.513,-9.868,-8.744,-9.719,-6.147,-8.771,0.000,-11.147,-11.819,-16.538,-9.671,-14.628,-7.948,-7.705,-13.217,-9.134,-8.066,-5.874,0.000,-6.195,-8.969,-7.922,-10.621,-10.141,-8.605,-3.737,-10.997,0.000,-2.917,-3.073,0.000,-6.167
N,-11.843,-6.280,-8.524,-10.914,-10.051,-9.526,-13.684,-15.011,-10.016,-13.714,-13.082,-9.590,-14.656,-12.178,-8.104,-8.542,-10.662,-9.034,-8.230,-8.399,-4.954,-8.694,-10.864,-12.647,-4.758,-14.605,-6.694,-12.339,-4.612,-9.216,-12.252,-8.017,-11.355,-5.195,-10.754,-9.275,-7.404,-4.511,-13.221,-7.057,-8.954,-7.692,-11.028,-9.660,-10.804,-9.827,-11.762,-8.640,-11.373,-9.576,-4.711,-8.325,-1.298,-7.044,-0.386,-4.344,-5.234,-10.900,-2.504,-11.221,-3.296,-10.041,-10.574,-5.524,-7.181,-3.128,-3.220,-1.670,-6.806,-3.186,-5.995,-10.424,-6.965,-7.899,-4.818,-5.782,-7.461,0.000,-11.858,-3.213,-7.842,-8.810,-10.539,-11.642,-6.489,-10.076,-11.831,-7.708,-11.245,-8.871,-10.579,-9.284,-7.259,-6.609,-7.236,-11.481,-10.245,-15.078,-6.461,-12.454,-6.994,-6.618,-13.200,-11.318,-9.449,-9.361,-8.724,-7.903,-11.696,-7.667,-10.915,-9.020,-8.182,-2.269,-10.214,-4.677,-2.888,-2.417,-3.016,-6.042
Q,-9.156,-4.916,-8.833,-7.741,-9.974,0.000,-11.133,-10.814,-11.089,-12.373,-11.380,-6.519,-12.960,-8.494,-7.401,-7.148,-10.030,-11.988,-7.742,-7.065,-4.593,-10.106,-10.168,-9.137,-4.641,0.000,-8.878,-8.352,-3.837,-10.289,-6.904,-8.674,-9.463,-2.886,-8.540,-10.105,-5.613,0.000,-12.913,-8.697,-9.115,-10.541,-12.530,-5.556,-12.575,-10.817,0.000,-11.054,-10.002,-7.437,-8.003,-11.252,-4.377,-3.962,-3.359,-9.370,-6.889,-9.392,-3.328,-9.823,-3.949,-2.466,0.000,-5.954,-4.686,-4.106,0.451,-2.158,-4.404,-2.848,-7.849,-9.329,-8.438,-8.147,-4.045,-7.580,-11.000,-7.383,-7.649,-2.682,-7.787,-10.166,-11.730,-7.770,-7.717,-8.363,-13.186,-8.441,-12.773,-9.754,-9.595,-11.137,-8.833,-10.186,-8.209,-11.495,-12.935,-12.506,-7.167,-16.028,-7.230,-6.770,-12.541,-5.949,-8.706,-6.547,-11.006,-6.793,-12.624,-8.676,-12.842,-10.247,-9.593,1.068,0.000,-5.342,-4.923,0.000,-2.223,-5.317
T,-9.279,-4.919,-5.120,-7.129,-5.421,-7.308,-10.187,-10.551,-6.389,-9.006,-9.108,-4.767,-10.114,-10.779,-5.946,-4.289,-8.612,-3.853,-6.449,-5.803,-7.377,-4.953,-7.050,-8.689,0.000,-14.079,0.000,-10.541,-2.896,-6.259,-9.432,-3.615,-5.700,0.000,-7.353,-9.388,-7.816,-1.346,-6.847,-3.547,-4.559,-6.334,-10.496,-6.726,-6.707,-7.150,-10.052,-7.482,-9.572,-7.631,-7.517,-5.823,-0.648,-5.535,-4.754,0.000,-6.113,-9.311,-3.942,-9.286,-5.468,-9.226,-10.266,-4.612,-4.611,-3.945,-2.761,-0.358,-4.213,0.000,-4.769,-9.193,-6.477,-9.192,-2.021,-3.909,-7.335,-4.298,-10.585,-3.799,-5.229,-10.830,-6.035,-8.140,-6.993,-9.331,-11.699,-5.564,-10.242,-6.417,-9.070,-7.294,-9.819,0.000,-9.833,-8.582,0.000,-12.801,-4.513,-10.969,-6.946,-8.118,-6.933,-9.651,-5.698,-8.567,-11.117,-2.753,-9.719,-4.168,-13.050,-9.807,-9.387,-3.032,-9.180,-5.075,-2.345,-3.260,-2.136,-5.139
S,-10.027,-4.669,-5.472,-5.500,-6.386,-6.762,-9.656,-9.790,-4.053,-8.824,-9.429,-5.222,-10.707,-8.815,-6.165,-3.537,-7.107,0.000,0.000,-2.947,-6.720,-8.101,-8.651,-9.806,-4.993,-13.032,-3.560,-8.616,-2.121,0.000,-9.614,0.000,-7.205,-0.734,-6.695,-7.870,-7.681,-2.623,-8.928,0.000,-7.940,0.000,-6.880,-8.733,0.000,0.000,-9.737,0.000,-9.121,-7.027,-5.986,0.000,0.141,-5.291,-3.032,-5.891,-4.966,-10.346,-1.228,-8.514,-3.959,-8.771,-9.741,-2.926,-3.080,-1.700,-3.100,2.614,0.000,-3.270,-5.547,-8.549,-7.744,-7.974,-2.537,-5.035,0.000,-4.190,-9.851,-2.429,0.000,-7.828,-9.438,-6.780,-4.689,-8.007,-9.478,0.000,-7.821,0.000,-8.037,0.000,-6.870,-5.633,-8.176,-7.628,-7.834,-11.136,-6.549,-11.745,0.000,-4.572,-6.609,-10.445,-5.608,-8.137,-10.709,-5.274,-8.053,-7.214,-10.849,-8.584,-6.109,-1.619,-7.777,-3.404,-2.476,-2.222,-0.441,-4.727
C,-10.398,-7.497,-7.302,-8.649,-9.279,-6.969,-9.851,-10.803,-6.003,-8.706,-9.543,-5.706,-10.280,-6.643,-6.543,-6.970,-7.926,-7.075,-6.649,-3.014,-9.531,-11.491,-14.147,-12.915,-12.206,-15.969,-12.198,-15.475,-7.560,-10.392,-11.678,-10.152,-9.348,-8.605,-13.427,-11.616,-13.436,-7.864,-11.966,-9.325,-8.673,-9.462,0.000,-10.189,-9.389,-12.901,-15.179,-11.367,-15.051,-12.083,-9.609,-11.004,-7.940,-11.378,-8.489,-9.851,-8.019,-11.874,-5.101,-7.410,-5.635,-9.416,-11.849,-10.307,-8.483,-6.238,-6.284,-3.051,-9.444,-5.324,-8.555,-10.315,-9.619,-8.524,-6.735,-11.851,-10.812,-10.762,-9.532,-6.390,-10.674,-10.741,-11.562,-11.785,-10.985,-7.838,-9.736,-8.797,-9.319,-8.183,-10.489,-11.264,-11.105,-10.623,-10.988,-9.534,-13.622,-14.510,-11.906,-16.644,-11.197,-9.632,-12.322,-14.071,-12.363,-12.834,-12.695,-8.901,-11.535,-10.815,-8.593,-9.548,0.000,-3.553,-10.981,-5.827,-5.079,-5.397,-1.289,-6.448
G,-10.916,-4.962,-5.879,-8.948,-7.414,-7.830,-11.799,-12.137,0.000,-12.017,-10.637,-7.109,-12.903,-8.360,-5.603,-7.158,0.000,-7.655,-8.078,-1.396,-5.501,-11.386,-9.434,-12.187,-7.534,-14.243,-9.997,-11.152,-3.494,-9.480,-10.854,-7.950,-8.191,-6.013,-10.094,0.000,-5.685,-6.540,-7.489,-9.231,-8.510,-9.214,-8.006,-8.052,-8.678,-10.796,-10.668,-8.989,-12.472,-9.196,-7.596,-8.196,-2.824,0.000,-2.816,-9.467,-5.664,-10.915,-1.855,-8.677,-4.870,-8.837,-9.624,-6.071,-4.795,-0.838,-2.515,-1.836,-7.118,-4.427,-4.909,-8.980,-7.531,-8.727,-2.146,-5.667,-6.754,-8.043,-9.806,-0.682,-8.778,0.000,-10.929,-10.287,-6.441,-8.109,-12.508,-8.344,0.000,-7.702,0.000,-10.146,0.000,-9.489,-8.675,-10.218,-12.262,-15.304,-9.502,-12.511,-7.909,-4.932,-10.388,-9.142,-8.132,-5.591,-7.991,-6.786,0.000,-9.574,-12.744,-13.017,-6.651,-1.410,-8.845,-2.763,-4.106,-3.202,-0.877,-5.334
A,-10.581,-3.957,-3.276,-7.262,0.000,-6.958,-9.662,-9.926,-6.175,-7.892,-8.421,-4.684,-9.478,-10.688,-5.769,-4.124,-5.973,-4.295,-7.349,0.000,-5.207,-8.061,-6.707,-9.735,-5.953,-13.413,-6.876,-9.485,-2.133,-6.627,-9.242,-3.499,-4.843,-2.665,-5.358,-8.539,-6.794,-3.237,0.000,-6.665,-6.636,-6.425,-9.677,-8.057,-5.909,-9.333,-10.118,-9.053,-10.293,-7.631,-8.843,-8.704,-2.652,-5.924,-3.937,-6.632,-5.711,-10.944,-2.459,-11.223,-5.449,-9.045,-10.001,-6.075,0.000,-3.696,-3.354,-0.754,-4.685,-5.173,-6.951,-9.501,-7.870,-9.726,-2.231,-1.347,-7.678,-7.479,-11.487,1.149,-6.155,-9.201,-7.610,-7.196,-5.224,-9.361,-11.203,-8.441,-7.245,-7.954,-7.077,-8.863,-7.615,-6.638,-9.063,-7.379,-7.498,-14.915,-9.002,-12.291,-7.289,-6.985,-5.728,-8.060,0.000,-6.115,-9.355,-2.411,-4.555,-7.207,-13.241,-12.034,-9.146,-1.555,-9.105,-3.074,0.000,-4.339,-2.387,-5.645
V,-8.675,-5.368,-2.592,-8.745,-6.334,-6.378,-7.456,-7.607,-6.994,-5.690,-5.274,-2.536,-7.573,-10.560,0.000,-6.476,-4.950,-5.381,-7.818,-6.147,-6.679,-5.667,0.000,-5.948,-5.401,-14.105,-9.228,-11.416,-4.041,-8.427,-6.311,-5.595,-0.398,-5.727,-5.129,-9.600,-8.478,-5.634,-4.346,-7.735,-1.105,-9.861,-11.146,-8.940,-8.440,-10.481,-11.691,-11.639,-8.247,-5.177,-9.766,-11.270,-3.920,-6.971,-5.226,-8.377,-6.471,-7.669,-4.649,-10.152,-5.240,-6.697,-9.739,-6.808,-5.623,-4.854,-4.041,0.000,-7.477,-6.203,-6.711,-7.431,-5.899,-10.060,-3.195,0.000,-10.293,-8.100,-11.696,-1.977,-8.347,-9.326,0.000,-10.059,-7.990,-10.301,-8.530,-9.848,-8.524,-9.595,-8.070,-9.560,-9.078,-8.674,-9.633,-8.572,-9.424,-11.528,-10.972,-9.447,-10.459,-8.722,0.000,-8.676,-6.460,-7.737,-10.007,-2.093,-9.659,0.000,-12.126,-9.901,-9.727,-2.283,-9.134,-4.047,-4.262,-4.817,-1.939,-5.755
L,-9.401,-4.973,0.000,-5.716,-7.601,-3.475,0.000,0.000,-7.304,0.000,0.000,0.945,0.000,-7.801,-0.645,-5.335,-7.592,-6.334,-5.926,-7.263,-9.241,-7.342,-7.393,-2.951,-5.144,-11.286,-8.498,-9.088,0.000,-6.648,0.000,-5.439,-4.116,-3.951,-4.214,-11.491,-9.776,-3.822,-9.284,-7.451,-0.770,-8.509,-11.780,-8.680,-9.586,-9.964,-9.128,-8.356,0.000,0.000,-8.501,-9.874,-4.761,-7.594,-5.651,-8.419,-7.513,0.000,-4.501,-7.010,-4.696,0.000,-7.662,-7.084,-3.993,-4.871,-3.064,-1.006,-3.758,-4.683,0.000,0.000,-6.199,-8.873,-4.120,-6.512,-8.500,-8.218,-7.906,-3.265,-8.103,-11.324,-8.023,-5.741,-8.611,-9.164,-6.516,-7.863,-12.993,-7.560,-10.159,-8.724,-11.176,-8.081,-10.887,-7.155,-10.009,0.000,-9.778,-7.573,-8.229,-8.228,-4.568,-9.505,-8.007,-10.453,-12.917,-3.506,-13.748,-5.592,-10.867,-7.842,-9.881,-1.668,-7.746,-5.703,-3.619,-4.593,-1.215,-5.091
I,-9.978,-5.374,-4.106,-9.467,-7.836,-7.080,-7.367,-8.362,-8.828,-6.287,-6.402,-3.152,-7.201,-10.931,-2.796,-7.152,-8.451,-5.492,-7.827,-8.573,-9.014,0.000,-5.888,-6.456,-6.002,-15.080,-8.068,-13.385,-5.254,-8.681,-7.330,-6.567,0.000,-6.379,-8.289,-12.813,-11.188,-5.924,-8.686,-7.140,1.246,-9.478,-11.395,-8.972,-10.404,-10.502,-12.196,-9.922,-8.543,-6.157,-8.838,-9.944,-3.556,-7.055,-5.510,-7.080,-7.359,-7.653,-5.358,-9.472,-5.238,-7.594,-10.405,-6.626,-7.651,-6.270,-5.309,-3.364,-7.750,-5.873,-5.919,-6.701,0.000,-10.227,-4.087,-6.937,-10.119,-7.420,-10.846,-4.607,-9.241,-12.764,-4.908,-11.520,-10.449,-10.295,-7.350,-8.658,-11.831,-9.078,-9.724,-10.075,-10.718,-9.044,-10.630,-9.575,-8.969,-8.433,-8.821,0.000,-10.488,-10.741,-6.587,-11.556,-9.365,-11.505,-12.479,-4.254,-13.126,-4.828,-11.551,-8.700,-9.964,-3.130,-9.976,-5.932,-3.264,-4.806,-2.918,-6.397
M,0.000,-4.382,-5.031,-9.529,-8.966,-8.021,-8.875,-8.837,-8.827,-8.523,-6.988,0.000,-8.360,-10.021,-4.284,-7.466,-9.148,-7.864,-7.189,-7.886,-9.457,-8.525,-7.623,0.000,-7.608,-14.162,-9.795,-13.181,-5.911,-9.565,-7.547,-6.858,-5.421,-6.757,-8.471,-10.612,-10.953,-5.772,-10.098,-7.602,0.000,-11.228,-14.951,-8.677,-11.009,-12.213,-11.259,-11.682,-9.223,-8.373,-10.739,-11.622,-4.531,-6.157,-6.274,-8.716,-8.754,-5.710,-6.293,-10.543,-6.821,-6.671,-9.623,-7.239,-7.556,-6.913,-4.223,-4.698,-7.931,-6.715,-5.969,-6.673,-7.189,-11.343,-4.984,-7.875,-10.806,-8.794,-10.783,-5.178,-9.846,-12.037,-8.232,-11.060,-11.215,-10.486,-10.103,-10.087,-12.956,-10.044,-10.904,-10.932,-10.156,-8.195,-12.380,-10.849,-10.554,-10.044,-9.165,-8.900,-10.807,-9.521,-5.357,-11.145,-8.906,-11.030,-14.259,-3.606,-13.344,-5.211,-14.410,-11.311,-12.870,0.000,-9.666,-6.590,-5.654,-5.708,-3.523,-7.208
P,-11.081,-6.736,-5.830,0.000,-7.185,-5.664,-9.164,-8.788,-8.067,-9.465,-10.950,-6.204,-11.578,-11.542,-6.356,0.000,-10.024,-8.238,-8.547,-5.113,-10.687,-9.634,-11.006,-9.693,-9.011,-11.179,-7.391,0.000,-2.608,-6.262,-9.738,-3.533,-10.172,-2.793,0.000,-11.933,-11.110,-0.457,-11.377,-8.426,-8.186,-7.548,-10.737,-9.305,-9.142,-9.942,-7.519,-7.759,-9.418,-8.058,-8.720,-8.776,-4.795,-7.062,-5.060,-9.111,-7.005,-9.686,-7.391,-10.317,-9.665,-7.996,-8.189,-3.964,-0.109,-4.225,0.000,1.061,1.022,-3.205,-5.671,-8.313,-9.321,-10.315,-6.196,-5.817,-9.171,-8.726,-10.567,-1.599,-6.701,-12.225,-11.485,0.000,-7.002,-10.957,-12.757,-9.604,-12.025,-8.392,-10.252,-9.179,-10.996,-8.430,-12.732,-8.916,-10.922,-10.183,-10.237,-14.550,-10.032,-7.466,-9.182,-11.357,-4.732,-10.762,-12.607,-7.379,-12.823,-11.362,-13.405,-12.385,-9.862,-6.752,-9.708,-6.682,-4.094,-4.521,-2.207,0.000
Y,-13.169,-8.615,-8.650,-9.974,-10.084,-7.218,-10.846,-12.794,-9.495,-9.905,-12.539,-8.271,-10.998,-9.677,-7.722,-7.649,-9.736,-9.325,-7.584,-8.820,-6.237,-8.336,-10.216,-12.370,-7.329,-13.681,-9.143,-12.167,-7.199,-9.283,-11.687,-10.050,-12.166,-7.324,-11.811,-12.987,-10.109,-7.329,-14.703,-9.012,-10.056,-9.798,-6.083,-12.232,-10.022,-9.191,-11.697,-9.833,-10.540,-6.034,-3.629,-8.457,-4.088,-7.276,0.000,-7.083,0.000,-11.476,0.000,-9.936,-0.008,-7.140,-10.478,-7.855,-6.932,-4.730,-4.217,-1.331,-7.147,-5.087,-6.486,-9.139,-8.331,0.000,-3.637,-7.266,-9.190,-7.587,-11.457,-3.709,-9.417,-12.230,-12.472,-11.984,-10.409,-10.643,-9.623,-8.436,-13.306,-8.854,-11.956,-9.456,-10.970,-10.195,-8.375,-8.471,-12.597,-13.473,-10.713,-17.480,-10.199,-10.650,-13.064,-12.721,-11.168,-11.066,-8.614,-9.076,-14.163,-7.761,0.000,0.000,-5.594,-1.910,-9.061,-3.591,-3.269,-3.381,-1.188,-6.287
F,-10.920,-6.254,-4.742,-8.225,-8.754,-6.353,-5.954,-7.266,-7.879,-4.584,-6.602,-3.666,-7.334,-9.824,-3.836,-7.037,-8.678,-7.446,-6.962,-7.900,-10.068,-7.490,-8.532,-8.259,-8.146,-14.510,-8.664,-11.904,-5.903,-6.773,-8.040,-7.483,-7.446,-6.274,-9.291,-13.220,-11.765,-7.258,-11.380,-7.544,-3.830,-8.786,-7.461,-13.143,-9.522,-7.687,-13.091,-9.224,-8.848,-6.537,-6.916,-9.352,-5.068,-8.438,-6.167,-9.371,-6.325,-8.252,-4.325,-8.700,0.000,-7.675,-11.485,-9.156,-6.409,-6.110,-5.759,-1.416,-6.660,-6.072,-5.758,-5.480,-7.856,-8.656,-5.201,-7.726,-9.596,-8.546,-12.477,0.000,-8.721,-12.749,-7.927,-10.376,-10.628,-11.959,0.000,-7.987,-13.132,-7.420,-11.859,-7.801,-11.928,-8.802,-10.793,0.000,-11.598,-6.785,-11.350,-11.608,-9.837,-11.229,-6.488,-14.495,-10.478,-12.874,-12.048,0.000,-14.475,-7.072,-8.045,-6.447,-8.408,-3.280,-10.120,-6.430,-4.078,-5.432,-1.626,-6.449
W,-12.055,-5.187,-7.601,-8.458,-10.040,-7.071,-9.672,-9.224,-7.393,-9.786,-9.644,-6.114,-11.195,0.000,-6.095,-7.532,-7.317,-10.218,-6.556,-6.673,-10.333,-11.293,-10.555,-11.063,-8.453,-13.940,-10.614,-13.859,-6.792,-10.277,-9.452,-10.441,-9.857,-8.827,-12.342,-9.351,-13.167,-8.578,-14.525,-9.097,-9.245,-10.924,-7.931,-7.858,-11.918,-11.037,-12.091,-11.170,-10.867,-6.902,-10.099,-10.078,-4.936,-7.179,-5.692,-10.634,-6.733,-7.813,-4.978,0.000,-6.811,-7.500,-9.730,-8.286,-7.591,-5.281,-3.764,-3.347,-7.939,-3.474,-8.097,-8.532,-10.605,-9.575,-3.857,-8.956,-9.990,-10.449,-9.084,-4.583,-9.821,-9.351,-13.084,-11.178,-12.042,-9.070,-11.447,-8.998,-10.226,-8.717,-8.977,-10.347,-9.891,-10.358,-12.399,-9.460,-14.390,-11.594,-10.520,-16.025,-10.747,-7.547,-11.813,-12.270,-10.743,-11.368,-15.660,-8.798,-13.655,-9.101,-12.219,-10.720,-7.241,-2.536,-9.541,-4.098,-5.493,-5.657,0.812,-6.558
