,M 1,A 2,Q 3,S 4,D 5,F 6,L 7,Y 8,P 9,E 10,N 11,P 12,K 13,R 14,R 15,E 16,E 17,V 18,N 19,R 20,L 21,H 22,Q 23,Q 24,L 25,L 26,D 27,C 28,L 29,S 30,D 31,S 32,F 33,D 34,V 35,T 36,N 37,K 38,L 39,T 40,E 41,V 42,L 43,N 44,M 45,H 46,L 47,G 48,C 49,R 50,L 51,A 52,S 53,I 54,E 55,M 56,K 57,R 58,D 59,G 60,T 61,I 62,K 63,E 64,N 65,C 66,D 67,L 68,I 69,I 70,Q 71,A 72,I 73,M 74,K 75,I 76,Q 77,K 78,E 79,L 80,Q 81,K 82,V 83,D 84,E 85,A 86,L 87,K 88,D 89,K 90,L 91,E 92,P 93,T 94,L 95,Y 96,R 97,K 98,L 99,Q 100,D 101,I 102,K 103,E 104,K 105,E 106,T 107,D 108,K 109,I 110,A 111,I 112,V 113,Q 114,K 115,V 116,I 117,S 118,V 119,I 120,L 121,G 122,E 123,A 124,T 125,S 126,A 127,A 128,S 129,A 130,V 131,A 132,V 133,K 134,L 135,V 136,G 137,S 138,N 139,V 140,T 141,T 142,G 143,I 144,I 145,N 146,K 147,L 148,V 149,T 150,V 151,L 152,A 153,Q 154,I 155,G 156,A 157,S 158,L 159,L 160,G 161,S 162,I 163,G 164,V 165,A 166,V 167,L 168,G 169,L 170,G 171,I 172,D 173,M 174,I 175,V 176,R 177,A 178,I 179,L 180,G 181,A 182,V 183,E 184,K 185,T 186,Q 187,L 188,Q 189,A 190,A 191,I 192,K 193,S 194,Y 195,E 196,K 197,H 198,L 199,V 200,E 201,F 202,K 203,S 204,A 205,S 206,E 207,K 208,Y 209,N 210,H 211,A 212,I 213,T 214,E 215,V 216,I 217,N 218,T 219,V 220,K 221,H 222,Q 223,M 224,K 225
K,-8.697,-2.799,-2.685,-3.113,-3.374,-3.235,-3.438,-2.333,-2.814,-4.065,-4.585,-0.751,0.000,-2.781,-2.910,-3.988,-4.451,-4.320,-2.637,-2.742,-4.717,-1.974,-3.070,-3.123,-5.239,-2.868,-3.424,-1.322,-4.004,-2.694,-3.071,-3.419,-1.583,-3.468,-2.326,-2.553,-2.904,0.000,-3.443,-2.699,-3.914,-2.354,-4.471,-3.304,-0.946,-2.165,-4.684,-2.262,-0.068,-2.757,-3.961,-2.514,-3.495,-4.944,-3.219,-0.418,0.000,-3.229,-3.188,-0.804,-2.602,-3.920,0.000,-3.280,-3.269,-1.696,-3.900,-2.422,-5.441,-2.094,-2.720,-3.856,-3.717,-0.381,0.000,-4.221,-3.308,0.000,-5.078,-4.080,-2.417,0.000,-3.574,-3.368,-3.114,-2.731,-6.135,0.000,-2.226,0.000,-4.940,-3.483,-1.906,-3.028,-5.108,-1.349,-1.474,0.000,-4.741,-2.792,-3.377,-4.499,0.000,-3.426,0.000,-3.233,-2.412,-2.628,0.000,-2.548,-2.780,-3.130,-3.975,-2.543,0.000,-6.372,-4.667,-4.593,-3.953,-6.341,-4.302,-4.303,-3.370,-6.771,-4.844,-4.859,-4.833,-7.322,-5.354,-3.537,-4.879,-7.516,-4.496,0.000,-4.900,-7.113,-4.235,-3.521,-2.440,-6.115,-4.376,-3.285,-4.094,-5.835,-4.873,-2.672,0.000,-5.726,-3.466,-3.933,-2.651,-5.024,-3.985,-1.905,-2.881,-4.949,-4.702,-4.144,-5.749,-8.111,-5.412,-4.651,-7.793,-7.151,-5.764,-5.555,-9.269,-8.901,-7.611,-5.900,-7.892,-8.602,-5.830,-2.475,-7.207,-3.604,-1.998,-2.443,-4.923,-2.971,-3.981,-2.633,-1.551,-3.904,0.000,-0.863,-2.066,-2.155,-2.028,-2.212,-3.676,-2.820,0.000,-3.302,-4.418,-4.529,0.000,-2.156,-3.889,-1.798,-4.457,-4.890,0.000,-2.082,-3.643,-2.672,-4.576,0.000,-4.155,-3.263,-1.098,-3.669,-5.202,-3.120,-4.171,-3.524,-4.438,-3.631,-2.892,-5.845,0.000,-0.998,-3.069,-2.840,0.000
R,-9.559,-3.735,-3.604,-3.777,-3.975,-3.926,-4.250,-3.472,-3.609,-4.996,-5.076,-1.691,-4.455,0.000,0.000,-4.949,-5.018,-4.234,-3.668,0.000,-5.242,-2.408,-4.130,-4.087,-5.248,-3.989,-4.718,-2.198,-4.599,-3.851,-4.182,-3.814,-2.744,-4.446,-3.098,-3.288,-3.873,-3.835,-3.905,-3.462,-4.560,-3.011,-4.881,-4.042,-1.697,-2.661,-4.883,-3.188,-0.993,0.000,-4.503,-3.476,-3.893,-5.285,-3.849,-1.420,-4.000,0.000,-3.832,-1.955,-3.652,-4.569,-4.247,-4.244,-4.003,-2.150,-4.619,-3.292,-5.644,-2.933,-4.111,-4.593,-4.237,-1.636,-4.224,-4.996,-4.095,-4.593,-5.770,-5.001,-3.811,-4.660,-4.410,-3.858,-4.479,-3.854,-6.571,-3.925,-3.627,-4.529,-5.749,-4.302,-3.044,-4.044,-5.685,-2.527,0.000,-4.302,-5.312,-4.199,-4.881,-5.774,-4.479,-4.905,-4.952,-4.056,-4.030,-3.920,-4.325,-3.903,-4.327,-4.630,-5.318,-4.224,-4.870,-7.160,-6.049,-5.962,-5.688,-8.197,-6.117,-5.989,-4.945,-8.702,-6.747,-6.554,-6.524,-8.912,-6.728,-4.999,-6.326,-9.183,-6.428,-4.865,-6.620,-8.679,-5.959,-5.080,-4.566,-7.760,-6.310,-5.098,-5.781,-7.460,-6.494,-4.236,-4.928,-7.461,-5.323,-5.721,-4.260,-6.733,-5.973,-3.880,-4.497,-6.748,-6.459,-6.036,-6.948,-9.758,-6.766,-5.967,-8.964,-8.905,-6.575,-7.138,-10.419,-10.242,-8.717,-7.373,-9.408,-9.568,-6.583,-4.071,-8.351,-3.646,0.000,-3.964,-5.365,-3.763,-5.439,-4.123,-2.449,-4.533,-4.601,-1.851,-3.096,-2.810,-3.786,-3.979,-4.430,-3.628,-4.924,-4.148,-4.622,-5.311,-4.958,-3.189,-4.557,-3.201,-5.583,-4.464,-4.498,-3.736,-4.789,-2.585,-5.901,-4.542,-4.336,-3.648,-2.460,-4.574,-5.633,-4.124,-5.435,-4.186,-5.231,-4.914,-3.924,-5.964,-4.324,-2.250,-3.805,-3.430,-4.324
H,-10.103,-4.681,-4.265,-4.654,-4.629,-4.891,-4.736,-3.392,-4.441,-5.224,-4.541,-3.723,-5.422,-4.178,-4.924,-6.573,-6.392,-5.875,-4.881,-5.290,-6.043,0.000,-5.087,-5.049,-5.671,-4.796,-5.275,-2.857,-5.127,-4.633,-4.637,-4.364,-3.385,-5.048,-3.902,-4.048,-4.600,-4.754,-4.562,-4.197,-5.215,-3.982,-5.447,-4.887,-2.149,0.000,-5.319,-3.829,-1.900,-3.829,-5.975,-4.489,-4.717,-5.893,-5.347,-2.947,-4.471,-4.664,-5.017,-3.596,-4.553,-5.476,-5.776,-5.415,-4.655,-3.144,-5.471,-4.746,-6.303,-3.258,-4.988,-4.977,-5.133,-2.116,-4.751,-5.314,-4.713,-5.122,-5.571,-6.149,-4.608,-5.485,-4.266,-4.477,-5.264,-4.533,-6.869,-5.599,-4.545,-4.930,-6.245,-4.880,-3.706,-4.200,-6.214,-3.232,-3.906,-4.471,-6.515,-4.880,-5.652,-6.424,-5.152,-5.347,-5.902,-3.155,-4.559,-5.072,-5.574,-4.483,-4.917,-5.450,-6.053,-4.908,-5.554,-7.580,-6.973,-6.142,-5.815,-8.808,-6.952,-6.163,-5.096,-8.716,-7.501,-7.054,-6.940,-8.777,-7.475,-5.921,-5.827,-9.206,-6.897,-5.104,-6.154,-8.454,-6.213,-5.714,-4.670,-7.968,-7.464,-6.137,-6.123,-7.851,-7.697,-5.440,-5.325,-7.368,-6.184,-6.422,-5.212,-7.558,-6.452,-5.068,-5.344,-7.541,-7.386,-6.971,-7.893,-9.881,-7.817,-7.291,-8.990,-9.036,-7.149,-7.472,-10.310,-10.712,-8.649,-7.521,-8.925,-9.959,-6.789,-4.238,-8.164,-5.166,-3.589,-5.176,-5.743,-5.665,-6.219,-4.952,-3.988,-6.208,-6.406,-3.251,-4.740,-4.301,-5.034,-5.281,-5.355,-5.912,-6.001,-4.546,-4.620,-6.263,-5.992,0.000,-6.215,-3.886,-5.805,-5.266,-5.839,-5.028,-4.981,-4.163,-6.726,-5.481,-4.267,-3.934,0.000,-4.811,-6.971,-4.985,-5.937,-4.198,-5.930,-5.486,-4.578,-6.017,-5.889,0.000,-3.854,-4.381,-5.271
E,-8.725,-2.827,-2.664,-3.201,-3.400,-3.443,-3.605,-3.077,-2.690,0.000,-3.552,-0.591,-3.094,-2.830,-3.226,0.000,0.000,-4.372,-2.340,-3.902,-5.446,-2.686,-3.628,-2.677,-5.791,-3.541,-3.481,-1.464,-4.399,-3.392,-3.463,-3.462,-1.628,-3.256,-2.273,-2.721,-2.611,-2.945,-3.042,-2.761,0.000,-1.943,-4.015,-3.183,-0.720,-1.410,-4.622,-1.948,0.177,-2.354,-4.570,-2.898,-1.909,-4.226,0.000,-0.581,-2.817,-3.881,-3.416,-1.174,-2.500,-4.097,-4.238,0.000,-3.740,-1.753,-3.321,-2.975,-5.935,-1.784,-2.416,-2.926,-3.669,0.763,-2.768,-4.672,-2.315,-2.649,0.000,-5.148,-2.514,-3.623,-3.448,-2.664,0.000,-2.308,-5.957,-4.735,-2.480,-3.303,-4.425,0.000,-1.531,-1.380,-4.936,-1.190,-1.473,-3.326,-4.749,-2.433,-2.204,-4.486,-3.930,0.000,-3.878,0.000,-2.777,-2.995,-4.437,-2.938,-3.112,-3.589,-4.039,-2.435,-3.985,-5.873,-4.762,-4.501,-4.011,-6.609,-4.908,-4.952,0.000,-7.043,-5.666,-5.728,-5.367,-7.558,-5.563,-4.215,-3.910,-7.876,-4.843,-4.321,-5.074,-7.665,-4.270,-3.727,-3.042,-6.780,-5.247,-4.368,-4.486,-6.203,-5.641,-3.968,-4.765,-6.343,-4.904,-4.877,-3.953,-5.725,-5.431,-3.950,-4.510,-6.630,-6.385,-5.904,-7.701,-8.826,-6.687,-5.792,-8.718,-6.941,-6.322,-6.215,-9.077,-8.995,-6.825,-6.044,-7.930,-8.387,-4.757,-2.436,-7.241,-4.634,-1.369,-3.696,-5.985,-4.307,-4.131,-3.054,-3.041,0.000,-4.187,-2.288,-3.104,-3.445,-1.660,-2.399,-3.148,-4.396,-3.291,-2.186,-4.859,0.000,-3.649,-1.973,-4.410,-1.189,0.000,-4.636,-3.931,-2.034,-3.366,-3.110,0.000,-3.682,-4.677,-3.028,-1.517,-3.546,-6.761,-2.692,0.000,-4.006,-4.561,-3.201,-2.734,-6.207,-4.369,-1.243,-2.911,-3.631,-4.455
D,-8.858,-3.479,-2.699,-3.593,0.000,-3.775,-3.475,-2.054,-2.979,-3.155,-2.688,-1.856,-4.171,-3.228,-3.877,-4.561,-5.211,-5.902,-3.293,-4.805,-6.549,-4.109,-3.961,-3.686,-6.840,-3.892,0.000,-1.765,-4.665,-3.187,0.000,-3.374,-1.910,0.000,-1.951,-3.008,-2.735,-3.399,-3.192,-3.077,-3.380,-2.444,-4.487,-3.421,-1.176,-1.975,-4.853,-1.708,-0.331,-2.937,-4.866,-3.001,-2.584,-5.018,-4.131,-1.555,-3.407,-3.812,0.000,-2.324,-3.420,-4.396,-4.468,-4.086,-4.268,-2.670,0.000,-3.652,-6.862,-1.892,-2.576,-3.750,-5.026,0.493,-2.846,-5.953,-2.849,-3.073,-3.934,-6.208,-2.622,-4.128,-4.461,0.000,-3.383,-3.030,-6.411,-5.174,0.000,-3.884,-4.476,-3.695,-2.097,-2.065,-4.573,-1.999,-2.185,-3.795,-6.007,-2.976,0.000,-5.458,-4.508,-3.432,-4.394,-4.114,-3.167,0.000,-4.402,-3.009,-3.090,-3.430,-4.660,-2.705,-3.509,-6.239,-5.338,-4.330,-3.594,-7.166,-5.715,-4.794,-3.780,-7.665,-6.288,-6.165,-6.356,-8.132,-6.446,-4.269,-5.469,-7.850,-5.451,-4.369,-5.994,-8.274,-5.204,-4.231,-4.126,-7.178,-6.359,-5.081,-5.190,-6.578,-6.824,-4.557,-5.472,-7.008,-5.722,-5.063,-4.726,-7.366,-6.203,-3.981,-6.158,-7.835,-7.226,-5.969,-8.926,-10.337,-7.399,-5.729,-9.390,-8.568,-5.993,-6.531,-10.016,-9.754,-6.824,-6.943,-8.311,-9.545,0.000,-3.908,-7.554,-4.063,-0.566,-3.937,-6.015,-3.638,-3.521,-2.702,-2.095,-4.050,-4.460,-2.603,-3.424,-5.048,-1.856,-2.909,-3.970,-6.566,-3.546,-2.896,-5.394,-4.586,-4.382,-2.322,-5.667,-1.819,-4.188,-6.020,-4.956,-3.368,-4.391,-4.446,-4.141,-4.431,-5.036,-3.771,-2.301,-4.308,-7.354,-3.060,-4.092,-5.272,-6.019,-3.694,-3.511,-7.361,-5.639,-2.229,-3.847,-4.447,-5.133
N,-9.040,-3.031,-2.732,-3.376,-3.486,-3.501,-3.259,-1.812,-3.303,-3.484,0.000,-2.272,-4.401,-3.163,-3.953,-4.933,-5.470,-5.197,0.000,-4.109,-5.869,-2.968,-3.481,-4.039,-5.942,-3.397,-3.635,-1.838,-4.523,-3.135,-3.470,-3.545,-2.218,-3.840,-2.175,-3.082,0.000,-3.910,-3.439,-2.973,-3.921,-2.935,-4.590,0.000,-1.299,-2.444,-4.890,-2.185,-0.442,-3.340,-4.892,-3.214,-3.531,-5.205,-4.014,-1.505,-3.515,-4.004,-3.493,-2.426,-3.529,-4.349,-4.664,-4.151,0.000,-2.201,-4.069,-3.282,-6.316,-1.891,-3.091,-3.497,-4.508,-0.352,-3.382,-5.044,-3.328,-3.609,-4.645,-5.242,-2.928,-4.522,-3.712,-3.334,-3.759,-3.505,-6.075,-4.488,-2.862,-4.116,-4.701,-3.571,-2.164,-3.408,-4.974,-1.482,-2.460,-4.103,-5.672,-3.081,-4.193,-5.517,-4.317,-3.675,-4.285,-2.923,-3.220,-3.380,-3.984,-2.867,-3.165,-3.491,-4.499,-2.933,-3.378,-5.813,-5.108,-4.440,-4.082,-6.723,-5.394,-4.696,-3.408,-6.910,-5.705,-5.787,-5.741,-7.315,-5.797,-4.111,-4.859,-7.382,-5.015,-3.592,-4.955,-7.640,-4.587,-4.097,0.000,-6.391,-5.408,-4.488,-4.439,-5.941,-5.749,0.000,-3.758,-5.957,-4.332,-4.323,-3.493,-6.020,-4.959,-2.497,-5.051,-6.412,-5.868,-4.834,-6.956,-9.359,-6.080,-4.840,-8.391,-7.965,-4.882,-6.004,-8.877,-9.669,-6.534,-6.341,-7.348,-8.405,-5.038,-3.149,-6.799,-3.783,-0.938,-3.278,-5.567,-3.594,-3.645,-3.024,-2.354,-4.753,-4.437,-2.049,-3.138,-3.943,-2.371,-2.689,-4.263,-5.164,-4.002,-3.348,-3.731,-4.760,-4.098,-2.525,-5.354,-1.873,-4.776,-5.135,-4.657,-3.199,-4.032,-3.789,-5.105,-4.350,-3.991,0.000,-2.066,-4.440,-6.347,-3.123,-4.437,-4.346,-5.193,0.000,-3.549,-6.164,-4.071,-1.350,-3.378,-3.381,-4.268
Q,-9.277,-3.643,0.000,-3.665,-3.804,-3.947,-4.059,-3.277,-3.178,-4.522,-4.595,-1.143,-3.825,-3.233,-3.333,-4.324,-4.804,-4.651,-3.399,-3.711,-5.251,-2.845,0.000,0.000,-5.426,-3.639,-3.874,-2.008,-4.413,-3.677,-3.782,-3.963,-2.220,-4.258,-3.068,-3.148,-3.454,-3.732,-3.399,-3.269,-4.147,-2.625,-4.628,-3.727,-1.482,-2.233,-5.133,-2.516,-0.569,-2.917,-4.756,-3.381,-3.323,-5.360,-3.631,-1.455,-3.413,-4.165,-3.615,-1.587,-3.274,-4.847,-4.091,-4.142,-3.731,-2.126,-3.953,-3.642,-6.056,-2.329,0.000,-3.932,-3.918,-0.573,-3.585,-4.695,0.000,-3.467,-4.684,-4.564,0.000,-4.052,-3.612,-3.296,-3.624,-3.153,-6.272,-4.562,-3.022,-3.965,-5.151,-4.031,-2.303,-3.112,-5.583,-1.498,-1.943,-3.667,-5.175,0.000,-3.727,-5.138,-3.975,-3.853,-4.567,-3.450,-3.294,-3.683,-4.661,-3.086,-3.900,-4.281,-4.607,0.000,-4.060,-6.825,-5.080,-5.015,-4.954,-7.354,-5.188,-5.241,-3.866,-7.335,-5.660,-6.002,-5.475,-7.643,-5.739,-4.423,-4.669,-8.029,-5.085,-4.199,-5.058,-8.160,-4.443,-4.359,-3.070,-7.010,-5.284,-4.260,-4.360,-6.374,-5.669,-3.716,-3.882,-6.452,-4.692,-4.846,-3.401,-6.233,-5.098,0.000,-4.047,-6.502,-5.998,-5.450,-6.967,-9.270,-6.031,-5.654,-8.693,-7.555,-6.326,-5.910,-9.311,-9.735,-7.364,-6.129,-8.243,-8.802,-6.083,-3.231,-7.274,-4.894,-2.115,-4.142,-5.810,-4.200,-5.086,-4.146,-2.717,-4.608,-4.728,-2.533,0.000,-3.221,0.000,-3.565,-3.679,-3.967,-4.418,-3.480,-4.281,-4.394,-4.076,-2.309,-4.448,-2.342,-4.681,-4.603,-4.119,-2.800,-3.971,-3.002,-4.787,-4.002,-4.171,-3.106,-1.082,-3.927,-6.105,-2.863,-4.229,-3.927,-4.905,-4.046,-3.236,-5.963,-4.260,-1.468,0.000,-3.589,-4.350
T,-8.433,-2.982,-2.989,-3.576,-3.696,-3.664,-3.707,-2.386,-3.466,-4.051,-4.175,-2.483,-4.410,-2.895,-3.720,-5.405,-5.474,-4.813,-4.010,-4.551,-5.630,-3.120,-4.147,-4.094,-4.618,-3.838,-4.034,-1.858,-4.462,-3.928,-3.824,-3.769,-2.395,-3.820,-2.697,0.000,-3.557,-3.767,-3.688,0.000,-4.087,-2.919,-4.280,-3.864,-1.440,-2.435,-4.653,-2.990,-0.799,-2.725,-5.077,-3.730,-3.824,-5.201,-4.205,-1.793,-3.813,-3.653,-4.142,-2.629,0.000,-3.859,-4.865,-4.670,-3.731,-1.948,-4.717,-3.830,-4.800,-2.741,-3.678,-4.074,-3.698,-0.953,-3.771,-3.673,-3.958,-3.741,-5.283,-4.605,-3.507,-4.545,-3.415,-3.795,-4.010,-3.525,-5.435,-4.572,-3.138,-4.220,-4.982,-3.276,-2.651,0.000,-4.938,-2.196,-2.723,-3.592,-5.358,-3.728,-4.244,-5.186,-4.096,-3.825,-4.441,-2.822,0.000,-3.546,-3.959,-3.309,-3.242,-3.078,-3.404,-2.435,-2.711,-4.048,-3.352,-3.796,-3.096,-3.506,-3.081,-3.302,0.068,-4.201,0.000,-3.238,-4.114,-4.519,-3.138,-3.455,-3.582,-4.919,-3.228,-2.818,-3.729,-4.533,-2.896,-3.464,-1.884,-4.410,0.000,0.000,-3.222,-4.285,-3.227,-2.054,-2.025,-4.049,-2.819,0.000,-2.447,-3.279,-3.245,-1.353,-2.986,-5.142,-3.339,-3.259,-3.997,-4.814,-3.788,-3.327,-5.181,-4.947,-2.942,-4.221,-5.643,-4.908,-4.764,-4.224,-4.827,-4.821,-4.609,-2.395,-4.401,-3.313,-1.676,-4.040,-4.315,-2.841,-4.857,-4.270,-3.356,-5.214,-5.395,0.000,-3.478,-4.146,-3.854,-3.835,-3.990,-4.845,-4.700,-3.833,-2.580,-6.047,-4.856,-2.181,-4.884,-2.803,-5.245,-3.958,-5.094,-3.465,-4.218,-3.275,-5.339,-4.732,-3.636,-3.791,-2.264,-4.123,-5.291,0.000,-4.691,-3.550,-4.818,-4.410,0.000,-4.783,-4.896,-1.884,-3.351,-3.104,-4.795
S,-8.545,-2.398,-2.737,0.000,-3.308,-3.383,-3.542,-2.219,-3.028,-3.959,-3.897,-2.352,-4.126,-3.261,-3.631,-5.082,-5.555,-4.939,-4.032,-4.131,-5.664,-2.780,-3.968,-3.863,-4.852,-3.412,-3.569,-1.456,-4.109,0.000,-3.223,0.000,-2.006,-3.375,-2.028,-2.830,-3.134,-3.543,-3.432,-2.970,-3.554,-2.597,-4.279,-3.353,-1.163,-2.040,-4.616,-2.405,-0.332,-2.669,-4.987,-3.138,0.000,-4.819,-3.936,-1.231,-3.594,-3.737,-3.802,-2.256,-3.281,-3.839,-4.354,-4.127,-3.603,-1.954,-4.269,-3.321,-5.189,-2.412,-3.053,-3.373,-3.503,-0.656,-3.251,-4.188,-3.528,-3.411,-4.577,-4.618,-3.330,-4.104,-3.430,-3.170,-3.880,-3.174,-5.898,-4.314,-3.110,-4.013,-5.095,-3.273,-2.300,-3.021,-4.783,-2.073,-2.186,-3.514,-5.301,-3.283,-3.818,-4.978,-3.620,-3.690,-4.097,-2.667,-2.996,-3.154,-3.937,-2.635,-2.496,-3.592,-3.866,-1.941,-2.568,-4.214,-3.167,0.000,-2.957,-3.512,-2.829,-3.181,-0.266,-4.252,-3.112,0.000,-4.304,-4.696,0.000,-2.991,-3.543,-5.260,-2.995,-2.390,-3.787,-4.831,-3.138,0.000,-1.810,-4.498,-3.714,-3.345,-3.258,-4.728,-3.654,-1.783,-2.299,-4.335,-2.461,-3.142,-2.553,-3.289,-3.008,-1.278,-3.270,-4.746,-3.612,0.000,-4.781,-5.525,-4.016,0.000,-5.948,-4.862,-2.979,-4.314,-5.825,-6.115,-4.381,-4.833,-4.728,-5.297,-3.999,-1.809,-4.910,-3.123,-0.862,-3.181,-4.612,-2.873,-3.765,-2.955,-2.353,-4.900,-4.741,-2.067,-3.357,-4.478,-3.432,-3.318,-4.242,-5.193,-4.182,0.000,-3.063,-5.960,-4.416,-1.854,-4.536,-2.204,-4.666,-4.339,-4.839,0.000,-4.116,0.000,-5.235,-4.242,-4.020,-3.416,-1.880,-4.012,-5.797,-3.359,-4.245,-3.735,-4.899,-4.073,-3.332,-5.456,-4.783,-1.361,-3.208,-3.156,-3.954
C,-10.374,-5.301,-4.685,-5.260,-5.503,-5.447,-5.676,-4.652,-5.306,-6.492,-5.827,-4.478,-7.111,-5.213,-5.544,-8.126,-7.729,-5.291,-6.002,-6.678,-6.030,-4.001,-6.496,-6.039,-5.282,-5.048,-6.417,0.000,-5.180,-5.674,-5.676,-5.014,-4.373,-6.014,-4.557,-4.670,-5.617,-5.504,-5.353,-4.707,-6.295,-4.737,-5.480,-5.329,-3.746,-4.038,-5.313,-4.959,0.000,-3.798,-6.059,-5.790,-5.644,-6.156,-5.295,-4.347,-5.445,-4.848,-5.675,-4.968,-4.664,-6.113,-6.941,-7.279,-4.902,0.000,-7.303,-5.694,-5.651,-4.677,-6.546,-5.641,-4.716,-3.731,-5.844,-5.191,-5.685,-6.580,-6.977,-5.256,-5.901,-6.848,-4.570,-5.250,-6.591,-5.948,-6.477,-6.114,-6.211,-6.105,-6.633,-5.711,-5.755,-5.862,-6.748,-5.202,-5.521,-5.272,-6.698,-5.808,-7.630,-6.999,-5.462,-6.372,-7.150,-4.238,-5.896,-7.303,-6.839,-6.478,-6.816,-6.945,-6.376,-5.235,-6.538,-5.970,-5.687,-6.617,-6.291,-5.860,-5.693,-6.829,-3.339,-6.989,-6.222,-6.394,-7.598,-7.048,-5.951,-7.401,-6.889,-7.620,-6.745,-5.704,-6.910,-7.589,-6.301,-7.541,-5.422,-7.812,-7.390,-7.795,-7.541,-7.848,-7.159,-6.388,-6.062,-6.679,-6.026,-7.628,-6.826,-5.777,-6.851,-5.885,-6.853,-7.779,-6.996,-7.294,-7.007,-7.527,-7.097,-7.205,-7.766,-7.537,-5.181,-7.334,-6.835,-7.186,-6.694,-7.696,-6.079,-6.953,-7.364,-4.736,-6.712,-5.031,-4.204,-6.298,-6.038,-5.568,-6.947,-6.348,-5.083,-8.605,-8.388,-5.461,-6.204,-5.913,-7.707,-7.446,-6.103,-6.603,-8.035,-6.043,-3.416,-8.491,-8.059,-3.556,-5.824,-5.639,-7.613,-4.854,-6.919,-6.684,-5.715,-4.040,-8.530,-6.990,-4.549,-5.365,-5.197,-5.739,-5.746,-6.277,-7.553,-4.497,-6.139,-7.451,-5.478,-5.392,-6.732,-4.664,-4.617,-4.275,-6.005
G,-8.545,-3.575,-3.538,-4.033,-3.767,-4.137,-4.443,-4.209,-3.662,-4.870,-5.075,-3.512,-5.132,-4.494,-5.043,-6.167,-6.790,-5.882,-5.111,-5.561,-7.064,-3.529,-4.876,-4.966,-5.621,-4.744,-4.519,-2.183,-3.915,-3.738,-4.014,-3.467,-2.496,-4.123,-3.034,-3.313,-3.460,-4.509,-4.117,-3.595,-4.203,-3.572,-4.847,-3.806,-2.030,-2.865,-5.262,0.000,-1.087,-3.501,-5.719,-4.157,-4.112,-4.907,-4.449,-1.999,-4.483,-4.171,-4.570,0.000,-4.052,-4.447,-4.975,-5.032,-4.197,-2.651,-4.966,-4.235,-6.138,-3.183,-3.852,-4.043,-4.240,-0.853,-4.019,-4.982,-3.930,-4.084,-5.362,-5.684,-3.863,-4.994,-4.729,-4.192,-5.020,-4.266,-6.901,-5.322,-4.228,-5.122,-5.511,-4.325,-3.124,-3.816,-6.128,-3.247,-3.039,-4.649,-6.213,-3.828,-4.520,-6.056,-4.339,-3.963,-4.685,-3.439,-3.079,-3.503,-4.582,-3.397,-2.799,-3.887,-3.958,-1.997,-2.191,-3.643,-3.110,-3.073,-2.467,-2.741,-2.737,0.000,0.606,-3.590,-2.896,-3.025,-3.989,-3.937,-3.307,-3.497,-3.560,-4.072,-2.713,-2.578,-4.248,-4.286,0.000,-3.264,-1.785,-4.739,-3.494,-3.564,0.000,-4.477,-3.460,-1.958,-1.991,-3.490,-2.129,-2.997,-2.636,-1.418,-2.788,-1.205,-3.385,0.000,-3.382,-3.050,-4.814,-4.350,0.000,-2.782,-4.564,0.000,-0.542,-3.806,-4.435,-5.014,0.000,-4.768,0.000,-4.434,-3.140,-2.007,-3.446,-3.096,-0.567,-3.284,-3.791,-3.515,0.000,-3.350,-3.119,-5.546,-5.384,-2.786,-3.934,-5.353,-4.280,-4.198,-5.606,-6.298,-5.348,-3.787,-3.800,-6.515,-5.538,-3.040,-5.999,-3.187,-5.683,-5.536,-6.020,-4.637,-5.856,-4.812,-6.045,-5.260,-5.226,-4.389,-3.423,-5.334,-7.106,-4.209,-5.357,-4.598,-6.217,-5.056,-4.644,-6.621,-5.995,-2.361,-4.286,-3.862,-4.816
A,-8.704,0.000,-3.088,-3.633,-3.873,-3.903,-4.374,-3.188,-3.374,-4.487,-3.944,-1.871,-3.906,-2.812,-3.538,-4.026,-4.573,-3.305,-3.675,-3.779,-4.369,-2.943,-4.345,-3.867,-3.646,-4.018,-3.999,-1.608,-4.045,-3.928,-3.937,-3.737,-2.500,-3.966,-2.730,-3.193,-3.574,-3.667,-3.150,-3.357,-4.209,-2.649,-3.801,-3.667,-1.772,-2.031,-4.254,-2.879,-0.791,-2.010,-4.742,0.000,-3.142,-3.974,-3.576,-1.149,-2.783,-3.439,-3.576,-1.883,-2.320,-4.298,-4.565,-3.991,-3.278,-1.892,-4.441,-2.881,-4.055,-3.071,-3.318,0.000,-3.308,-1.017,-3.173,-3.313,-3.958,-3.646,-4.416,-3.937,-3.481,-4.051,-2.585,-3.612,-4.238,0.000,-4.836,-4.468,-3.239,-3.964,-4.953,-3.658,-2.543,-2.758,-4.857,-2.380,-2.338,-2.819,-4.780,-3.481,-3.685,-3.907,-3.394,-3.628,-4.417,-2.448,-3.084,-3.531,-4.120,-3.199,0.000,-3.544,-2.949,-2.331,-2.961,-3.623,-2.849,-3.581,-2.838,-2.614,-2.479,-3.251,0.565,0.000,-2.679,-2.725,0.000,0.000,-2.852,0.000,-2.742,0.000,-2.748,-2.379,-3.153,-3.286,-2.591,-3.355,-1.105,-3.458,-2.837,-3.297,-2.900,-3.705,-2.723,-2.095,-1.993,-3.342,-2.570,-3.584,-2.915,-2.514,0.000,-2.035,-2.706,-4.592,0.000,-3.353,-2.791,-3.397,-3.480,-3.126,-3.222,-3.655,-1.919,0.000,-3.394,-3.419,-4.079,-3.390,-3.388,-4.056,-4.052,-1.213,-3.418,-3.542,-1.925,0.000,-4.064,-3.545,-4.445,0.000,-3.254,-5.022,-5.152,-2.476,-2.459,-3.820,-3.321,0.000,0.000,-5.095,-3.848,-2.564,-1.779,-6.534,-4.284,-0.893,-4.539,-1.985,-4.496,-2.927,-5.278,-2.896,0.000,-3.325,-5.209,-4.104,-2.709,-3.777,-1.918,0.000,-4.810,-3.929,-4.751,-2.419,-4.478,-4.402,-3.237,-4.039,-5.452,-1.578,-2.838,-3.017,-4.101
V,-8.784,-3.851,-2.956,-3.485,-3.923,-3.789,-3.873,-3.083,-3.584,-4.346,-4.001,-2.198,-4.586,-2.926,-3.284,-5.536,-5.491,0.000,-3.904,-5.009,-5.099,-3.242,-5.448,-4.569,-4.052,-3.747,-4.926,-2.219,-3.954,-4.378,-4.412,-4.113,-2.497,-4.152,0.000,-3.438,-4.024,-4.282,-3.849,-3.388,-5.057,0.000,-3.900,-4.243,-2.350,-2.514,-3.994,-3.658,-1.483,-2.319,-4.280,-4.466,-3.987,-4.350,-3.892,-2.450,-3.460,-3.204,-4.144,-3.168,-2.790,-4.124,-5.241,-5.619,-4.033,-2.432,-5.584,-3.984,-3.889,-3.474,-4.992,-4.943,-3.751,-1.899,-4.268,-3.827,-4.145,-4.613,-5.683,-4.022,-3.694,-4.859,0.000,-3.845,-4.478,-3.752,-4.323,-4.379,-3.818,-4.259,-4.178,-3.309,-3.386,-2.950,-4.108,-2.887,-3.477,-3.547,-4.487,-3.961,-4.570,-4.422,-3.436,-3.151,-4.710,-2.693,-3.222,-3.879,-4.384,-3.641,-4.295,-3.666,0.000,-3.236,-3.979,0.000,-3.228,-4.534,0.000,-2.809,-3.148,-3.550,0.819,-3.599,-3.256,-2.953,-3.566,-3.566,-2.928,-4.140,0.000,-3.627,0.000,-3.176,-3.551,0.000,-2.534,-3.897,-2.003,0.000,-3.333,-4.150,-3.765,-3.638,-3.254,-3.443,-2.806,-2.978,0.000,-4.610,0.000,-3.039,-4.375,-3.006,-3.280,-5.059,-3.680,-3.869,-2.967,-3.265,-3.487,-4.000,-3.272,-4.169,0.000,-4.053,0.000,-3.074,-4.670,-2.833,-3.263,-3.799,-4.833,-2.048,-3.524,0.000,-3.097,-4.396,-3.515,-3.205,-5.595,-4.708,0.000,-5.854,-6.466,-4.176,-3.621,-4.270,-5.056,-5.109,-3.719,-4.278,-5.617,-4.075,-1.871,-6.918,-6.090,-1.816,-3.918,0.000,-5.448,-2.994,-5.287,-3.996,-3.862,-2.520,-5.834,-5.081,-3.079,-3.875,-3.153,-4.038,-3.916,-4.387,-5.784,0.000,-4.010,-5.889,-4.017,0.000,-5.273,-2.786,-3.171,-2.471,-4.245
L,-7.771,-3.566,-2.147,-2.505,-3.250,-3.125,0.000,-2.272,-2.841,-3.477,-3.021,-1.503,-4.306,-1.941,-2.478,-5.114,-4.647,-2.157,-3.026,-4.339,0.000,-2.793,-4.794,-3.956,0.000,0.000,-4.561,-1.723,0.000,-4.188,-4.019,-3.735,-2.497,-4.136,-2.665,-2.911,-3.934,-3.814,0.000,-2.914,-4.802,-2.746,0.000,-3.707,-2.035,-2.235,0.000,-3.237,-1.096,-1.769,0.000,-3.945,-3.444,-3.097,-3.394,-2.123,-2.744,-2.584,-3.329,-2.365,-1.963,-3.631,-4.977,-5.250,-3.663,-2.302,-4.959,0.000,-3.194,-3.214,-4.606,-4.661,-3.321,-1.724,-3.770,-3.087,-4.201,-4.475,-5.414,0.000,-3.569,-4.634,-2.699,-3.503,-4.178,-3.381,0.000,-3.658,-3.594,-4.318,0.000,-2.458,-3.096,-2.744,0.000,-2.153,-2.907,-2.894,0.000,-3.563,-4.200,-2.992,-3.047,-2.864,-4.034,-2.093,-2.689,-3.472,-3.934,-3.063,-3.917,-2.896,-3.363,-3.096,-3.948,-3.858,-3.217,-4.495,-3.632,-3.149,0.000,-3.803,0.292,-3.860,-3.357,-2.893,-3.954,-3.545,-3.162,-4.170,-3.309,-3.630,-3.500,-3.332,0.000,-2.959,-2.892,-3.865,-1.989,-2.919,-3.505,-4.290,-3.752,-3.493,-3.476,-3.798,-2.991,0.000,-3.508,-4.925,-3.494,0.000,-4.605,-3.699,-3.662,-5.530,-3.917,-4.408,0.000,0.000,-4.068,-4.350,-3.758,-4.425,-1.878,-4.171,-3.423,0.000,-4.810,0.000,-3.622,-4.413,-4.929,-1.696,-3.719,-4.210,-2.693,-4.268,-4.609,0.000,-5.377,-4.638,-3.798,-5.947,-6.179,-4.201,-4.161,0.000,-5.120,-5.090,-3.208,-4.055,-5.879,-3.723,-1.451,-6.645,-5.900,-1.761,0.000,-3.340,-5.092,-1.994,-5.027,-4.012,-2.994,-2.185,-5.844,-4.895,-2.536,-3.407,-2.720,-3.470,-3.282,-4.073,-5.510,-2.521,-3.457,-5.440,-3.293,-2.411,-4.523,-2.493,-2.059,-1.244,-4.239
I,-7.714,-3.489,-2.366,-2.721,-3.534,-3.244,-3.322,-2.500,-3.230,-3.960,-3.539,-1.680,-4.552,-2.541,-2.735,-5.200,-5.118,-2.480,-3.251,-4.839,-4.187,-3.002,-5.159,-4.295,-3.787,-3.530,-4.988,-2.023,-3.712,-4.348,-4.366,-3.947,-2.426,-4.269,-3.110,-3.208,-4.201,-4.281,-3.664,-2.946,-5.216,-3.109,-3.522,-4.147,-2.081,-2.505,-3.400,-3.607,-1.333,-1.937,-3.290,-4.297,-3.758,0.000,-3.465,-2.233,-3.056,-2.578,-3.502,-2.624,-1.986,0.000,-5.118,-5.587,-3.692,-1.960,-5.717,-3.745,0.000,0.000,-5.174,-4.948,0.000,-2.107,-4.404,0.000,-3.882,-4.753,-5.656,-3.299,-3.447,-4.925,-2.703,-3.481,-4.159,-3.529,-3.517,-3.817,-3.655,-4.175,-3.306,-2.668,-3.342,-2.693,-3.394,-2.356,-3.275,-3.127,-3.597,-3.693,-4.532,0.000,-2.995,-2.627,-4.108,-2.483,-2.612,-3.616,-4.029,0.000,-4.321,0.000,-3.111,-3.330,-3.966,-3.186,0.000,-4.927,-3.440,0.000,-3.509,-3.728,0.722,-3.879,-3.322,-2.972,-3.619,-3.676,-2.908,-4.362,-3.389,-3.756,-3.469,-3.552,-3.923,-3.151,-2.635,-3.846,-2.414,-3.008,-3.312,-4.345,-4.126,0.000,0.000,-3.958,-3.140,-3.154,-3.584,-5.185,-3.403,-3.290,-4.867,-3.504,0.000,-5.394,-3.792,-4.307,-3.221,-3.417,-3.627,-4.374,0.000,-4.704,-1.732,-4.252,-3.650,-2.795,-5.080,-2.564,-3.527,0.000,-5.321,-2.474,0.000,-3.384,-3.527,-4.562,0.000,-3.273,-5.697,-4.720,-2.745,-5.920,-6.361,-3.934,-3.440,-3.932,-5.183,-5.177,-3.135,0.000,-6.028,-4.019,-1.517,-6.601,-6.277,-1.891,-3.242,-3.476,-5.562,-2.431,-4.924,-4.011,-3.305,-2.188,-5.825,-5.066,-2.854,-3.428,-3.083,-3.894,0.000,-4.194,-5.847,-3.059,0.000,-5.862,-3.548,-2.414,-4.552,-2.744,-2.702,-1.841,-4.283
M,0.000,-4.956,-4.031,-4.696,-5.259,-5.123,-5.557,-4.119,-4.864,-5.511,-5.009,-3.445,-6.103,-4.201,-4.370,-6.621,-6.405,-4.478,-4.858,-6.251,-6.186,-4.307,-6.081,-5.282,-5.036,-4.691,-6.036,-3.446,-5.206,-5.508,-5.548,-5.234,-3.970,-5.560,-4.458,-4.492,-5.238,-5.128,-4.766,-4.513,-5.862,-4.232,-4.869,-4.985,0.000,-3.517,-5.101,-4.451,-2.042,-3.176,-5.267,-5.250,-4.857,-5.253,-4.796,0.000,-4.129,-4.410,-4.841,-3.916,-3.813,-5.628,-6.421,-6.466,-5.203,-3.691,-6.482,-5.348,-5.022,-4.681,-6.012,-6.170,-4.896,0.000,-5.474,-4.685,-5.517,-5.804,-7.005,-4.938,-5.090,-6.137,-4.587,-5.152,-5.955,-4.773,-5.685,-5.389,-5.102,-5.688,-5.546,-4.188,-4.461,-4.272,-6.010,-3.598,-4.620,-4.493,-5.257,-4.980,-5.750,-5.482,-4.773,-4.871,-5.674,-3.891,-4.335,-5.188,-5.640,-4.427,-5.529,-4.631,-4.916,-4.540,-4.856,-5.770,-4.949,-5.834,-5.364,-5.537,-5.118,-5.471,-1.966,-6.135,-5.364,-5.067,-5.754,-5.829,-5.076,-5.687,-4.785,-5.904,-5.039,-4.485,-4.664,-5.299,-4.541,-5.258,-3.353,-5.329,-5.353,-5.750,-4.998,-5.322,-5.034,-4.906,-4.197,-5.412,-5.006,-5.837,-4.712,-5.412,-6.014,-4.362,-5.181,-7.481,-5.694,-5.300,-5.758,-6.467,-5.756,-5.536,-6.315,-6.998,-3.809,-5.447,-6.456,-6.618,-6.361,-4.886,-6.318,-6.618,-6.228,0.000,-5.837,-5.254,-3.436,-5.068,-5.965,-3.669,-6.303,-5.452,-4.004,-6.708,-6.867,-4.376,-4.918,-4.803,-5.831,-5.838,-4.746,-5.338,-7.033,-5.315,-2.952,-7.458,-6.760,-3.302,-4.616,-4.545,-6.599,-3.833,-6.151,-5.177,-5.011,-3.446,-6.925,-6.063,-4.282,-5.109,-4.218,-5.344,-4.867,-5.197,-6.586,-4.423,-5.126,-6.546,-4.901,-4.636,-5.949,-3.526,-4.073,0.000,-5.698
P,-9.219,-3.225,-4.020,-3.889,-3.928,-3.720,-4.232,-2.737,0.000,-4.735,-5.133,0.000,-5.365,-4.987,-4.493,-6.898,-7.761,-7.790,-7.042,-6.483,-9.130,-6.003,-6.281,-6.063,-8.118,-5.964,-5.192,-3.329,-5.201,-3.696,-4.092,-3.754,-2.641,-4.101,-3.497,-3.525,-3.786,-4.671,-4.534,-3.707,-5.061,-4.223,-5.972,-4.461,-3.038,-2.929,-6.120,-3.643,-1.218,-4.782,-6.386,-5.282,-5.110,-5.649,-5.240,-3.506,-5.808,-4.634,-5.260,-4.397,-5.078,-4.957,-5.514,-6.159,-6.269,-3.172,-5.988,-5.151,-8.216,-4.590,-4.748,-5.932,-6.776,-2.250,-3.959,-7.409,-4.985,-5.383,-6.737,-7.428,-3.950,-5.347,-6.418,-5.025,-5.609,-5.374,-8.123,-5.575,-5.532,-6.653,-6.403,-4.276,0.000,-4.557,-6.295,-4.187,-3.350,-5.822,-6.335,-4.710,-5.310,-6.112,-4.838,-4.240,-5.064,-3.824,-3.302,-4.481,-4.614,-3.860,-3.884,-4.952,-4.809,-3.476,-4.040,-6.489,-5.016,-3.667,-4.376,-5.670,-4.811,-3.835,-1.551,-6.346,-5.217,-4.870,-5.990,-7.042,-4.980,-5.246,-5.980,-7.275,-5.427,-4.023,-7.285,-7.317,-5.274,-4.974,-3.526,-5.532,-6.070,-5.087,-4.583,-6.196,-5.698,-2.923,-3.366,-6.291,-3.623,-2.330,-3.315,-5.213,-2.704,-1.513,-5.145,-5.363,-3.757,-3.563,-5.816,-6.989,-3.952,-3.563,-6.560,-4.010,-4.320,-4.354,-7.495,-7.556,-5.858,-6.100,-5.117,-6.965,-3.974,-1.772,-6.163,-4.240,0.112,-3.165,-3.948,-3.745,-1.237,-3.331,-3.850,-6.225,-6.203,-3.180,-5.297,-7.065,-3.839,-4.942,-7.498,-8.037,-6.272,-5.626,-7.673,-8.427,-5.900,-4.460,-8.220,-4.780,-6.399,-8.135,-8.157,-5.152,-7.493,-6.708,-7.587,-5.691,-7.392,-5.829,-3.979,-6.516,-8.771,-5.834,-5.625,-7.043,-8.168,-6.854,-6.354,-7.000,-6.752,-3.899,-4.717,-4.305,-5.152
Y,-9.675,-4.643,-3.234,-3.465,-3.937,-3.602,-3.654,0.000,-3.814,-4.461,-3.795,-3.531,-5.196,-3.203,-3.924,-6.894,-5.851,-3.879,-4.651,-5.753,-4.972,-3.059,-5.713,-5.057,-4.031,-4.667,-5.713,-2.624,-4.436,-4.749,-4.564,-3.707,-3.536,-4.576,-3.343,-3.750,-4.798,-4.466,-4.062,-4.043,-5.294,-3.529,-4.429,-4.978,-2.004,-3.039,-3.912,-4.171,-1.658,-2.865,-5.357,-4.585,-4.130,-4.192,-4.891,-3.150,-3.740,-3.779,-4.648,-4.014,-3.258,-4.742,-5.933,-6.062,-4.400,-3.111,-6.271,-4.723,-4.347,-3.837,-5.864,-5.504,-4.713,-3.006,-5.373,-4.425,-5.241,-5.945,-6.262,-4.914,-5.016,-6.146,-4.156,-4.266,-5.608,-4.091,-5.055,-4.876,-5.215,-5.012,-5.301,-3.929,-4.117,-3.415,-5.240,0.000,-4.241,-4.122,-5.323,-5.074,-5.585,-5.062,-4.624,-4.215,-5.395,-2.175,-4.202,-5.162,-5.277,-4.424,-4.897,-5.042,-4.578,-4.701,-5.633,-6.340,-5.878,-5.500,-4.953,-7.560,-6.014,-5.494,-2.916,-7.356,-6.124,-5.306,-5.436,-6.988,-5.905,-5.013,-4.251,-7.315,-5.453,-3.919,-4.809,-5.879,-5.166,-4.878,-3.802,-6.617,-6.084,-6.061,-5.342,-6.810,-6.443,-5.533,-4.943,-6.217,-6.001,-6.836,-5.183,-6.353,-6.705,-4.865,-5.355,-8.300,-6.391,-6.159,-6.814,-8.526,-6.680,-6.236,-7.974,-8.424,-5.174,-5.552,-9.104,-9.159,-7.535,-5.431,-7.975,-8.037,-4.971,-2.062,-7.433,-4.378,-3.768,-4.523,-4.630,-4.445,-6.508,-4.982,-3.508,-6.792,-6.950,-3.826,-5.146,-4.546,-6.369,-6.021,-5.226,-5.828,-7.365,-4.644,0.000,-7.263,-7.227,-2.984,-5.457,-4.985,-6.342,-3.819,-6.310,-6.030,-4.638,-3.518,-7.434,-6.148,0.000,-4.216,-4.634,-4.734,-5.057,-5.516,-6.671,-3.557,-4.989,-6.486,-4.363,-4.080,-5.765,-3.978,-3.368,-3.364,-5.594
F,-8.997,-4.453,-2.824,-3.238,-3.998,0.000,-3.676,-3.101,-3.591,-4.237,-4.036,-3.554,-5.449,-3.305,-3.765,-7.088,-5.971,-3.609,-4.892,-6.013,-5.228,-3.599,-6.171,-5.501,-4.398,-4.646,-5.968,-2.856,-4.251,-4.981,-4.894,-4.292,0.000,-4.901,-3.290,-3.769,-5.002,-4.751,-4.295,-3.838,-5.712,-3.838,-4.239,-4.772,-2.664,-3.372,-4.022,-4.450,-2.159,-3.043,-5.093,-4.938,-4.445,-4.152,-4.517,-3.365,-3.633,-3.900,-4.810,-4.130,-2.962,-4.592,-6.122,-6.495,-4.681,-3.250,-6.475,-4.810,-3.771,-4.368,-6.124,-6.018,-4.550,-3.503,-5.493,-3.955,-5.483,-6.114,-6.936,-4.499,-5.013,-6.304,-3.621,-4.670,-5.617,-4.273,-4.200,-4.320,-5.379,-5.369,-4.727,-3.718,-4.368,-3.860,-4.446,-3.600,-3.854,-4.096,-5.084,-4.777,-5.514,-4.191,-3.975,-2.941,-5.087,-2.863,-3.128,-4.138,-4.629,-3.978,-4.367,-4.134,-4.366,-4.129,-4.670,-5.050,-4.344,-5.401,-4.168,-4.701,-4.671,-4.907,-0.927,-5.407,-4.587,-4.293,-5.155,-5.102,-4.615,-5.195,-4.163,-5.156,-4.678,-4.002,-4.629,-3.800,-3.835,-4.848,-3.165,-4.192,-4.574,-5.430,-4.235,-4.677,-4.568,-4.813,-3.882,-4.694,-4.311,-5.991,-4.494,-4.317,-5.787,-4.530,-4.833,-6.473,-5.051,-5.014,-5.237,-5.045,-5.304,-5.375,-5.385,-5.915,-3.159,-4.527,-5.648,-5.515,-5.776,-4.181,-5.303,-5.977,-5.210,-1.890,-5.786,-4.976,-3.465,-4.221,-5.163,-3.220,-5.988,-4.797,-4.052,-6.907,-7.758,-4.513,-5.271,-5.387,-7.109,-6.856,-5.122,-6.446,-7.978,-5.075,-3.015,-8.231,-7.869,-3.338,-5.309,-5.283,-6.661,0.000,-6.575,-6.438,-4.676,-3.653,-7.642,-6.475,-3.793,-4.407,-4.757,-4.782,-4.712,-5.650,-7.082,-3.656,-5.070,-6.963,-4.346,-4.017,-5.996,-4.259,-3.443,-3.172,-5.533
W,-10.764,-5.642,-4.638,-4.987,-5.806,-4.828,-5.861,-5.453,-5.170,-6.203,-5.666,-4.701,-6.848,-5.335,-5.208,-8.608,-7.672,-5.909,-6.467,-7.618,-7.235,-5.589,-7.443,-7.038,-6.349,-6.341,-7.630,-4.741,-6.556,-6.585,-6.464,-6.229,-5.240,-6.572,-5.035,-5.906,-6.491,-5.970,-6.193,-5.844,-7.173,-5.185,-6.442,-6.598,-4.157,-4.682,-6.317,-6.229,-3.508,-5.141,-6.987,-6.521,-5.747,-5.897,-6.476,-4.791,-5.019,-6.225,-6.415,-5.735,-5.205,-6.926,-7.504,-8.168,-6.868,-5.726,-7.845,-6.913,-7.067,-6.199,-7.720,-7.951,-7.089,-5.048,-7.653,-6.926,-7.329,-7.811,-8.870,-7.117,-6.908,-7.984,-6.503,-6.747,-7.471,-6.008,-7.229,-6.299,-7.183,-7.169,-7.354,-6.334,-6.106,-5.449,-7.331,-5.237,-6.073,-6.438,-6.787,-6.711,-7.105,-6.811,-6.291,-5.217,-6.612,-5.726,-5.220,-5.385,-5.190,-5.157,-5.846,-4.612,-5.216,-5.423,-6.480,-7.139,-6.546,-6.924,-6.082,-8.024,-6.808,-6.828,-3.782,-8.076,-7.138,-6.832,-7.120,-7.885,-7.139,-6.807,-5.645,-7.883,-6.813,-5.377,-6.081,-6.896,-5.767,-6.311,-4.530,-6.802,-6.256,-7.284,-5.712,-6.040,-6.329,-6.213,-4.876,-6.595,-5.750,-7.547,-5.972,-6.602,-6.610,-5.248,-6.285,-8.372,-6.693,-6.741,-7.642,-8.668,-7.108,-6.869,-8.081,-8.398,-5.504,-6.157,-9.747,-9.411,-8.285,-6.258,-8.476,-9.089,-5.824,-1.353,-7.965,-5.403,-5.294,-4.711,-6.017,-5.374,-7.808,-5.771,-4.137,-8.584,-9.123,-4.981,-6.743,-7.161,-8.439,-8.124,-6.902,-7.755,-9.639,-6.790,-5.619,-9.337,-9.344,-5.063,-6.963,-7.260,-8.436,-5.730,-8.307,-8.046,-6.562,-4.885,-9.302,-8.184,-5.751,-6.229,-6.793,-6.604,-7.181,-7.163,-8.577,-5.965,-6.775,-8.619,-6.037,-6.611,-7.391,-5.609,-5.485,-5.193,-7.675
