,M 1,S 2,S 3,G 4,N 5,Y 6,Q 7,Q 8,S 9,E 10,A 11,L 12,S 13,K 14,P 15,T 16,F 17,S 18,E 19,E 20,Q 21,A 22,S 23,A 24,L 25,V 26,E 27,S 28,V 29,F 30,G 31,L 32,K 33,V 34,S 35,K 36,V 37,R 38,P 39,L 40,P 41,S 42,Y 43,D 44,D 45,Q 46,N 47,F 48,H 49,V 50,Y 51,V 52,S 53,K 54,T 55,K 56,D 57,G 58,P 59,T 60,E 61,Y 62,V 63,L 64,K 65,I 66,S 67,N 68,T 69,K 70,A 71,S 72,K 73,N 74,P 75,D 76,L 77,I 78,E 79,V 80,Q 81,N 82,H 83,I 84,I 85,M 86,F 87,L 88,K 89,A 90,A 91,G 92,F 93,P 94,T 95,A 96,S 97,V 98,C 99,H 100,T 101,K 102,G 103,D 104,N 105,T 106,A 107,S 108,L 109,V 110,S 111,V 112,D 113,S 114,G 115,S 116,E 117,I 118,K 119,S 120,Y 121,L 122,V 123,R 124,L 125,L 126,T 127,Y 128,L 129,P 130,G 131,R 132,P 133,I 134,A 135,E 136,L 137,P 138,V 139,S 140,P 141,Q 142,L 143,L 144,Y 145,E 146,I 147,G 148,K 149,L 150,A 151,A 152,K 153,L 154,D 155,K 156,T 157,L 158,Q 159,R 160,F 161,H 162,H 163,P 164,K 165,L 166,S 167,S 168,L 169,H 170,R 171,E 172,N 173,F 174,I 175,W 176,N 177,L 178,K 179,N 180,V 181,P 182,L 183,L 184,E 185,K 186,Y 187,L 188,Y 189,A 190,L 191,G 192,Q 193,N 194,R 195,N 196,R 197,E 198,I 199,V 200,E 201,H 202,V 203,I 204,H 205,L 206,F 207,K 208,E 209,E 210,V 211,M 212,T 213,K 214,L 215,S 216,H 217,F 218,R 219,E 220
K,-8.990,-6.729,-5.541,-3.825,-3.919,-2.471,-4.048,-3.859,-4.246,-4.949,-4.767,-5.068,-5.031,0.000,-12.703,-2.960,-13.706,-7.704,-4.356,-5.097,-3.851,-12.566,-2.486,-2.948,-12.182,-13.662,-7.371,-0.739,-7.399,-13.428,-6.723,-11.457,0.000,-12.182,-5.471,0.000,-10.033,-3.448,-8.004,-12.716,-8.059,-11.121,-12.700,-7.531,-13.423,-5.910,-11.439,-13.951,-10.405,-14.681,-7.304,-13.271,-4.459,0.000,-4.554,0.000,-5.425,-5.360,-2.826,-2.910,-8.096,-13.689,-15.001,-14.839,0.000,-9.721,-6.246,-8.568,-7.481,0.000,-5.024,-7.122,0.000,-5.716,-7.750,-6.579,-7.695,-12.445,-5.568,-7.930,-9.185,-9.747,-2.129,-9.150,-9.938,-4.114,-7.972,-14.480,0.000,-3.750,-3.122,-7.925,-11.791,-8.300,-12.689,-10.478,-2.805,-9.379,-4.957,-4.536,-3.732,0.000,-2.483,-2.779,-4.946,-4.340,-4.898,-2.605,-3.964,-4.134,-3.514,-4.602,-4.105,-4.320,-3.994,-4.635,-4.733,-3.425,0.000,-4.221,-8.887,-8.737,-14.677,-10.259,-17.287,-15.646,-7.384,-10.808,-9.548,-8.630,-12.108,-4.175,-5.508,-8.946,-2.787,-6.404,-6.121,-5.090,-5.704,-5.806,-4.870,-4.057,-7.386,-11.395,-8.988,-7.939,-12.420,-14.975,0.000,-9.452,-9.962,-12.679,0.000,-12.518,-12.920,0.000,-5.864,-13.849,-3.321,-2.338,-11.265,-3.373,-6.470,-7.083,0.000,-7.512,-3.098,-5.037,-8.459,-2.555,-5.752,-4.405,-5.302,-6.031,-6.578,-13.940,-8.499,-11.051,0.000,-6.674,-8.919,-7.296,-6.674,-10.125,-7.778,0.000,-7.327,-8.164,-1.805,-5.852,-4.354,-2.807,-3.164,-3.600,-2.197,-3.887,-3.274,-5.042,-3.610,-7.323,-5.304,-1.426,-6.762,-3.017,-2.716,-4.976,-7.610,0.000,-4.186,-4.426,-3.811,-1.544,-2.748,0.000,-3.725,-3.783,-2.731,-3.410,-3.076,-2.779
R,-8.922,-7.049,-5.519,-3.966,-3.865,-2.614,-4.028,-3.843,-4.517,-5.375,-4.985,-2.804,-5.172,-4.845,-11.051,-3.946,-12.835,-7.990,-5.066,-6.054,-5.093,-11.996,-3.353,-3.468,-12.109,-13.675,-8.357,-0.900,-6.943,-12.997,-7.242,-11.188,-4.813,-11.991,-6.278,-3.093,-10.210,0.000,-6.897,-11.720,-9.184,-8.585,-12.967,-7.875,-13.682,-6.045,-14.643,-13.591,-7.242,-14.387,-7.066,-13.202,-5.195,-3.776,-4.823,-4.140,-6.436,-6.438,-3.623,-3.366,-9.227,-12.386,-14.187,-14.165,-6.974,-8.853,-5.947,-8.990,-6.037,-3.574,-6.310,-7.259,-3.683,-5.817,-7.778,-7.953,-8.732,-12.573,-6.348,-8.230,-8.654,-10.884,-3.194,-9.461,-10.148,-4.200,-8.683,-14.776,-4.026,-5.327,-4.380,-8.769,-11.712,-7.887,-12.127,-10.520,-3.917,-8.451,-5.160,-4.396,-4.200,-4.576,-3.716,-2.709,-6.083,-4.828,-4.687,-3.177,-5.065,-4.690,-4.125,-5.102,-4.628,-4.715,-5.071,-5.427,-5.379,-4.067,-4.524,-4.700,-8.521,-8.792,-14.431,0.000,-15.928,-16.115,-7.962,-10.519,-9.381,-9.453,-11.867,0.000,-6.431,-9.119,-3.703,-7.656,-6.650,-6.716,-5.552,-7.027,-5.165,-4.553,-7.607,-9.086,-8.265,-8.921,-11.843,-12.428,-4.489,-9.343,-10.578,-11.117,-3.407,-11.344,-11.552,-3.722,-6.509,-13.121,-5.086,0.000,-11.079,-3.719,-6.144,-7.400,-3.620,-7.357,-3.971,-4.982,-8.277,-3.465,0.000,-4.866,-5.491,-5.319,-7.109,-11.726,-8.598,-10.890,-4.737,-7.116,-9.002,-7.134,-6.075,-10.806,-8.771,-4.270,-7.732,-8.318,-2.797,-5.943,-5.445,-3.766,-4.240,-4.459,0.000,-4.216,0.000,-5.880,-4.347,-7.705,-5.365,-2.066,-7.149,-3.842,-2.788,-4.541,-7.868,-3.797,-4.723,-4.815,-4.218,-1.889,-3.395,-3.429,-3.945,-3.964,-2.677,-3.198,0.000,-2.856
H,-9.667,-7.234,-5.866,-4.373,-3.987,-2.529,-3.860,-4.060,-5.416,-5.949,-5.059,-5.539,-5.721,-6.737,-9.085,-4.446,-12.542,-8.285,-5.834,-6.257,-5.124,-14.662,-5.718,-4.302,-10.963,-15.231,-8.672,-4.388,-6.200,-7.792,-6.725,-10.385,-5.564,-12.224,-6.524,-4.780,-10.642,-5.818,-8.557,-11.939,-8.088,-10.323,-10.793,-8.496,-10.359,-6.991,-8.947,-11.463,0.000,-14.846,-5.087,-13.389,-4.897,-4.072,-4.732,-5.135,-5.960,-6.790,-4.374,-4.433,-9.014,-8.447,-14.755,-14.507,-13.184,-12.496,-3.288,-6.221,-6.897,-3.297,-4.407,-7.908,-5.189,-4.851,-7.288,-6.538,-7.766,-10.592,-6.816,-8.000,-8.999,-8.818,0.000,-8.585,-8.733,-3.857,-4.845,-14.624,-3.642,-5.709,-3.393,-8.569,-7.735,-8.359,-10.889,-9.224,-4.391,-8.325,-2.526,0.000,-5.119,-7.173,-4.479,-3.621,-6.066,-5.383,-4.081,-4.519,-6.192,-4.824,-4.633,-5.463,-4.519,-4.424,-5.219,-5.695,-5.427,-4.295,-4.769,-5.212,-4.716,-7.961,-14.837,-9.917,-16.559,-12.872,-8.133,-8.354,-10.552,-8.601,-11.035,-6.824,-6.941,-9.476,-0.613,-5.772,-6.987,-6.809,-5.752,-7.145,-5.229,-4.228,-6.529,-7.579,-6.896,-7.921,-12.804,-15.445,-7.506,-8.235,-9.935,-12.262,-6.551,-9.978,-8.407,-5.750,-4.605,-12.232,-5.891,-2.707,-8.264,0.000,0.000,-7.607,-4.942,-6.793,-4.067,-5.161,-8.580,0.000,-7.090,-5.246,-5.633,-3.623,-6.758,-13.187,-7.450,-10.286,-5.769,-5.576,-7.918,-5.271,-7.638,-10.306,-8.588,-3.960,-5.313,-8.396,-2.566,-5.351,-5.237,-4.058,-4.607,-4.519,-4.173,-2.016,-5.718,-6.127,-4.823,-8.800,-5.585,0.000,-6.836,-4.520,0.000,-5.622,-5.793,-5.314,-5.533,-5.098,-4.893,-2.622,-4.034,-3.534,-4.554,-4.327,0.000,-3.772,-3.701,-2.878
E,-8.240,-4.470,-3.903,-2.152,-2.499,-0.998,-2.555,-2.809,-3.073,0.000,-4.032,-5.828,-5.256,-7.179,-12.332,-2.511,-14.133,-7.419,0.000,0.000,-2.933,-11.777,-4.300,-3.369,-12.357,-13.541,0.000,-2.363,-5.962,-11.040,-6.314,-10.705,-4.853,-12.177,-5.761,-4.749,-12.045,-5.142,-5.525,-13.508,-7.738,-9.694,-12.399,-3.934,-10.160,-5.006,-13.056,-15.077,-11.588,-13.740,-6.586,-10.303,-1.067,-2.102,-3.695,-3.268,-3.777,-5.173,-3.057,-1.757,0.000,-14.649,-13.800,-15.425,-10.812,-14.148,-6.428,-10.257,-8.090,0.271,-1.004,-6.976,-5.156,-5.242,-7.919,-4.135,-6.309,-12.389,0.000,-4.234,-4.918,-11.832,0.635,-8.103,-7.845,-3.160,-6.424,-14.958,-3.474,-1.843,-0.831,-6.391,-10.666,-8.966,-10.029,-8.471,-1.289,-7.564,-4.882,-6.627,-6.303,-7.266,-2.718,-3.426,-7.130,-5.309,-5.070,-2.220,-5.020,-4.082,-2.875,-4.135,-3.428,-3.724,-3.557,-3.649,0.000,-2.344,-3.551,-4.416,-9.918,-10.657,-14.143,-13.631,-17.744,-14.603,-6.265,-12.453,-10.669,-7.590,-11.958,-7.001,-7.463,-9.432,-3.479,0.000,-6.077,-4.711,-6.383,-4.817,-5.144,-2.496,-7.976,-11.154,-9.335,0.000,-12.148,-12.750,-6.448,-9.630,-9.336,-12.819,-6.559,-11.361,-8.866,-5.726,-3.688,-13.517,-4.359,-1.977,-10.416,-2.348,-5.284,-6.023,-4.183,-5.261,-3.960,-4.260,-8.322,-1.708,-7.609,0.000,-4.794,-5.875,-4.642,-12.707,-8.353,-10.391,-7.588,-7.152,-8.970,-7.416,-8.411,-11.316,0.000,-2.786,-7.342,-7.997,-0.401,-4.738,-2.981,-1.956,-1.272,-1.254,-0.885,-3.266,-5.175,0.000,-3.493,-6.374,0.000,-1.316,-6.203,-1.732,-2.547,-5.697,-7.338,-2.502,0.000,0.000,-2.625,-1.480,-2.719,-3.184,-3.520,-3.767,-2.771,-3.164,-3.260,0.000
D,-9.003,-4.818,-4.218,-2.885,-2.705,-1.335,-2.645,-3.306,-3.799,-4.377,-4.817,-6.655,-6.686,-9.277,-13.011,-4.303,-14.604,-6.466,-6.218,-4.208,-2.856,-12.934,-7.728,-4.366,-13.900,-14.900,-7.915,-3.843,-7.833,-11.409,-4.811,-12.196,-5.876,-12.888,-5.859,-5.784,-13.431,-6.957,-9.427,-14.145,-6.684,-8.185,-12.110,0.000,0.000,-9.284,-11.026,-15.709,-11.070,-14.305,-6.508,-10.205,-2.937,-2.348,-4.364,-3.936,0.000,-6.051,-4.103,-3.478,-6.048,-14.483,-14.771,-16.546,-13.579,-15.159,-3.535,-7.407,-8.692,-2.436,1.666,-7.266,-7.092,-5.792,-7.911,0.000,-5.635,-12.719,-5.685,-5.694,-10.033,-9.181,-0.913,-10.082,-10.024,-3.627,-7.865,-16.711,-5.239,-2.219,-2.947,-5.640,-10.752,-8.564,-10.850,-10.254,-2.759,-9.549,-6.045,-8.287,-4.899,-7.759,-3.426,0.000,-7.584,-6.409,-6.261,-4.062,-7.236,-5.466,-4.076,-4.394,0.000,-3.488,-3.633,-3.474,-3.439,-3.216,-4.294,-5.205,-9.811,-11.198,-14.480,-14.097,-18.488,-15.577,-6.898,-12.370,-13.900,-8.072,-10.147,-8.529,-8.361,-11.391,-3.225,-4.126,-7.977,-4.937,-6.132,-5.269,-5.398,-2.513,-8.796,-12.000,-10.528,-6.222,-12.021,-12.229,-9.052,-11.817,-9.185,-12.625,-7.570,-13.056,0.000,-7.663,-6.426,-13.086,-6.451,-0.791,-10.549,-1.799,-2.798,-5.976,-5.058,-5.266,-4.633,-4.471,-8.533,-2.058,-7.913,-3.309,-2.515,-6.594,-6.301,-12.938,-6.105,-11.543,-9.620,-6.836,-9.525,-7.440,-9.226,-12.029,-6.153,-3.174,-8.405,-8.683,-0.514,-4.765,-3.451,-1.968,-1.335,-1.900,-2.632,-3.305,-5.929,-4.050,-4.601,-7.845,-4.112,-2.280,-7.238,-3.256,-2.575,-6.274,-8.961,-5.397,-3.883,-4.311,-4.065,-1.910,-3.251,-3.162,-3.559,-4.005,-2.914,-3.620,-3.537,-3.954
N,-8.795,-5.588,-4.318,-3.284,0.000,-1.773,-3.408,-3.449,-4.353,-5.562,-5.074,-6.442,-5.478,-7.500,-12.019,-4.267,-13.463,-5.637,-6.277,-5.385,-3.055,-13.222,-5.096,-4.105,-12.723,-13.137,-8.606,-3.292,-5.878,-11.133,-4.933,-11.356,-4.646,-11.501,-5.340,-5.161,-10.765,-5.266,-9.825,-12.033,-3.530,-8.407,-11.694,-6.953,-8.312,-8.644,0.000,-14.402,-9.471,-12.808,-6.296,-12.146,-3.985,-2.497,-4.269,-4.075,-4.324,-5.926,-3.890,-3.761,-8.498,-11.755,-12.569,-15.387,-11.267,-12.829,0.632,0.000,-6.649,-3.016,-1.997,-6.825,-6.385,0.000,-7.572,-4.504,-7.051,-9.626,-6.260,-7.683,-10.981,0.000,-2.264,-4.153,-8.213,-2.244,-8.593,-14.918,-2.800,-3.264,-2.042,-6.586,-10.682,-6.661,-9.263,-9.754,-4.021,-8.418,-5.038,-6.189,-4.024,-5.903,-3.278,-2.227,0.000,-5.942,-3.993,-4.724,-6.909,-5.602,-4.565,-4.899,-3.720,-3.943,-3.913,-4.044,-4.310,-3.346,-4.546,-4.397,-8.576,-8.156,-13.800,-12.130,-17.666,-12.991,-6.113,-9.878,-11.441,-8.640,-9.032,-6.665,-6.316,-9.680,-2.305,-6.290,-6.415,-5.448,-4.480,-5.448,-4.972,-3.914,-7.473,-9.564,-9.361,-6.575,-10.217,-13.723,-7.504,-8.807,-7.732,-12.167,-5.660,-11.123,-8.658,-5.833,-6.349,-11.853,-5.065,-1.010,-10.233,-1.897,-3.152,-6.874,-5.125,-6.911,-1.545,-4.597,-8.244,-2.288,-7.349,-4.574,0.000,-5.941,-6.998,-13.873,0.000,-11.230,-7.259,0.000,-8.790,-6.295,-7.355,-10.919,-7.823,-3.022,-7.356,-8.625,-1.555,-4.780,-4.022,-3.019,-2.705,0.000,-3.255,0.000,-5.748,-5.140,-4.908,-7.654,-4.945,-2.474,-6.675,-3.549,-2.666,-5.509,-7.944,-5.158,-4.399,-4.559,-4.154,-2.242,-3.319,-3.276,-3.887,-4.014,-3.060,-3.809,-3.316,-3.141
Q,-8.941,-6.454,-4.763,-2.997,-3.300,-1.338,0.000,0.000,-3.943,-3.831,-4.235,-4.562,-4.257,-5.879,-9.765,-2.622,-13.098,-7.380,-3.550,-4.481,0.000,-12.667,-3.623,-2.951,-11.716,-14.593,-6.070,-2.064,-5.681,-11.837,-6.292,-10.175,-4.274,-12.524,-5.983,-4.388,-10.186,-4.599,-6.351,-11.813,-8.057,-11.217,-13.141,-7.678,-13.816,0.000,-12.280,-13.878,-8.783,-13.733,-5.513,-13.082,-3.118,-2.580,-3.726,-3.900,-5.197,-5.787,-3.237,-2.120,-7.042,-12.317,-14.241,-12.971,-11.309,-11.861,-5.069,-9.667,-7.168,-2.216,-4.761,-7.637,-3.963,-5.784,-7.244,-6.637,-5.918,-11.567,-5.095,-6.839,0.000,-10.678,-1.159,-9.703,-4.975,-3.066,-7.476,-12.896,-3.230,-3.924,-2.576,-7.508,-9.672,-7.653,-11.255,-5.977,-2.578,-7.436,-4.625,-4.632,-5.309,-6.308,-3.410,-3.234,-6.030,-4.525,-4.032,-3.490,-5.408,-3.997,-3.904,-4.871,-4.230,-4.215,-4.271,-4.771,-4.591,-3.167,-4.064,-4.529,-7.185,-8.486,-14.888,-11.066,-15.841,-12.766,-7.713,-11.130,-9.059,-8.207,-13.331,-6.344,-6.483,-6.370,-3.364,-5.527,-6.169,-5.824,-5.825,-5.686,-5.716,0.000,-4.684,-9.354,-9.091,-6.098,-12.370,-15.757,-5.602,-7.161,-9.690,-12.972,-5.120,-9.441,-10.758,-3.385,-4.284,-12.576,0.000,-2.248,-10.520,-2.587,-5.523,-6.777,-4.110,-5.840,-3.790,-4.883,-8.455,-2.520,-6.733,-4.799,-5.686,-3.651,-4.152,-12.689,-8.414,-9.422,-3.859,-7.004,-8.203,-6.367,-6.977,-9.963,-6.634,-3.293,-5.933,-7.611,-1.526,-5.212,-4.562,-2.884,0.000,-3.584,-2.581,-2.542,-4.296,-5.115,-3.790,-7.432,-4.712,-2.276,-6.073,-2.219,-2.616,-4.769,-7.207,-2.964,-4.528,-4.803,-4.155,-1.833,-3.277,-3.624,-4.356,-3.953,-2.981,-3.273,-3.382,-3.453
T,-8.419,-4.312,-4.260,-3.016,-2.976,-1.660,-3.173,-2.481,-3.755,-4.589,-4.448,-4.990,-3.257,-6.980,-8.758,0.000,-10.234,-3.648,-4.781,-5.188,-3.891,-8.005,-1.834,-4.110,-8.966,-6.616,-8.517,-3.450,-4.298,-10.645,-6.454,-8.531,-3.333,-7.437,-2.852,-4.565,-6.946,-5.116,-7.767,-11.829,-8.024,-8.486,-13.213,-7.076,-13.022,-8.077,-10.450,-12.335,-12.882,-8.437,-5.261,-6.613,-3.924,-2.618,0.000,-3.754,-4.343,-5.817,-3.403,0.000,-9.251,-12.997,-8.571,-12.858,-9.820,-9.655,-3.192,-9.298,0.000,-2.506,-4.007,-4.799,-6.766,-6.789,-6.435,-7.260,-6.289,-8.276,-6.179,-3.802,-11.272,-4.674,-3.457,-3.891,-6.133,-2.730,-8.425,-10.650,-4.193,-3.976,-5.656,-9.984,-9.606,-8.612,0.000,-7.022,-4.241,-4.887,-5.291,-5.402,0.000,-6.186,-3.488,-3.960,-6.051,0.000,-1.545,-2.397,-4.345,-4.041,-3.607,-3.901,-4.059,-4.240,-3.939,-4.357,-4.255,-2.602,-4.224,-3.312,-7.656,-4.908,-8.582,-11.033,-12.660,-9.378,0.000,-10.912,-9.468,-9.191,-9.800,-5.237,-4.013,-6.698,-3.049,-5.912,-3.361,-4.880,-5.716,-2.671,-4.718,-4.574,-5.521,-7.698,-8.756,-9.583,-6.334,-12.068,-6.166,-6.164,-2.012,-10.126,-4.278,-7.626,-8.251,-4.852,0.000,-8.185,-6.508,-2.415,-9.325,-2.322,-4.489,-6.291,-4.422,-6.385,-3.761,-3.980,-5.256,-2.754,-7.285,-5.596,-2.862,-6.099,-5.538,-13.309,-5.679,-8.741,-8.205,-5.358,-6.569,-5.073,-6.130,-7.287,-8.611,-3.455,-8.624,-6.912,-1.342,-3.760,-3.544,-3.583,-3.480,-3.375,-3.521,-4.751,-4.942,-5.310,-3.776,-4.437,-5.748,-3.479,-4.032,-3.783,-3.111,-4.203,-6.666,-4.577,-4.588,-4.997,-3.966,-1.922,0.000,-3.355,-3.969,-3.913,-2.620,-3.381,-3.050,-2.995
S,-7.161,0.000,0.000,-2.187,-2.218,-0.737,-2.388,-2.405,0.000,-3.809,-3.886,-4.723,0.000,-7.189,-7.637,-3.473,-11.313,0.000,-3.838,-4.095,-4.466,-8.249,0.000,-2.731,-11.034,-8.187,-7.159,0.000,-4.487,-9.887,-4.821,-9.049,-3.551,-8.206,0.000,-3.091,-8.245,-4.852,-5.410,-11.076,-6.290,0.000,-10.732,-6.170,-11.827,-6.416,-9.757,-12.560,-10.400,-10.786,-4.618,-9.538,0.000,-1.961,-2.628,-2.990,-3.579,-4.827,-2.835,-3.012,-8.631,-10.791,-11.818,-13.176,-11.717,-12.155,0.000,-8.239,-2.230,-1.900,-1.707,0.000,-6.439,-6.076,-5.925,-6.247,-6.110,-9.727,-6.306,-3.718,-9.933,-5.989,-2.119,-4.974,-7.134,-2.416,-7.376,-11.503,-3.511,-2.715,-3.737,-6.678,-8.614,-6.365,-5.219,-5.448,0.000,-4.721,-4.294,-4.399,-3.745,-5.905,-3.335,-3.141,-5.502,-3.860,-2.383,0.000,-4.688,-4.265,0.000,-3.807,-2.974,0.000,-2.812,0.000,-3.224,-2.249,-3.390,0.000,-5.774,-6.344,-10.132,-10.218,-13.023,-11.864,-4.383,-8.738,-9.898,-7.448,-6.366,-6.333,-4.809,-7.656,-2.203,-5.286,-4.895,-4.606,-5.363,0.000,-3.364,-3.656,-6.915,-6.030,-7.953,-8.450,-7.010,-8.717,-6.450,-8.995,-5.882,-6.747,-5.363,-9.560,-8.355,-5.105,-5.544,-8.977,-4.833,-1.393,-8.779,-1.078,0.248,-5.580,-3.712,-6.020,0.000,0.000,-6.612,-1.696,-6.688,-5.069,-3.230,-5.478,-5.555,-11.837,-4.377,-9.983,-7.892,-5.481,-7.956,-4.908,-7.386,-9.141,-8.081,-2.137,-7.382,-7.202,-0.488,-2.829,-3.363,-2.837,-2.736,-2.649,-2.873,-3.969,-4.871,-4.542,-4.345,-5.377,-5.133,-2.274,-3.953,-3.718,-1.982,-4.452,-6.653,-4.191,-4.169,-4.635,-3.314,-1.077,-2.781,-2.673,-3.422,0.000,-1.904,-2.779,-2.508,-2.523
C,-9.364,-7.041,-6.432,-5.171,-4.729,-3.556,-4.607,-4.548,-6.159,-7.004,-7.054,-6.300,-4.644,-8.680,-9.486,-5.420,-9.425,-6.476,-6.465,-7.783,-6.876,-9.235,-4.187,-5.093,-10.939,-7.069,-9.702,-6.445,-5.570,-8.167,-7.376,-8.734,-6.854,-8.328,-6.281,-6.044,-7.380,-6.264,-7.300,-11.241,-10.111,-8.406,-11.125,-9.285,-13.134,-8.295,-10.941,-10.379,-8.976,-10.693,-5.422,-9.442,-6.222,-5.630,-5.881,-6.297,-6.786,-7.090,-5.004,-4.502,-11.227,-8.507,-11.898,-10.201,-14.116,-11.011,-4.046,-11.023,-6.349,-5.649,-6.551,-7.058,-8.507,-7.919,-9.208,-9.020,-8.244,-11.139,-8.760,-7.152,-11.451,-9.900,-6.155,-6.693,-7.430,-3.852,-7.939,-11.494,-6.219,-7.237,-5.766,-9.036,-7.988,-9.032,-5.421,-8.233,-6.057,-6.101,0.000,-6.019,-1.138,-7.597,-6.393,-4.994,-7.766,-5.979,-3.951,-6.195,-5.017,-6.002,-5.886,-5.585,-5.421,-5.242,-5.896,-5.693,-5.838,-4.920,-5.492,-6.223,-5.644,-7.517,-8.600,-10.264,-10.607,-12.713,-8.807,-7.405,-9.281,-11.121,-9.661,-7.041,-7.270,-8.787,-4.843,-8.886,-5.836,-8.211,-6.572,-8.853,-7.580,-6.690,-7.687,-3.998,-8.124,-11.472,-7.560,-11.921,-6.718,-9.574,-8.691,-10.636,-7.683,-8.848,-12.077,-6.384,-5.777,-10.555,-7.000,-4.963,-7.432,-3.901,-3.861,-9.193,-5.665,-8.503,-6.245,-4.646,-7.316,-5.153,-8.805,-7.357,-6.357,-6.820,-6.212,-11.282,-6.725,-9.826,-9.561,-8.500,-9.074,-7.148,-9.024,-9.340,-11.406,-6.648,-8.262,-8.057,-3.687,-5.341,-5.412,-5.337,-5.694,-5.256,-5.814,-5.203,-6.601,-7.979,-6.263,-5.991,-7.891,-6.464,-3.524,-5.336,-4.959,-4.843,-6.096,-6.237,-6.826,-6.200,-4.641,-3.285,-4.822,-3.844,-4.921,-4.477,-3.429,-4.033,-3.699,-3.941
G,-9.110,-5.219,-4.603,0.000,-2.777,-0.854,-2.071,-2.980,-2.709,-3.132,-3.346,-5.891,-5.492,-8.627,-10.751,-6.200,-12.805,-6.967,-5.766,-5.871,-6.281,-7.930,-5.286,-4.809,-14.056,-9.886,-7.494,-4.699,-4.440,-12.374,0.000,-11.046,-6.771,-8.038,-6.863,-5.244,-11.052,-8.219,-7.541,-10.701,-7.902,-2.392,-13.891,-6.891,-10.173,-10.525,-12.682,-15.057,-10.218,-12.434,-6.398,-8.889,-1.832,-2.131,-3.832,-4.032,-4.764,0.000,-4.177,-3.969,-8.307,-13.406,-13.944,-14.333,-13.071,-13.708,-4.802,-9.504,-4.367,-3.190,-3.011,-7.062,-7.548,-9.587,-8.995,-6.644,-8.975,-11.730,-7.862,-4.505,-9.051,-9.598,-2.700,-7.664,-8.855,-4.323,-8.963,-14.302,-4.119,-4.525,-4.568,0.000,-11.580,-9.208,-6.766,-7.333,-3.607,-4.980,-5.818,-6.080,-4.689,-7.328,0.000,0.327,-6.187,-5.431,-5.810,-5.692,-4.868,-4.919,-4.147,-4.755,-2.421,-3.732,0.000,-2.629,-3.373,-3.036,-4.213,-5.149,-8.545,-9.352,-10.277,-11.186,-14.626,-14.322,-8.451,-11.874,-12.513,-10.316,0.000,-9.122,-6.974,-9.493,-3.036,-7.030,-6.726,-6.512,-6.741,-6.771,-5.921,-4.777,-8.005,-9.194,-10.044,-9.028,-4.592,0.000,-7.487,-11.005,-8.257,-6.202,-7.298,-11.894,-8.228,-6.879,-7.326,-11.123,-6.804,-1.570,-10.793,-4.569,-2.798,-6.875,-4.471,-6.925,-4.407,-2.869,-8.491,-1.613,-7.811,-6.624,-4.194,-7.441,-6.573,-11.638,-7.755,-11.455,-9.168,-7.926,-9.244,-6.363,-9.087,-11.662,-8.022,-3.495,-8.854,-7.971,-1.714,-4.183,-3.876,0.000,-3.017,-1.839,-2.931,-4.830,-5.844,-5.472,-5.969,-6.050,-6.128,-3.407,-4.570,-4.943,-2.913,-6.267,-7.486,-3.895,-4.918,-4.758,-3.688,-1.898,-2.951,-3.584,-3.850,-3.974,-2.762,-3.304,-3.276,-3.259
A,-7.648,-3.244,-4.190,-3.183,-2.902,-1.544,-3.104,-2.311,-3.171,-3.569,0.000,-4.771,-3.232,-7.384,-6.617,-4.247,-9.823,-6.931,-3.470,-4.153,-3.844,0.000,-2.766,0.000,-8.444,-5.091,-7.252,-4.598,-4.106,-10.857,-6.295,-8.641,-4.772,-6.023,-4.306,-3.902,-7.183,-5.820,-4.404,-9.693,-6.792,-4.903,-13.057,-6.975,-11.366,-5.622,-12.270,-11.974,-11.286,-8.621,-5.421,-6.316,-3.685,-3.451,-3.108,-3.257,-4.176,-5.498,-3.954,-3.406,-8.609,-9.784,-10.059,-12.371,-12.903,-10.412,-3.629,-10.642,-2.105,-1.182,0.000,-4.366,-6.873,-7.694,-6.313,-6.445,-6.765,-7.934,-5.965,-0.033,-11.150,-8.230,-2.693,-2.532,-7.355,-3.469,-7.492,-10.175,-3.342,0.000,0.000,-8.033,-7.936,-8.176,-2.540,0.000,-3.137,-3.568,-2.084,-4.488,-4.350,-5.928,-3.508,-3.906,-6.950,-4.353,0.000,-4.574,-3.629,-4.641,-4.446,-4.524,-4.128,-4.140,-4.077,-4.369,-4.169,-2.896,-4.305,-4.310,-6.022,-5.902,-6.536,-12.840,-10.381,-11.433,-6.527,-10.698,-8.321,-9.101,-6.974,-7.352,-5.595,-5.949,0.000,-6.259,-4.071,-5.497,-5.096,-6.193,-4.706,-4.016,-6.488,-6.918,-8.466,-8.778,-4.730,-7.250,-6.195,-8.049,0.000,0.000,-6.322,-9.944,-10.000,-5.682,-4.350,-8.451,-4.593,-2.600,-9.802,-3.512,-2.673,-6.965,-2.660,-5.636,-3.989,-3.977,-5.929,-3.621,-7.877,-6.291,-5.497,-6.405,-4.332,-13.129,-8.235,-9.020,-8.991,-7.370,-6.750,-5.871,-7.317,-7.918,-8.940,-3.498,-8.456,-6.660,-1.154,0.000,-3.286,-3.388,-3.828,-3.502,-3.490,-4.495,-4.796,-5.014,-3.703,-2.768,-6.147,-3.461,-1.930,-4.440,-2.993,-4.590,-5.558,-4.517,-4.849,-4.481,-2.921,-1.844,-3.306,-3.293,-3.948,-3.983,-2.757,-3.493,-3.340,-3.324
V,-7.911,-5.355,-4.894,-3.277,-2.881,-1.694,-2.966,-1.630,-3.973,-4.486,-4.580,-4.089,-2.333,-7.531,-8.830,-3.226,-4.319,-8.101,-3.975,-6.047,-4.357,-5.826,-1.740,-4.964,-4.802,0.000,-9.522,-6.574,0.000,-9.263,-8.414,-6.326,-5.138,0.000,-4.059,-5.819,0.000,-5.357,-7.943,-8.482,-8.852,-9.430,-12.749,-5.398,-11.864,-8.134,-11.433,-10.327,-10.992,0.000,-5.329,0.000,-5.646,-5.808,-4.473,-4.068,-5.455,-6.365,-4.068,-3.771,-9.873,-8.966,0.000,-8.598,-12.958,-4.601,-2.862,-11.157,-4.755,-0.637,-4.699,-4.594,-7.162,-7.797,-7.115,-8.044,-5.831,-4.754,-5.990,0.000,-10.778,-9.116,-5.881,-3.550,-4.901,-3.100,-8.967,-8.261,-5.337,-6.112,-5.529,-9.736,-7.026,-10.662,-3.511,-6.875,-5.565,0.000,-2.503,-5.865,-4.106,-5.889,-5.510,-4.778,-7.769,-3.711,-2.495,-4.456,-2.603,0.000,-4.928,0.000,-4.856,-3.996,-4.895,-5.301,-4.741,-2.499,-4.309,-4.852,-5.867,-3.515,0.000,-13.487,-7.354,-6.219,-8.321,-10.343,-5.013,-10.513,-12.051,-5.040,-4.624,-3.446,-4.013,-7.559,-1.298,-6.380,0.000,-6.411,-6.094,-5.183,-4.582,-6.593,-8.780,-11.290,-3.377,-12.043,-2.485,-6.425,-4.480,-9.747,-7.062,-7.368,-11.654,-5.230,-3.527,-7.139,-6.176,-5.009,-7.635,-3.622,-4.104,-7.783,-3.999,-6.163,-5.075,-4.506,-3.709,-4.939,-7.955,-6.252,-7.565,-6.870,-3.545,-13.335,-9.678,-6.651,-9.873,-8.883,0.000,-5.959,-4.635,-4.693,-9.652,-6.251,-8.905,-4.791,-1.941,-4.355,-2.867,-3.207,-4.603,-4.236,-4.088,-4.082,-4.515,-6.547,-3.526,0.000,-7.333,-6.228,0.000,-3.627,-5.014,-3.375,-5.833,-5.187,-5.648,-4.481,0.000,-2.147,-3.351,-2.874,-3.677,-3.726,-2.581,-3.325,-2.971,-2.634
L,-7.257,-5.858,-4.633,-3.148,-2.500,-1.505,-2.450,-1.662,-3.934,-4.249,-4.963,0.000,-4.229,-7.844,-8.488,-4.171,-5.143,-7.003,-4.095,-6.040,-5.420,-8.841,-2.870,-4.250,0.000,-7.312,-9.262,-5.931,-2.250,-8.379,-7.464,0.000,-5.989,-7.636,-4.925,-4.687,-3.752,-5.590,-7.454,0.000,-8.805,-9.800,-11.032,-5.648,-14.857,-6.777,-11.843,-8.871,-8.787,-5.332,-4.791,-7.954,-5.139,-5.713,-4.127,-4.333,-6.041,-6.206,-3.737,-3.378,-10.734,-7.647,-6.266,0.000,-11.591,-6.275,0.367,-10.497,-4.438,0.642,-5.204,-4.500,-6.699,-7.527,-5.918,-8.304,0.000,-6.013,-5.434,-3.970,-9.316,-9.948,-5.530,-4.835,-3.298,-0.021,-7.647,0.000,-5.486,-6.201,-6.204,-9.956,-4.552,-9.010,-8.980,-7.719,-4.499,-5.303,-2.459,-3.311,-3.336,-4.580,-4.611,-4.276,-7.449,-2.214,-1.275,-4.863,0.000,-3.329,-4.575,-1.963,-4.905,-3.223,-4.941,-5.210,-4.671,-2.965,-5.451,-4.449,-6.832,0.000,-7.978,-11.850,0.000,0.000,-8.465,-7.877,0.000,-9.455,-12.493,-6.229,-3.792,-2.040,-3.705,-6.632,0.000,-7.113,-3.254,-4.978,-6.955,-4.834,0.000,0.000,-7.448,-10.310,-5.107,-14.507,-4.903,0.000,-5.809,-12.500,-7.295,0.000,-9.387,-3.910,-2.301,0.000,-5.884,-4.722,-6.333,-4.683,-3.106,-7.260,-3.471,0.000,-5.249,-4.797,0.000,-5.426,-7.661,-5.645,-6.865,-4.849,-4.310,-11.810,-9.097,0.000,-8.512,-9.039,-5.251,-5.750,0.000,0.000,-9.232,-5.965,-8.597,0.000,-1.408,-4.813,0.000,-2.071,-4.523,-4.382,-4.664,-3.258,-4.216,-6.840,-2.153,-4.254,-6.173,-5.739,-4.588,-2.495,-4.547,0.000,-5.126,-5.203,-5.454,-4.456,-3.283,-1.527,-3.051,-2.583,0.000,-3.109,-2.005,-2.525,-2.213,-2.338
I,-8.750,-6.362,-5.499,-3.679,-3.177,-2.142,-3.236,-1.969,-4.500,-5.261,-5.127,-4.162,-3.612,-7.748,-10.228,-3.911,-4.806,-8.518,-5.517,-6.935,-5.056,-7.334,-1.520,-5.467,-3.424,-5.574,-10.661,-6.795,-3.638,-9.931,-9.269,-5.614,-5.901,-6.347,-4.960,-6.366,-1.869,-5.698,-9.383,-7.381,-9.478,-11.337,-12.513,-5.219,-13.848,-8.899,-10.794,-10.757,-10.954,-2.896,-5.730,-5.658,-6.691,-6.807,-5.258,-4.819,-6.388,-6.886,-4.544,-4.690,-11.345,-10.636,-3.908,-8.833,-10.808,0.000,-2.244,-11.149,-4.529,-1.608,-5.998,-5.330,-7.610,-7.868,-7.238,-9.109,-5.295,0.000,-6.528,-4.556,-11.226,-9.270,-6.769,0.000,0.000,-3.038,-9.776,-8.504,-6.542,-7.045,-6.710,-10.824,-6.452,-11.226,-7.560,-8.660,-6.180,-4.342,-3.024,-6.277,-4.190,-5.094,-6.363,-5.056,-7.854,-4.069,-2.791,-5.099,-3.527,-3.492,-5.579,-3.277,-5.448,-4.282,-5.721,-5.889,-5.351,0.000,-5.541,-5.349,-7.311,-3.477,-5.963,-12.700,-7.959,-4.871,-8.566,-10.431,-4.678,-11.313,-13.206,-4.776,-4.298,0.000,-4.326,-8.568,-2.401,-7.175,-3.356,-6.549,-7.059,-5.896,-3.766,-6.274,-9.356,-11.987,0.000,-13.688,-5.089,-6.649,-5.156,-13.071,-7.076,-6.056,-11.381,-4.749,-2.862,-5.459,-6.430,-5.612,-6.464,-4.329,-4.988,-8.207,-4.794,-5.915,-5.801,-5.043,-3.976,-5.826,-8.317,-6.402,-7.580,-6.676,0.000,-13.622,-9.710,-6.002,-10.030,-9.331,-4.151,-6.473,-3.730,-5.079,-10.417,-7.287,-9.717,-4.310,-2.633,-5.109,-3.174,-3.808,-5.091,-4.905,-4.880,-4.469,-4.933,-7.310,0.000,-4.280,-7.615,-6.731,-4.955,0.000,-5.814,-2.771,-6.273,-5.726,-6.327,-4.907,-3.777,-2.533,-3.979,-3.045,-3.820,-3.731,-2.635,-3.359,-2.811,-2.812
M,0.000,-6.289,-6.061,-4.918,-4.618,-3.524,-4.890,-3.568,-5.656,-6.425,-6.633,-6.198,-5.788,-8.925,-12.404,-6.355,-8.208,-9.619,-7.526,-8.704,-6.111,-10.158,-4.833,-6.875,-7.594,-8.519,-10.345,-6.580,-5.601,-11.040,-9.098,-6.699,-7.491,-9.316,-6.669,-6.730,-4.959,-6.844,-10.189,-8.503,-10.661,-11.447,-12.264,-7.131,-15.365,-8.011,-12.171,-10.966,-12.456,-7.771,-6.848,-9.490,-6.428,-7.279,-6.224,-6.390,-7.944,-8.536,-6.101,-5.079,-12.071,-9.808,-7.994,-4.025,-12.038,-8.362,-0.087,-12.949,-6.825,-1.543,-7.196,-5.158,-8.084,-8.248,-7.917,-9.693,-5.784,-7.695,-7.177,-4.631,-11.285,-10.457,-6.436,-5.852,-2.805,0.000,-9.533,-6.547,-6.438,-6.680,-6.923,-10.950,-8.776,-11.212,-8.487,-8.473,-5.746,-7.285,-5.007,-6.031,-5.345,-6.949,-6.001,-6.049,-8.585,-3.750,-3.465,-5.878,-4.924,-5.363,-6.250,-4.263,-6.703,-5.577,-6.865,-6.631,-6.274,-4.551,-7.037,-5.841,-8.668,-4.121,-9.487,-13.796,-7.106,-7.784,-9.072,-9.526,-6.009,-12.494,-13.617,-6.945,-4.097,-4.763,-4.770,-8.104,-5.538,-8.566,-5.517,-7.087,-8.304,-6.647,-4.963,-4.958,-9.842,-11.188,-6.570,-13.543,-6.170,-4.315,-5.362,-12.695,-7.179,-5.000,-11.706,-5.658,-4.442,-6.649,-6.097,-5.229,-8.806,-6.109,-5.373,-9.006,-5.377,-6.218,-6.375,-6.424,-6.315,-6.343,-9.031,-6.913,-6.667,-3.985,-5.366,-13.486,-9.397,-3.894,-8.991,-8.697,-7.195,-7.271,-5.840,-5.542,-9.661,-6.779,-9.800,-5.983,-3.095,-6.388,-5.027,-4.108,-5.653,-5.634,-5.583,-5.206,-5.451,-7.861,-3.815,-5.112,-7.550,-5.968,-6.081,-4.210,-5.857,-5.181,-6.257,-6.197,-6.221,-5.878,-4.371,0.000,-4.286,-4.368,-4.829,-4.896,-3.858,-4.357,-3.813,-3.466
P,-8.702,-5.504,-4.876,-3.184,-3.287,-1.470,-3.259,-2.813,-4.275,-4.563,-4.977,-5.061,-4.192,-7.671,0.000,-5.773,-10.976,-7.019,-2.679,-6.047,-9.694,-11.691,-7.215,-7.688,-14.299,-13.199,-12.680,-6.768,-9.444,-11.827,-8.165,-12.074,-5.236,-8.730,-8.815,-9.792,-10.453,-12.115,0.000,-11.815,0.000,-10.605,-14.055,-8.895,-16.815,-10.860,-16.006,-16.643,-14.713,-13.301,-12.488,-11.665,-5.625,-3.761,-1.747,-3.215,-5.512,-6.264,0.000,-5.015,-10.079,-15.334,-13.421,-13.218,-12.533,-15.165,-7.672,-8.791,-1.754,-4.825,-6.854,-6.629,-8.531,-11.462,0.000,-9.041,-10.369,-11.302,-7.120,-7.987,-11.594,-10.901,-4.286,-9.597,-9.429,-5.140,-11.572,-11.426,-8.727,-8.769,-10.613,-11.674,-10.402,0.000,-10.073,-2.765,-3.342,-2.415,-8.638,-4.301,-6.949,-6.427,-6.030,-6.763,-7.212,-4.230,-4.825,-4.319,-8.060,-5.560,-3.525,-4.880,-3.526,-4.353,-3.895,-4.780,-4.456,-3.283,-4.348,-2.815,-8.693,-8.138,-13.887,-12.562,-13.902,-14.217,-8.965,-13.548,-12.416,0.000,-13.674,-10.579,0.000,-6.083,-4.357,-9.360,-7.802,0.000,-5.323,-5.663,0.000,-5.439,-8.916,-9.453,-11.761,-11.436,-12.168,-13.505,-11.814,-12.758,-9.822,-12.595,-11.573,-11.982,-11.556,-9.447,-8.386,-11.793,-10.012,-5.633,-11.458,-4.182,-3.435,0.000,-4.610,-7.138,-4.211,-2.285,-6.426,-3.942,-7.044,-4.733,-7.023,-6.170,-7.715,-13.889,-10.751,-10.193,-10.523,-10.627,-9.743,0.000,-9.701,-11.397,-10.531,-0.425,-8.895,-8.922,-0.589,-5.508,-3.947,-2.322,-3.558,-3.191,-3.432,-5.062,-5.019,-5.569,-5.791,-8.393,-8.400,-4.952,-8.455,-7.266,-3.965,-7.041,-9.256,-5.288,-5.008,-5.413,-3.829,1.271,-1.704,-2.387,-3.676,-3.465,-2.554,-3.168,-3.246,-3.431
Y,-9.436,-7.137,-5.993,-4.507,-3.779,0.000,-4.128,-4.259,-6.012,-6.824,-6.497,-5.897,-6.123,-7.305,-10.141,-6.122,-9.020,-8.449,-7.067,-7.694,-6.856,-12.690,-6.357,-5.327,-8.352,-11.504,-9.957,-7.424,-6.942,-2.447,-8.899,-8.689,-8.062,-11.045,-7.981,-6.739,-8.995,-7.246,-9.228,-10.302,-10.080,-8.143,0.000,-7.453,-10.149,-8.890,-10.853,-3.799,-5.532,-14.177,0.000,-12.865,-6.853,-6.906,-6.433,-6.568,-7.315,-8.237,-5.941,-6.574,-11.430,0.000,-14.073,-12.587,-14.685,-11.753,-2.204,-10.646,-6.920,-3.630,-4.948,-7.475,-8.230,-6.137,-8.327,-7.473,-6.765,-10.079,-8.600,-8.007,-10.787,-11.298,-4.998,-6.817,-8.598,-5.194,-4.606,-13.968,-5.217,-7.679,-5.931,-10.726,-5.562,-10.427,-10.064,-10.819,-5.443,-8.290,-0.966,-4.405,-4.151,-8.028,-5.544,-5.195,-7.787,-4.832,-3.443,-5.522,-5.489,-5.732,-5.999,-5.881,-5.894,-5.052,-6.974,-6.788,-6.457,-5.001,-6.393,-7.000,0.000,-6.714,-11.781,-10.460,-14.718,-10.499,-9.103,0.000,-11.533,-10.984,-11.998,-7.026,-6.566,-8.839,-2.360,-7.082,-7.264,-8.981,-6.332,-8.798,-7.221,-5.967,-7.076,-3.862,0.000,-9.550,-9.265,-14.598,-8.192,-7.889,-10.602,-11.963,-8.483,-9.749,-12.923,-7.494,-5.802,-12.498,-7.751,-5.367,-5.233,-4.725,-5.093,-9.193,-5.850,-7.594,-6.292,-5.915,-7.594,-4.427,-8.297,-6.131,-6.949,-1.960,-7.270,-11.218,-9.290,-8.358,-8.907,-6.965,-8.077,-3.588,-7.550,-7.454,-9.947,-5.661,0.000,-8.003,0.000,-6.344,-5.841,-5.145,-5.735,-5.471,-5.652,-2.905,-5.708,-7.279,-4.661,-7.529,-7.165,-4.956,-5.335,-5.076,-5.254,-5.687,-2.828,-5.580,-6.102,-4.970,-4.087,-3.125,-4.477,-3.538,-4.332,-4.410,-3.240,-3.873,-3.409,-3.572
F,-8.543,-6.782,-5.713,-4.379,-3.444,-2.806,-3.542,-3.473,-5.695,-6.298,-6.368,-5.268,-6.134,-8.755,-10.337,-6.034,0.000,-8.682,-6.348,-7.788,-7.458,-10.703,-5.436,-5.528,-6.894,-9.103,-10.169,-8.401,-5.578,0.000,-8.901,-5.253,-7.770,-8.846,-7.265,-6.513,-6.043,-6.952,-8.989,-8.115,-10.384,-7.775,-7.891,-7.843,-12.925,-8.905,-12.114,0.000,-7.018,-9.384,-3.583,-11.145,-7.064,-7.361,-6.341,-6.082,-7.173,-7.667,-5.637,-6.023,-12.332,-5.434,-8.507,-7.265,-13.281,-6.832,-1.365,-12.024,-5.198,-2.408,-5.866,-4.993,-9.116,-6.864,-8.182,-9.023,-5.057,-7.257,-8.396,-6.499,-10.126,-11.619,-6.676,-5.559,-6.537,-4.607,0.000,-9.088,-6.501,-8.031,-7.584,-11.345,0.000,-11.107,-9.051,-10.652,-6.476,-6.957,-2.653,-4.650,-3.748,-6.890,-5.148,-5.227,-7.954,-4.910,-3.604,-6.212,-4.879,-5.377,-5.995,-4.604,-6.214,-4.804,-6.418,-6.392,-5.760,-4.623,-6.631,-6.831,-4.084,-5.073,-9.462,-12.707,-8.850,-6.498,-9.248,-3.537,-8.924,-11.481,-12.718,-6.879,-5.895,-7.112,-3.878,-7.579,-6.189,-9.042,-5.675,-8.591,-7.946,-6.755,-6.544,-1.162,-4.264,-11.827,-8.219,-13.815,-7.985,-7.523,-8.718,-12.005,-9.263,-6.418,-12.281,-7.276,-6.207,-9.463,-8.682,-6.172,0.000,-5.491,-4.762,-9.090,-5.640,-6.768,-6.555,-5.666,-5.733,-5.403,-9.156,-6.256,-7.437,0.000,-5.983,-10.764,-10.540,-5.270,-10.535,-8.499,-7.596,-5.197,-6.439,-6.733,-11.093,-6.850,-7.136,-6.296,-3.335,-6.081,-5.429,-5.049,-5.906,-5.417,-5.800,-3.927,-5.699,-7.507,-4.026,-6.757,-7.686,-6.261,-5.720,-3.416,-5.710,-5.047,0.000,-6.206,-6.329,-5.508,-3.994,-2.767,-4.167,-3.077,-4.043,-3.790,-2.470,0.000,-2.956,-3.235
W,-10.640,-8.089,-7.365,-5.701,-4.968,-4.489,-5.800,-5.546,-7.132,-8.153,-7.623,-6.345,-7.875,-10.576,-12.707,-8.043,-11.187,-11.065,-8.268,-9.540,-9.010,-13.965,-8.472,-6.991,-11.372,-13.580,-11.471,-8.179,-7.671,-8.042,-11.080,-10.149,-10.435,-9.245,-9.979,-7.922,-10.499,-8.938,-11.488,-11.326,-12.565,-9.542,-12.828,-9.097,-15.679,-10.960,-16.661,-12.550,-12.200,-15.559,-7.913,-14.524,-7.771,-8.210,-8.192,-8.404,-9.732,-10.273,-8.061,-8.064,-14.010,-9.513,-14.284,-12.556,-13.967,-12.891,-7.155,-13.000,-8.219,-5.491,-7.833,-7.797,-9.759,-9.822,-10.410,-11.807,-9.713,-12.894,-11.452,-9.450,-11.917,-15.214,-8.385,-9.600,-10.288,-7.478,-8.471,-15.255,-7.845,-9.635,-9.382,-12.900,-10.840,-12.740,-9.112,-13.315,-8.237,-9.864,-7.086,-6.770,-5.759,-8.075,-7.115,-5.667,-9.815,-6.151,-6.682,-7.484,-7.696,-7.928,-8.041,-7.120,-7.853,-7.532,-8.423,-8.354,-8.050,-7.118,-9.255,-8.850,-9.578,-9.081,-13.202,-10.325,-14.074,-14.648,-12.162,-2.645,-12.148,-13.058,-13.665,-7.599,-8.610,-10.922,-4.460,-10.576,-8.878,-11.222,-7.918,-10.630,-9.274,-8.071,-7.362,-7.406,-9.068,-12.490,-11.665,-14.284,-10.598,-10.645,-13.164,-14.039,-10.885,-12.895,-15.633,-8.602,-10.133,-14.259,-9.091,-8.184,-9.082,-7.048,-7.005,-11.150,-7.702,-9.119,-8.398,-5.852,-9.614,-7.278,-10.196,-5.666,-9.305,-7.119,-9.486,0.000,-12.011,-10.060,-11.089,-10.553,-11.301,-8.174,-10.384,-6.865,-10.885,-8.558,-9.222,-9.299,-5.056,-7.613,-8.222,-6.216,-5.922,-7.036,-7.382,-6.307,-6.464,-9.079,-6.485,-8.215,-8.674,-6.489,-8.667,-4.338,-6.540,-7.871,-7.407,-7.046,-7.233,-6.768,-3.958,-4.060,-5.225,-5.025,-5.391,-5.400,-4.128,-4.564,-4.126,-2.954
