,M 1,A 2,R 3,A 4,G 5,A 6,R 7,G 8,L 9,L 10,G 11,G 12,R 13,R 14,P 15,P 16,G 17,L 18,R 19,L 20,A 21,L 22,A 23,L 24,R 25,L 26,A 27,L 28,L 29,L 30,A 31,R 32,P 33,P 34,S 35,G 36,R 37,A 38,G 39,A 40,P 41,E 42,A 43,Q 44,G 45,P 46,A 47,A 48,P 49,G 50,T 51,T 52,A 53,P 54,E 55,G 56,G 57,D 58,R 59,C 60,R 61,G 62,Y 63,Y 64,D 65,V 66,M 67,G 68,Q 69,W 70,D 71,P 72,P 73,F 74,N 75,C 76,S 77,S 78,G 79,A 80,Y 81,S 82,F 83,C 84,C 85,G 86,T 87,C 88,G 89,Y 90,R 91,F 92,C 93,C 94,H 95,D 96,G 97,P 98,R 99,R 100,L 101,D 102,Q 103,S 104,R 105,C 106,S 107,N 108,Y 109,D 110,T 111,P 112,A 113,W 114,V 115,Q 116,T 117,G 118,R 119,P 120,P 121,A 122,R 123,A 124,R 125,D 126,T 127,A 128,A 129,P 130,R 131,D 132,P 133,G 134,R 135,E 136,R 137,S 138,H 139,T 140,A 141,V 142,Y 143,A 144,V 145,C 146,G 147,V 148,A 149,A 150,L 151,L 152,V 153,L 154,A 155,G 156,I 157,G 158,A 159,R 160,L 161,G 162,L 163,E 164,R 165,A 166,H 167,S 168,P 169,R 170,A 171,R 172,R 173,T 174,V 175,T 176,R 177,A 178,L 179,T 180,E 181,L 182,L 183,K 184,Q 185,P 186,G 187,P 188,Q 189,E 190,P 191,L 192,P 193,P 194,T 195,L 196,G 197,P 198,P 199,L 200,G 201,G 202,C 203,V 204,Q 205,V 206,Q 207,M 208,G 209,D 210,G 211,L 212,P 213,R 214,G 215,S 216,P 217,H 218,N 219,S 220,A 221,D 222,K 223,K 224,R 225,L 226,N 227,N 228,A 229,P 230,R 231,G 232,S 233,A 234,A 235,P 236,G 237,P 238,P 239,R 240,G 241,P 242,R 243,L 244,Q 245,G 246,G 247,G 248,S 249,L 250,T 251,L 252,Q 253,P 254,D 255,Y 256,A 257,K 258,Y 259,A 260,T 261,F 262,K 263,A 264,A 265,A 266,L 267,K 268,A 269,A 270,E 271,A 272,A 273,P 274,R 275,D 276,F 277,C 278,Q 279,R 280,F 281,P 282,A 283,L 284,E 285,P 286,S 287,P 288,R 289,Q 290,P 291,P 292,A 293,R 294,A 295,P 296,R 297,P 298,S 299,P 300,D 301,L 302,P 303,A 304,P 305,L 306,D 307,A 308,C 309,P 310,W 311,A 312,P 313,P 314,V 315,Y 316,A 317,P 318,P 319,A 320,A 321,P 322,G 323,P 324,Y 325,A 326,A 327,W 328,T 329,S 330,S 331,R 332,P 333,A 334,R 335,P 336,A 337,P 338,L 339,S 340,H 341,P 342,T 343,A 344,R 345,A 346,F 347,Q 348,V 349,P 350,R 351,R 352,P 353,G 354,H 355,A 356,A 357,R 358,R 359,Q 360,F 361,S 362,V 363,K 364,M 365,P 366,E 367,T 368,F 369,N 370,P 371,Q 372,L 373,P 374,G 375,L 376,Y 377,G 378,S 379,A 380,G 381,R 382,G 383,S 384,R 385,Y 386,L 387,R 388,T 389,N 390,S 391,K 392,T 393,E 394,V 395,T 396,V 397
K,-11.909,-7.485,-7.109,-8.488,-7.839,-8.215,-8.347,-8.164,-6.565,-7.675,-8.513,-7.777,-8.236,-8.559,-7.895,-9.329,-9.755,-10.614,-9.555,-12.320,-9.671,-13.604,-11.131,-16.564,-8.300,-14.214,-12.583,-14.523,-12.585,-11.746,-10.623,-8.138,-9.413,-9.250,-6.987,-9.598,-8.251,-10.326,-6.712,-7.486,-7.082,-6.567,-8.265,-5.103,-7.294,-7.476,-7.810,-9.120,-8.132,-8.614,-8.281,-6.325,-9.865,-9.506,-6.070,-10.528,-13.038,-16.322,-7.720,-21.236,-9.173,-19.054,-19.108,-19.705,-16.919,-17.303,-14.215,-12.941,-13.457,-17.795,-18.975,-13.039,-17.597,-20.889,-13.056,-20.347,-9.069,-11.540,-12.630,-9.053,-14.693,-8.172,-17.976,-22.494,-17.214,-12.425,-15.411,-23.857,-13.517,-15.362,-8.850,-16.436,-23.109,-18.950,-6.185,-9.966,-5.051,-11.403,-10.752,-8.636,-16.483,-13.427,-13.486,-10.894,-7.915,-21.293,-3.254,-12.426,-15.452,-13.658,-13.577,-17.796,-9.563,-19.341,-12.816,-4.947,-12.452,-12.773,-4.733,-13.678,-15.167,-11.917,-8.849,-9.535,-6.962,-10.295,-5.091,-7.909,-7.855,-10.483,-7.982,-13.684,-14.060,-12.741,-7.653,-12.462,-11.358,-11.618,-12.291,-12.312,-17.234,-19.536,-19.882,-19.757,-16.383,-25.515,-21.296,-18.349,-18.484,-22.819,-18.587,-17.049,-18.380,-21.034,-20.044,-21.301,-17.001,-20.956,-19.517,-2.818,-19.460,-21.473,-18.528,-11.969,-5.070,-16.963,-10.501,-7.966,-14.776,-11.275,-14.221,-3.226,-5.916,-10.805,-13.887,-10.914,-9.680,-13.988,-17.456,-12.813,-11.209,-15.984,-16.389,0.000,-11.579,-13.643,-9.176,-9.357,-4.585,-5.672,-5.821,-4.013,-6.779,-5.962,-3.658,-4.501,-6.327,-5.657,-5.809,-3.385,-5.913,-3.068,-6.048,-8.512,-7.779,-12.059,-7.917,-8.516,-7.799,-5.890,-4.970,-4.720,-6.897,-4.890,-5.735,-5.418,-4.861,-2.635,-4.889,-5.838,-5.572,-4.073,0.000,0.000,-4.468,-6.294,-4.936,-2.543,-5.430,-4.609,-4.596,-5.973,-4.380,-4.391,-5.907,-6.471,-5.957,-6.233,-6.537,-5.916,-5.970,-7.336,-5.689,-6.479,-5.080,-3.837,-6.178,-5.924,-8.342,-6.253,-8.295,-9.326,-4.942,-7.271,-9.407,-11.179,-10.980,0.000,-11.437,-10.899,-6.693,-9.107,0.000,-6.026,-7.114,-5.030,-4.638,0.000,-5.404,-5.077,-5.373,-5.820,-5.569,-5.735,-5.838,-7.052,-6.464,-5.150,-4.682,-4.863,-5.146,-6.477,-5.638,-5.893,-5.528,-7.186,-5.070,-7.187,-5.836,-4.813,-7.572,-7.125,-7.542,-6.368,-6.626,-8.269,-6.378,-8.347,-5.661,-6.621,-4.285,-6.344,-7.253,-7.021,-6.950,-5.970,-5.940,-6.938,-4.493,-8.517,-3.903,-7.460,-7.619,-7.295,-5.576,-4.084,-7.405,-7.067,-7.813,-6.636,-7.229,-8.304,-6.732,-8.209,-4.574,-6.993,-7.654,-4.705,-5.920,-6.347,-5.914,-5.778,-7.165,-7.290,-6.555,-7.224,-7.219,-7.523,-6.988,-5.986,-4.338,-6.749,-4.596,-6.697,-5.114,-7.188,-5.563,-5.640,-4.974,-7.998,-5.598,-5.965,-8.190,-6.641,-5.249,-6.651,-8.852,-5.868,-7.946,-8.241,-5.651,-10.981,-8.806,0.000,-1.573,-6.093,-5.720,-5.927,-5.729,-2.520,-5.882,-4.267,-6.761,-5.999,-7.241,-7.406,-4.732,-8.945,-4.683,-6.517,-6.397,-5.211,-7.150,-7.549,-5.838,-4.564,-10.114,-6.118,-10.025,-9.163,-13.943,0.000,-12.403,-10.586,-15.925,-13.027,-16.211
R,-8.846,-3.829,0.000,-4.048,-3.798,-4.060,0.000,-3.616,-2.246,-2.135,-3.573,-3.322,0.000,0.000,-2.987,-3.649,-3.715,-5.325,0.000,-6.755,-3.539,-8.343,-5.536,-11.245,0.000,-9.954,-7.894,-9.173,-7.095,-6.827,-6.157,0.000,-5.115,-3.242,-1.573,-4.578,0.000,-5.801,-3.048,-5.161,-3.909,-3.305,-5.623,-1.490,-4.429,-4.803,-4.367,-5.641,-5.401,-5.287,-4.856,-3.558,-6.352,-6.915,-1.855,-7.229,-8.654,-14.421,0.000,-15.278,0.000,-13.627,-12.810,-15.421,-17.164,-15.043,-12.462,-10.580,-11.810,-12.001,-17.463,-10.236,-10.594,-15.964,-10.340,-14.209,-4.147,-9.570,-11.256,-7.793,-10.199,-5.621,-13.704,-14.177,-13.840,-11.024,-14.633,-16.581,-8.822,-10.479,0.000,-16.553,-15.081,-15.539,-4.003,-7.399,-3.421,-8.357,0.000,0.000,-12.934,-12.717,-9.956,-8.387,0.000,-16.327,-2.639,-10.818,-11.231,-12.796,-11.369,-13.068,-5.169,-12.712,-10.117,-4.195,-10.416,-8.144,0.000,-9.819,-10.556,-8.494,0.000,-7.438,0.000,-8.208,-2.312,-4.657,-4.826,-6.302,0.000,-10.787,-8.631,-8.240,0.000,-10.129,0.000,-8.735,-7.249,-11.696,-14.937,-15.100,-15.087,-15.272,-12.626,-17.874,-12.635,-15.535,-16.016,-18.208,-15.040,-14.167,-15.121,-15.243,-15.558,-14.563,-14.542,-13.539,-15.289,0.000,-15.255,-13.991,-12.320,-11.812,0.000,-13.933,-3.903,-5.181,-10.596,0.000,-11.174,0.000,0.000,-8.728,-9.934,-6.270,0.000,-11.620,-13.968,-8.958,-11.258,-13.878,-13.197,-2.674,-7.710,-11.068,-6.560,-6.000,-2.779,-4.459,-5.551,-2.979,-4.997,-4.978,-2.655,-3.467,-5.354,-5.186,-3.855,-2.405,-4.776,-3.322,-4.467,-7.675,-6.137,-9.954,-6.158,-6.499,-5.589,-5.190,-4.100,-3.857,-5.332,0.000,-3.829,-4.101,-3.033,-1.751,-2.766,-5.142,-4.500,-4.316,-2.496,-1.836,0.000,-5.446,-3.981,-1.863,-4.755,-4.335,0.000,-4.123,-2.933,-3.244,-4.111,-4.844,-3.647,-4.473,-4.059,0.000,-3.917,-5.206,0.000,-4.484,-2.893,-0.369,-4.263,-3.938,-6.354,-3.921,-6.249,-6.491,-4.902,-3.303,-9.476,-9.636,-10.502,-1.109,-10.618,-11.183,-4.803,-7.016,-4.287,-4.742,-6.465,-4.741,-3.656,-1.525,-4.918,-4.025,-3.759,-4.066,-4.153,-3.447,0.000,-5.149,-4.170,-2.796,-2.258,0.000,-3.349,-4.962,-4.394,-3.811,-3.520,-4.507,-2.988,-4.878,0.000,-1.900,-4.511,-4.055,-3.648,0.000,-4.138,-4.631,0.000,-4.392,-3.109,-3.699,-1.491,-3.858,-4.397,-4.065,-4.163,-2.972,-3.182,-3.951,-2.055,-5.048,-1.791,-5.003,-4.878,-4.971,-1.967,-1.402,-4.233,-4.656,-4.873,-3.897,-4.417,-5.300,-3.980,-5.024,-1.663,-4.208,-5.089,-1.892,-2.961,-2.949,-3.011,0.000,-5.347,-3.992,0.000,-5.045,-4.325,-4.950,-3.545,-3.499,-2.435,-5.076,-2.635,-4.475,0.000,-4.995,-3.250,-3.186,-3.020,-6.597,0.000,0.000,-6.108,-4.450,-3.116,-5.044,-6.763,0.000,0.000,-6.850,-4.600,-10.918,-7.293,-3.292,-1.636,-5.581,-4.857,-4.237,-3.908,-0.606,-4.694,-1.996,-5.051,-5.117,-5.400,-5.220,-2.663,-6.090,-3.732,-4.821,-4.596,0.000,-5.113,-5.158,0.000,-3.987,-8.337,0.000,-8.857,-7.843,-12.885,-8.249,-12.437,-14.459,-14.319,-12.799,-13.938
H,-12.639,-7.669,-7.245,-7.510,-7.734,-7.456,-7.315,-7.854,-5.713,-5.892,-7.286,-6.658,-7.278,-7.740,-6.656,-7.113,-7.212,-8.029,-6.537,-9.108,-7.549,-9.150,-8.933,-12.438,-5.678,-11.201,-9.861,-10.643,-9.571,-9.240,-7.781,-7.076,-8.222,-6.658,-5.347,-8.302,-6.896,-8.707,-6.630,-7.905,-7.623,-6.662,-7.770,-5.183,-7.037,-7.669,-7.881,-8.535,-7.876,-7.453,-6.673,-6.356,-9.037,-9.111,-4.051,-7.160,-9.038,-13.195,-7.289,-14.421,-5.323,-16.167,-8.219,-11.079,-13.407,-16.514,-14.644,-13.816,-11.205,-14.520,-13.203,-11.740,-12.645,-15.354,-10.683,-15.307,-9.189,-11.606,-13.877,-10.594,-6.959,-7.636,-11.542,-17.035,-17.077,-12.343,-17.659,-18.157,-8.125,-8.679,-10.089,-14.790,-18.509,-17.183,0.000,-5.913,-6.289,-10.028,-8.467,-10.440,-15.026,-10.891,-11.184,-11.596,-3.039,-19.533,-7.630,-8.725,-10.494,-11.492,-13.210,-14.572,-6.994,-16.872,-12.655,-5.592,-12.754,-9.348,-7.204,-12.697,-11.598,-10.502,-4.360,-8.619,-6.357,-8.904,-6.014,-6.348,-6.808,-7.456,-1.515,-11.151,-9.012,-10.032,-7.352,-9.178,-8.194,-10.812,0.000,-15.128,-17.749,-17.211,-9.518,-20.778,-17.100,-22.125,-18.166,-18.793,-20.545,-22.385,-18.069,-16.905,-18.631,-19.206,-19.649,-20.647,-17.452,-17.630,-17.788,-9.508,-16.367,-16.775,-13.402,-11.221,-9.407,-16.202,0.000,-10.528,-12.482,-8.704,-11.613,-5.047,-6.083,-9.233,-11.782,-9.144,-8.428,-13.840,-15.232,-10.070,-9.248,-13.711,-14.867,-7.626,-6.191,-11.244,-7.634,-5.766,-4.822,-5.374,-5.954,-5.119,-5.311,-6.000,-3.441,-4.834,-6.084,-5.324,-3.211,-4.111,-3.899,-2.931,-2.464,-7.758,-3.766,-11.624,-4.042,-8.247,-6.727,-5.387,-5.444,-4.825,-6.142,-5.009,-4.836,-4.934,-5.248,0.000,-3.100,-5.866,-5.800,-5.078,-2.904,-2.134,-4.395,-5.988,-4.157,-3.359,-5.072,-5.309,-5.150,-4.984,-4.545,-5.873,-5.632,-6.921,-6.397,-6.066,-5.937,-5.625,-5.274,-6.371,-5.018,-4.496,-3.057,-2.549,-3.981,-4.599,-6.730,-3.801,-7.297,-7.481,-4.839,-4.175,-7.893,-6.840,-9.468,-5.413,-8.429,-10.437,-4.151,-7.528,-7.684,-3.911,-6.079,-5.829,-5.137,-4.115,-6.135,-6.239,-5.337,-6.850,-6.316,-4.907,-5.765,-5.909,-5.004,-3.436,-3.854,-3.730,-4.537,-7.007,-5.899,-5.860,-4.735,-6.166,-4.905,-6.904,-5.355,-3.836,-6.297,-6.548,-6.040,-5.207,-5.864,-6.571,-5.151,-6.119,-4.459,-6.174,-3.405,-5.258,-6.323,-6.091,-5.462,-5.317,-4.144,-5.736,-4.105,-5.939,-3.533,-6.277,-6.545,-6.355,-3.444,-3.138,-6.563,-6.240,-6.303,-6.425,-5.982,-6.465,-5.443,-5.681,-3.493,-6.183,-6.137,-3.296,-4.621,-4.072,-4.666,-5.014,-6.350,-5.555,-4.744,-6.236,-6.136,-6.169,-4.644,-4.471,0.000,-5.901,-3.788,-5.088,-4.134,-5.205,-3.769,-4.335,-4.146,-6.639,-4.961,-4.134,-6.265,-4.817,0.000,-5.547,-6.014,-2.897,-6.742,-3.475,-2.238,-10.260,-5.015,-2.200,-2.772,-4.755,-5.326,-3.219,-4.783,-1.789,-4.410,-2.864,-5.692,-4.944,-6.643,-4.813,-4.014,-6.776,-4.851,-5.121,-5.031,-4.283,-5.181,-3.951,-4.575,-2.130,-6.908,-4.195,-6.433,-3.728,-13.226,-11.834,-10.846,-13.901,-16.135,-13.800,-16.787
E,-10.373,-4.829,-4.949,-6.370,-5.572,-6.412,-6.052,-6.041,-4.356,-5.276,-6.258,-5.574,-6.479,-6.330,-5.148,-5.967,-6.262,-8.286,-6.330,-9.681,-6.713,-11.345,-8.147,-14.056,-5.468,-11.369,-8.834,-10.231,-8.362,-8.309,-6.841,-4.758,-5.501,-5.241,-3.022,-5.957,-5.619,-6.642,-3.179,-3.986,-3.794,0.000,-4.414,-1.776,-3.276,-4.695,-4.662,-4.439,-4.699,-4.666,-4.579,-2.611,-5.353,-6.228,0.000,-6.497,-6.983,-7.090,-11.822,-19.173,-8.208,-12.920,-13.977,-15.952,-9.514,-12.947,-13.065,-11.504,-13.361,-17.918,-8.917,-9.703,-11.974,-19.103,-12.333,-19.816,-11.450,-11.966,-11.546,-9.696,-13.113,-11.158,-17.725,-19.747,-14.785,-11.676,-17.242,-23.861,-11.673,-15.620,-16.698,-19.053,-20.719,-15.554,-3.876,-3.545,-7.336,-9.981,-11.521,-14.961,-17.207,-6.883,-10.992,-10.946,-9.225,-21.362,-8.173,-12.394,-14.493,-8.050,-11.097,-15.881,-6.997,-18.137,-11.455,-6.778,-13.561,-11.364,-10.828,-13.571,-12.246,-9.327,-10.619,-8.141,-6.092,-5.944,-4.278,-2.722,-1.884,-5.775,-2.841,-6.077,-9.587,-4.605,-7.118,0.000,-9.826,-12.415,-10.460,-13.988,-14.180,-17.087,-16.860,-16.752,-15.645,-20.979,-13.801,-16.780,-16.327,-18.221,-17.241,-16.344,-16.090,-17.448,-16.020,-15.910,-16.167,-16.036,-16.070,-10.414,-18.964,-16.538,-17.798,0.000,-12.961,-13.903,-11.828,-10.776,-13.927,-14.652,-12.347,2.480,-6.068,-11.899,-13.203,-10.261,-7.349,-13.704,-15.489,-14.109,0.000,-16.420,-17.565,-9.937,-8.338,-11.040,-7.808,-10.013,-3.908,0.000,-5.405,-3.014,-4.344,-3.370,-1.674,-3.770,-2.872,-1.931,-1.970,-2.334,-2.316,-0.467,-5.458,-3.825,-3.787,-5.961,-2.187,-6.915,-5.096,-3.990,-5.543,-4.026,-5.031,-4.916,-5.706,-5.437,-6.272,-2.368,-4.281,-5.870,-4.777,-2.617,-3.740,-3.610,-6.187,-6.770,-4.706,-2.535,-4.888,-3.698,-4.440,-5.517,-3.760,-4.337,-4.191,-5.603,-4.450,-4.617,-4.429,-4.473,-4.655,-6.092,-3.976,-4.650,-3.609,-4.801,-4.975,-5.922,-7.303,-5.659,-7.773,-9.753,-6.084,-9.243,-5.599,-10.711,-10.698,-9.481,-10.477,-10.217,-8.576,-10.090,-10.331,-5.445,-5.871,-4.293,-1.726,-3.512,-3.247,-4.235,0.000,-4.728,-3.830,-2.270,-3.847,-4.157,-5.107,-2.542,-2.209,-3.402,-3.665,-5.409,-3.655,-4.176,0.000,-4.724,-3.050,-5.364,-3.575,-2.493,-5.095,-5.570,-5.635,-4.414,-5.551,-5.858,-4.356,-6.330,-3.454,-5.141,-2.522,-4.413,-4.726,-4.590,-3.796,-3.711,-2.951,-5.664,-2.271,-5.442,-1.380,-4.066,-4.254,-4.774,-2.802,-1.461,-4.626,-4.086,-5.466,-4.721,-4.721,-5.871,-4.154,-5.890,-2.346,-4.840,-6.624,-3.448,-4.349,-4.072,-3.041,-4.387,-4.669,-4.841,-4.395,-5.251,-4.897,-5.564,-4.641,-2.914,-1.818,-4.603,-2.258,-4.472,-3.462,-4.756,-2.638,-3.221,-2.449,-5.285,-4.439,-4.206,-5.002,-4.197,-2.971,-5.119,-6.103,-5.721,-9.576,-6.090,-3.267,-8.657,-4.186,-1.949,0.239,-0.201,0.000,-3.074,-4.890,-0.384,-5.304,-2.579,-5.233,-2.056,-4.680,-5.703,-2.842,-7.332,-2.775,-4.161,-4.909,-4.247,-5.879,-5.500,-6.592,-5.718,-6.868,-7.161,-9.891,-6.574,-13.998,-9.643,-12.288,0.000,-15.065,-14.418,-13.320
D,-11.368,-6.284,-6.497,-6.778,-7.043,-7.089,-7.152,-7.440,-4.963,-5.992,-6.921,-6.346,-7.507,-7.711,-5.979,-6.650,-6.877,-8.933,-6.808,-10.622,-8.515,-13.035,-10.233,-16.795,-7.012,-13.389,-11.432,-12.629,-9.469,-9.811,-7.944,-6.334,-6.846,-5.390,-3.971,-7.354,-6.246,-7.247,-5.301,-4.575,-5.966,-4.819,-5.655,-3.403,-4.566,-5.840,-6.280,-6.306,-6.421,-5.504,-4.992,-4.665,-7.510,-8.142,-4.129,-5.255,-7.388,0.000,-12.482,-13.672,-11.548,-11.899,-12.397,-13.552,0.000,-16.251,-14.762,-11.599,-17.668,-18.910,0.000,-11.329,-12.624,-17.659,-10.383,-16.693,-11.403,-11.335,-11.541,-8.063,-11.688,-8.637,-16.239,-18.867,-15.868,-10.300,-16.483,-21.982,-10.281,-14.851,-18.132,-18.063,-21.125,-19.162,-5.558,0.000,-7.734,-10.923,-12.973,-17.004,-19.350,0.000,-16.075,-10.787,-8.411,-19.634,-7.455,-8.453,-15.826,0.000,-11.039,-17.839,-4.475,-17.428,-13.316,-8.371,-13.511,-12.454,-13.955,-15.743,-14.411,-11.344,-11.364,-9.515,-7.635,0.000,-5.735,-3.998,-4.406,-6.031,-3.982,0.000,-9.934,-6.748,-9.904,-2.021,-10.840,-10.072,-9.927,-15.535,-16.966,-19.774,-14.836,-18.669,-15.629,-21.540,-16.801,-17.290,-16.048,-19.100,-18.522,-16.582,-17.883,-17.947,-16.767,-16.226,-17.490,-14.762,-15.841,-15.644,-21.262,-16.877,-20.153,-6.566,-15.644,-14.540,-13.634,-11.715,-15.706,-16.377,-13.336,-3.822,-8.254,-9.668,-13.436,-10.442,-9.920,-13.290,-15.366,-14.220,-3.096,-17.705,-18.973,-14.401,-10.846,-10.703,-7.913,-10.099,-5.511,-3.613,-5.298,-4.483,-4.144,-3.809,-2.486,-4.821,-4.101,-1.792,-3.742,-3.314,-1.489,-0.438,-5.267,-6.371,-4.098,-7.506,-2.282,-7.341,-5.974,0.000,-5.933,-4.362,-5.481,-5.248,-4.755,-5.547,-6.470,-2.568,-3.058,-6.009,-5.540,0.000,-4.225,-4.066,-5.869,-6.377,-4.171,-3.750,-5.491,-4.422,-5.171,-4.300,-4.131,-5.870,-5.037,-6.621,-6.111,-5.126,-5.802,-5.468,-4.856,-6.931,-5.094,-5.154,-3.881,-4.372,-4.705,-4.903,-7.598,-4.343,-7.779,-10.709,-7.808,-8.274,0.000,-10.540,-10.080,-9.845,-10.546,-9.884,-8.765,-11.491,-9.714,-5.915,-6.198,-5.190,-3.744,-4.269,-4.569,-5.655,-4.341,-5.689,-4.838,-4.216,-4.696,0.000,-4.814,-2.994,-2.940,-2.363,-3.976,-6.518,-4.144,-5.774,-4.062,-4.908,-3.952,-6.708,-5.118,-2.971,-5.408,-6.763,-6.060,-4.909,-5.503,-7.033,-5.118,-5.212,-3.966,-6.334,0.000,-4.549,-5.456,-5.755,-5.023,-4.576,0.000,-5.488,-2.869,-4.568,-2.148,-4.696,-5.569,-5.071,-2.110,-2.209,-6.439,-5.334,-6.011,-5.719,-5.390,-5.792,-4.698,-5.130,-2.665,-5.620,-5.919,-3.352,-4.035,-4.125,-4.265,-4.879,-4.748,-6.121,-4.892,-5.471,-5.968,-5.994,-4.391,-3.717,-2.586,-4.810,-2.930,-5.156,-3.912,-4.383,-3.836,-4.078,-3.128,-6.053,-5.700,-4.274,-5.146,-5.252,-3.364,-6.228,-6.917,-7.277,-10.188,-6.063,-1.767,-9.096,-5.651,-1.667,-1.085,0.211,-3.537,-2.188,-5.631,-1.618,-5.967,-2.491,-5.549,-2.096,-4.682,-5.720,-3.656,-7.007,-3.184,-4.575,-5.221,-4.662,-5.590,-5.240,-6.572,-4.311,-8.325,-6.290,-8.448,-5.748,-13.494,-12.145,-10.877,-10.296,-16.690,-14.456,-12.828
N,-13.242,-8.690,-8.816,-8.559,-8.891,-8.806,-9.169,-9.595,-7.725,-8.069,-8.712,-8.155,-9.243,-9.955,-8.658,-9.480,-9.739,-10.706,-9.499,-11.863,-10.197,-12.807,-11.394,-14.983,-7.630,-11.835,-10.232,-11.273,-9.833,-9.694,-8.660,-8.948,-8.864,-9.267,-6.314,-10.269,-9.053,-9.004,-7.084,-7.445,-8.026,-5.371,-8.212,-4.072,-7.588,-8.154,-8.348,-8.968,-2.923,-4.604,-8.027,-7.736,-10.329,-10.276,-6.483,-7.478,-10.723,-10.453,-12.164,-18.697,-12.723,-16.544,-15.458,-14.966,-10.375,-17.676,-13.465,-13.600,-13.822,-19.663,-14.219,-13.826,-15.475,-18.311,0.000,-16.219,-8.241,-8.773,-13.690,-7.753,-11.902,-5.928,-15.192,-21.281,-17.406,-11.775,-13.886,-19.412,-11.695,-13.376,-15.456,-16.635,-21.262,-20.275,-7.738,-9.707,-7.968,-11.904,-12.998,-14.959,-19.349,-7.738,-16.287,-10.562,-5.564,-20.119,-8.135,0.000,-16.752,-8.505,-12.500,-19.584,-6.916,-19.722,-13.542,-7.659,-12.595,-13.555,-11.991,-15.949,-15.957,-11.904,-10.235,-9.540,-7.051,-7.463,-6.921,-7.643,-8.260,-9.028,-7.460,-9.994,-12.176,-10.062,-10.544,-10.471,-12.180,-7.405,-6.080,-13.523,-16.792,-18.239,-15.356,-20.855,-14.584,-22.399,-21.320,-18.416,-17.646,-21.939,-21.594,-19.294,-19.118,-21.278,-20.190,-21.284,-16.108,-17.910,-18.101,-12.099,-21.465,-19.741,-19.667,-13.855,-12.809,-16.038,-10.717,-9.782,-16.949,-13.907,-12.341,-7.293,-8.991,-3.667,-13.000,-6.582,-10.205,-11.960,-17.356,-10.074,-9.157,-16.709,-17.228,-9.240,-11.548,-11.208,-6.574,-8.685,-6.108,-5.259,-6.206,-6.129,-5.115,-5.985,-4.873,-5.780,-6.244,-5.479,-6.135,-3.829,-0.621,-2.417,-3.109,-7.067,-3.675,-10.619,-4.928,-8.861,-6.128,-5.097,-4.239,-5.035,-6.304,-5.399,-5.956,-5.570,-4.741,-3.340,0.000,-6.150,-6.351,-5.371,-2.806,-3.512,-4.078,-5.123,0.000,0.000,-4.698,-5.095,-4.482,-5.616,-5.988,-6.943,-6.897,-7.725,-7.703,-7.430,-7.707,-7.442,-6.414,-8.262,-6.549,-6.981,-4.487,-5.902,-4.091,-5.041,-6.920,-3.668,-5.994,-9.181,-6.945,-2.636,-7.137,-9.034,-6.745,-5.900,-9.815,-9.270,-7.824,-9.061,-7.725,-5.985,-5.461,-6.167,-5.901,-5.763,-7.057,-7.362,-6.298,-7.255,-6.955,-6.772,-7.315,-6.592,-6.669,-4.687,-4.896,-5.174,-3.938,-8.398,-6.808,-7.869,-5.900,-7.864,-6.348,-8.821,-7.007,-5.482,-7.943,-8.983,-7.898,-7.717,-7.276,-9.344,-7.104,-8.400,-5.852,-8.602,-5.373,-6.796,-7.838,-7.732,-7.613,-7.346,-6.380,-7.444,-5.370,-7.633,-5.301,-7.711,-8.065,-7.842,-5.111,-5.564,-8.254,-7.402,-8.504,-7.919,-7.675,-8.465,-6.484,-7.872,-5.354,-7.441,-6.878,-4.866,-5.762,-6.038,-6.319,-6.427,-7.656,-7.791,-6.545,-8.146,-7.517,-7.799,-6.498,-6.127,-4.320,-6.621,-5.214,-6.535,-5.017,-6.516,-5.444,-5.965,-5.271,-7.806,-6.291,-5.780,-7.614,-6.647,-4.992,-6.937,-7.523,-5.462,-10.434,-5.728,0.569,-9.278,-5.687,-2.027,-2.205,-4.476,-5.673,-3.934,-6.397,0.000,-5.682,-3.403,-6.557,-4.745,-6.508,-7.101,-4.792,-7.630,-5.423,-5.452,-6.394,-5.501,-5.893,-5.396,-6.505,-1.542,-7.403,-4.139,-5.023,0.000,-10.554,-9.197,-6.791,-15.071,-16.475,-9.768,-15.617
Q,-11.407,-6.400,-6.019,-7.288,-6.458,-7.018,-6.128,-6.877,-5.519,-5.558,-6.448,-5.834,-6.329,-6.688,-6.136,-5.886,-6.801,-7.565,-6.421,-9.091,-6.253,-8.528,-7.813,-11.400,-4.571,-10.641,-7.971,-9.144,-8.393,-8.081,-6.146,-5.143,-6.943,-6.066,-3.828,-6.465,-5.892,-7.199,-2.687,-6.475,-4.692,-4.979,-6.253,0.000,-5.567,-6.287,-6.316,-6.945,-6.434,-6.976,-6.321,-4.948,-8.100,-7.614,-3.318,-8.621,-9.267,-13.574,-8.356,-18.042,-3.632,-16.426,-14.280,-15.958,-15.456,-15.107,-11.657,-12.673,0.000,-14.690,-15.374,-9.794,-11.736,-17.035,-11.557,-18.719,-9.245,-11.358,-12.230,-10.170,-11.618,-8.500,-14.387,-17.514,-16.039,-13.896,-16.903,-21.374,-12.333,-11.116,-10.604,-17.926,-19.627,-15.570,-1.749,-6.717,-5.513,-9.448,-9.249,-10.588,-12.451,-11.216,0.000,-10.459,-5.417,-20.309,-6.822,-11.698,-12.642,-11.800,-12.469,-13.489,-7.410,-18.133,-11.719,0.000,-13.085,-9.025,-6.171,-11.880,-11.100,-9.713,-7.006,-9.033,-4.879,-9.522,-5.435,-5.331,-4.279,-7.294,-1.554,-11.212,-7.582,-8.325,-4.927,-8.745,-7.452,-11.853,-5.332,-13.367,-16.341,-14.462,-14.769,-19.784,-16.916,-22.020,-18.566,-18.595,-19.119,-20.215,-16.772,-16.052,-16.850,-18.341,-18.548,-19.965,-15.564,-19.665,-18.914,-4.915,-16.590,-18.532,-13.544,-9.478,-9.903,-16.335,-4.841,-10.076,-11.612,-8.694,-12.927,-0.438,-4.389,-11.189,-12.431,-9.541,-7.423,-14.078,-15.451,-11.960,-7.604,-13.847,-14.333,-5.874,0.000,-9.177,-7.386,-6.167,0.000,-4.637,-5.339,-3.564,-5.259,-5.177,-3.277,-3.608,-4.974,-4.577,-3.000,-3.182,-4.217,-3.037,-4.399,-6.329,0.000,-10.350,0.000,-6.997,-5.956,-5.104,-5.051,-4.520,-5.789,-4.433,-5.790,-5.032,-5.523,-3.221,-4.351,-6.001,-4.749,-4.667,-3.258,-2.076,-5.005,-6.571,-3.838,-2.401,-5.197,-4.993,-4.670,-6.274,-4.175,-4.584,-5.198,-5.983,-5.055,-5.524,-5.473,-4.887,-5.231,-5.982,-4.334,-4.959,0.000,-4.053,-3.717,-5.168,-7.298,-4.495,-7.430,-7.313,0.000,-5.716,-7.857,-8.736,-9.900,-5.885,-9.849,-9.991,-5.117,-6.975,-6.729,-5.194,-5.420,-4.067,-3.303,-3.893,-5.445,-4.571,-4.331,-5.677,-4.877,-4.022,-4.650,-5.876,-5.794,-3.045,0.000,-3.948,-4.339,-5.187,-5.444,-4.486,-3.998,-6.117,-4.093,-6.151,-4.351,0.000,-6.043,-5.792,-5.814,-4.663,-6.095,-5.922,-4.894,-6.925,-4.107,-5.372,-3.022,-5.173,-5.473,-5.377,-4.965,-4.378,-3.888,-6.394,-3.282,-6.740,-2.694,-5.624,-5.471,-5.783,-3.794,-2.259,-5.280,-5.153,-6.005,-5.387,-5.302,-6.673,-4.665,-6.289,-3.016,-5.174,-6.800,-3.269,-4.797,-4.518,-3.793,-4.699,-6.210,-4.982,-4.536,-6.180,-5.376,-5.919,-5.090,-3.967,-2.692,-5.701,-2.933,-4.849,-3.677,-5.698,-3.084,0.000,-3.464,-5.646,-3.839,-4.050,-5.955,-4.245,-2.802,-4.285,-5.773,-0.724,-7.753,0.000,-3.323,-8.999,-5.724,2.059,-1.397,-3.798,-4.905,-4.479,-4.569,-0.877,-4.555,0.000,-5.491,-3.727,-6.139,-5.664,-3.327,-6.772,-4.018,-4.186,-4.453,-4.069,-5.339,-4.182,-4.309,-3.077,-5.543,-5.182,-7.548,-4.280,-13.223,-8.836,-11.164,-9.932,-14.449,-14.051,-16.621
T,-9.721,-6.308,-5.263,-6.230,-6.526,-5.940,-6.477,-6.112,-4.614,-5.602,-6.666,-5.324,-6.044,-6.735,-5.683,-6.994,-5.950,-6.860,-5.618,-8.256,-6.191,-9.187,-6.394,-9.084,-2.927,-8.362,-6.782,-8.493,-6.965,-7.054,-6.378,-5.057,-5.343,-5.825,-3.797,-4.764,-5.252,-6.761,-4.707,-5.075,-4.254,-4.210,-4.647,-2.345,-3.845,-3.406,-5.127,-5.284,-4.704,-3.319,0.000,0.000,-5.805,-5.215,-1.369,-4.875,-9.355,-12.008,-8.909,-17.816,-10.633,-16.125,-15.236,-16.254,-15.352,-14.211,-10.190,-15.945,-13.685,-18.391,-16.520,-9.784,-12.018,-16.900,-7.866,-16.879,-8.393,-6.471,-14.072,-3.989,-10.330,-5.193,-14.105,-18.587,-16.004,-14.075,0.000,-21.367,-11.389,-15.209,-13.799,-17.938,-20.224,-17.453,-4.264,-9.776,-7.778,-8.812,-10.159,-13.289,-13.808,-12.876,-13.982,-6.937,-1.631,-19.118,-4.995,-11.357,-16.051,-15.658,0.000,-14.384,-6.032,-15.806,-8.012,-7.780,0.000,-11.275,-10.918,-11.704,-10.322,-6.815,-9.166,-6.291,-6.512,-5.856,0.000,-6.017,-5.728,-6.774,-6.614,-10.835,-8.964,-5.657,-6.702,-11.427,-6.274,-1.457,-9.253,0.000,-7.071,-8.598,-15.978,-8.589,-6.288,-14.391,-15.323,-9.252,-8.975,-10.266,-11.040,-11.291,-8.784,-12.893,-8.590,-11.571,-8.228,-11.397,-4.853,-9.284,-16.032,-13.707,-13.185,-13.885,-11.038,-10.030,-6.904,-6.787,-12.511,-13.240,-8.501,-6.226,-4.970,0.000,-10.931,0.000,-8.574,-4.081,-13.513,0.000,-10.554,-11.091,-12.509,-9.135,-8.337,-8.855,-6.858,-6.121,-2.588,-3.147,-4.893,-3.858,-4.944,-5.515,0.000,-4.219,-5.785,-4.742,-5.229,-3.686,-5.261,-2.917,-2.357,-5.822,-5.031,-8.186,-4.333,-6.281,-4.725,-4.130,-3.032,-3.617,-5.375,-4.758,-4.584,-4.200,-4.789,-2.850,-2.693,-3.705,-4.741,-4.057,-2.295,-2.902,-4.542,-6.056,-4.918,-1.390,-4.417,-4.848,-4.555,-4.574,-4.072,-5.237,-4.838,-6.337,-5.336,-4.789,-5.691,-5.299,-4.864,-5.928,-4.681,-4.903,-3.716,-5.060,-3.993,-4.915,-4.470,-4.130,0.000,-6.920,-5.800,-3.440,-6.835,-8.149,-6.829,-7.247,-8.297,-8.405,0.000,-5.665,-8.725,-5.710,-5.178,-5.194,-4.722,-4.278,-6.317,-5.630,-4.351,-6.128,-5.553,-5.340,-5.233,-4.660,-4.715,-2.520,-3.102,-3.850,-3.954,-5.943,-4.221,-5.261,-4.246,-6.152,-4.311,-6.230,-4.549,-2.997,-5.701,-6.415,-5.338,-5.142,-5.078,-6.554,-4.348,-5.871,-4.351,-5.860,-2.583,-4.254,-6.024,-5.304,-4.850,-4.648,-4.271,-4.747,-3.149,-5.094,-2.984,-5.350,-5.964,-6.173,-3.068,-2.475,-5.372,-5.275,-6.447,-5.506,-5.515,-6.824,-4.901,-5.685,-3.037,-5.335,-3.244,-3.093,0.000,-4.196,-3.802,-4.246,-5.805,-5.569,-4.794,-5.867,-5.344,-3.986,-4.294,-4.230,-2.302,-5.183,0.000,-5.051,-3.427,-3.973,-3.033,-2.881,-3.554,-6.237,-4.330,-3.900,-6.334,-4.940,-3.121,-4.844,-4.604,-4.193,-9.222,-5.519,-3.061,-6.861,-4.244,-3.668,-1.078,-4.869,-4.712,0.000,-5.170,-1.420,-4.499,-2.963,-6.305,-5.380,-5.882,-5.423,-3.988,-6.297,-3.787,-4.831,-5.180,-4.827,-5.021,-4.602,-5.410,2.059,-4.370,-2.981,0.000,-7.449,-7.742,-10.327,0.000,-15.776,-12.902,0.000,-13.952
S,-9.803,-5.639,-4.507,-4.971,-5.205,-4.622,-4.974,-5.149,-3.218,-3.857,-5.296,-4.111,-4.724,-5.359,-4.188,-5.458,-4.868,-6.213,-4.902,-8.370,-5.362,-9.052,-5.961,-9.423,-2.610,-8.830,-6.157,-8.124,-6.785,-6.552,-5.433,-4.173,-5.316,-4.776,0.000,-4.604,-4.639,-6.436,-4.001,-4.208,-4.399,-3.990,-4.954,-1.916,-4.210,-4.078,-4.855,-5.116,-5.045,-4.307,-3.823,-3.520,-5.569,-5.541,-1.366,-4.759,-7.354,-9.890,-9.104,-16.477,-9.485,-12.130,-12.728,-12.926,-14.291,-15.432,-11.768,-11.354,-14.460,-15.721,-15.003,-8.403,-11.228,-13.774,-6.071,-13.574,0.000,0.000,-10.677,-6.747,-7.895,0.000,-10.406,-15.135,-12.340,-9.601,-6.964,-16.421,-7.750,-11.581,-12.305,-13.296,-15.135,-14.366,-4.749,-8.710,-6.177,-7.708,-7.754,-12.383,-15.592,-11.771,-13.399,0.000,-1.974,-16.227,0.000,-6.930,-14.138,-13.332,-6.804,-12.646,-4.816,-14.457,-10.533,-7.691,-8.473,-10.450,-9.663,-11.623,-11.335,-6.353,-8.119,-6.098,-6.204,-5.372,-2.032,-2.929,-4.566,-6.043,-4.782,-9.471,-5.867,-5.617,-7.215,-9.746,-5.746,0.000,-7.120,-10.537,-9.692,-12.873,-13.406,-9.303,-6.963,-10.120,-11.158,-11.782,-9.664,-9.445,-12.373,-11.226,-11.680,-11.736,-10.653,-12.682,-13.249,-8.484,-10.373,-11.073,-17.026,-11.171,-14.076,-12.969,-11.681,-10.710,-8.736,0.000,-11.300,-11.932,-9.613,-7.320,-7.117,-4.041,-11.312,-1.999,-6.753,-7.004,-14.413,-7.236,-11.434,-14.061,-13.230,-9.913,-8.608,-8.336,-4.733,-5.507,-1.537,-3.491,-4.855,-2.860,-3.629,-4.522,-2.656,-3.360,-5.022,-4.126,-4.237,-2.732,-4.085,-2.682,-0.717,-5.231,-4.319,-9.223,-4.034,-6.730,-4.925,-3.487,-2.455,-2.716,-4.765,-3.910,-3.808,0.000,-3.836,-2.070,-1.230,0.000,-3.579,-3.172,-2.000,-3.342,-4.467,-5.155,-3.411,-0.252,-2.881,-3.577,-3.507,-3.751,0.000,-3.673,-3.351,-5.412,-4.042,-3.834,-4.594,-4.331,-3.782,-4.790,-3.348,-4.253,-2.472,-3.998,-3.005,-3.239,0.000,-1.708,-4.781,-5.263,-5.815,-0.168,-6.814,-8.148,-6.418,-6.808,-7.707,-7.662,-3.619,-6.964,-7.363,-4.362,-4.166,-3.812,-3.503,-3.240,-5.624,-4.662,-3.574,-5.511,-4.287,-4.234,-4.298,-4.351,-3.504,-1.768,-2.275,-3.249,-3.181,-4.730,-3.894,-4.785,-3.611,-5.449,0.000,-5.410,-3.633,-2.398,-4.367,-5.279,-4.526,-4.124,-4.240,-5.233,-2.874,-4.711,0.000,-4.786,-1.583,-3.487,-5.120,-4.164,-4.021,-4.064,-3.468,-4.318,-2.101,-4.351,-2.294,-4.708,-4.836,-5.445,-2.013,-1.934,-4.706,-4.532,-5.527,-4.783,-4.503,-5.818,-3.916,-4.817,-2.283,-4.302,-3.474,-2.054,-2.967,0.000,0.000,-3.375,-5.457,-4.369,-3.700,-5.353,-4.199,-1.675,-3.319,0.000,-1.291,-4.337,-2.594,-4.204,-2.843,-3.483,-2.486,-2.161,-2.721,-5.419,-3.462,-2.769,-5.454,-3.807,-2.412,-4.237,-4.621,-3.001,-8.086,-4.869,-1.252,0.000,-3.406,-2.530,-0.447,-4.008,-3.642,-2.845,-4.076,-0.104,-3.617,-1.851,-5.364,-4.297,-4.854,-4.513,-3.162,-4.632,0.000,-3.660,-4.173,-3.495,-3.847,0.000,-4.198,-0.350,-4.865,-2.211,-2.451,-5.659,0.000,-11.716,-5.696,-15.059,-12.289,-9.052,-13.856
C,-10.741,-7.799,-6.088,-6.243,-6.451,-6.660,-6.099,-6.475,-4.678,-4.024,-5.907,-5.911,-6.377,-6.428,-5.162,-6.005,-5.611,-7.411,-5.424,-7.945,-6.124,-8.019,-6.357,-8.187,-3.942,-7.221,-6.788,-7.890,-6.725,-6.497,-6.876,-5.683,-6.432,-5.471,-3.740,-5.090,-6.311,-6.021,-7.694,-7.280,-7.894,-7.957,-8.232,-6.280,-8.996,-9.888,-9.383,-10.009,-10.798,-10.888,-9.941,-8.979,-11.830,-12.461,-7.573,-11.743,-13.553,-18.001,-11.050,0.000,-13.492,-15.521,-12.770,-13.357,-18.522,-20.210,-19.078,-15.013,-19.945,-14.446,-20.097,-16.960,-16.747,-14.737,-14.889,0.000,-12.621,-12.934,-15.941,-16.078,-11.752,-10.412,-11.760,0.000,0.000,-13.245,-16.017,0.000,-12.378,-12.986,-11.990,-11.575,0.000,0.000,-10.164,-14.966,-13.406,-16.567,-14.246,-13.648,-18.227,-18.190,-16.624,-12.527,-9.652,0.000,-10.124,-13.278,-14.367,-17.409,-14.714,-18.739,-11.752,-13.634,-14.813,-13.183,-15.105,-15.975,-14.053,-17.052,-16.400,-14.099,-12.501,-12.117,-12.256,-12.265,-7.833,-10.154,-8.282,-8.629,-6.610,-13.058,-11.053,-13.010,-12.184,-14.568,-10.078,-11.300,-10.492,-16.365,-14.975,-16.290,-10.397,-14.052,-11.721,0.000,-11.322,-13.565,-14.399,-12.476,-11.970,-12.827,-12.303,-11.907,-13.060,-14.056,-16.010,-8.221,-13.330,-11.870,-15.951,-13.698,-14.653,-14.318,-4.878,-16.825,-11.091,-9.966,-17.189,-11.595,-15.547,-11.379,-10.222,-10.885,-11.861,-8.928,-10.130,-11.932,-15.566,-11.295,-15.115,-15.309,-13.464,-11.452,-12.069,-15.029,-6.526,-8.937,-4.313,-6.288,-7.645,-3.965,-5.746,-6.649,-4.655,-5.238,-6.856,-6.830,-5.837,-4.728,-5.736,-5.407,0.000,-8.476,-7.294,-11.668,-6.631,-8.386,-2.798,-6.137,-5.136,-5.000,-6.063,-5.449,-5.353,-5.667,-5.621,-3.821,-2.626,-5.960,-3.890,-6.025,-3.581,-4.514,-5.695,-6.184,-4.356,-3.385,-4.914,-5.564,-4.932,-5.059,-4.612,-5.331,-5.229,-6.832,-5.893,-5.992,-5.641,-5.735,-5.475,-6.867,-4.721,-6.317,-3.792,-5.367,-4.833,-4.877,-7.188,-1.990,-7.891,-5.738,-5.569,-3.902,-9.000,-7.864,-7.164,-6.918,-8.164,-9.570,-8.547,-6.574,-10.281,-6.314,-6.496,-6.798,-5.663,-5.025,-7.935,-6.408,-5.958,-7.258,-6.319,-6.214,-5.375,-7.338,-5.080,0.000,-4.240,-5.210,-4.722,-7.096,-6.146,-6.093,-4.997,-7.221,-4.566,-6.561,-5.552,-3.715,-6.541,-6.142,-6.004,-5.159,-5.658,-6.594,-4.480,-5.937,-4.026,-5.418,-3.524,-4.761,-5.344,-5.163,-5.150,-4.761,-4.592,-5.338,0.000,-5.400,-3.076,-7.131,-6.001,-6.390,-3.325,-2.969,-5.395,-5.701,-6.154,-6.232,-5.925,-6.424,-5.055,-6.353,-3.422,-6.071,-5.930,-3.573,-5.295,-4.379,-4.869,-5.178,-6.940,-6.494,-5.249,-6.624,-5.568,-6.323,-5.430,-4.795,-3.074,-5.862,-4.403,-5.872,-4.271,-5.904,-4.155,-4.266,-5.626,-7.741,-5.884,-4.757,-7.629,-5.468,-4.195,-6.137,-5.995,-5.317,-9.423,-7.694,-2.837,-9.658,-4.842,-4.699,-3.009,-6.137,-6.107,-4.455,-4.625,-1.247,-5.516,-3.585,-6.698,-6.393,-6.843,-5.171,-3.734,-6.175,-6.111,-5.622,-6.449,-5.733,-6.269,-3.822,-5.867,-3.069,-6.077,-4.940,-6.654,-6.792,-11.051,-13.190,-10.407,-16.804,-14.453,-13.506,-13.211
G,-8.227,-3.511,-3.086,-3.683,0.000,-3.776,-3.714,0.000,-2.074,-2.096,0.000,0.000,-4.013,-3.396,-2.198,-3.456,0.000,-5.869,-3.113,-6.999,-3.865,-8.763,-4.734,-9.372,-1.119,-7.453,-4.823,-7.465,-5.271,-5.248,-4.779,-2.780,-3.847,-2.103,-1.098,0.000,-3.695,-4.591,0.000,-3.968,-3.581,-2.681,-4.536,-1.153,0.000,-4.674,-3.876,-4.251,-4.390,0.000,-3.465,-1.932,-4.566,-4.855,-0.375,0.000,0.000,-9.926,-10.118,-16.814,-9.112,0.000,-14.336,-14.824,-12.609,-14.808,-12.080,0.000,-15.550,-14.863,-13.645,-10.437,-10.253,-16.500,-8.638,-15.186,-10.388,-7.670,0.000,-8.529,-11.794,-8.440,-15.387,-14.661,-13.117,0.000,-13.437,-17.852,0.000,-14.135,-12.604,-17.544,-17.833,-15.538,-5.233,-7.023,0.000,-8.429,-6.614,-12.091,-16.705,-10.682,-13.947,-7.349,-4.883,-16.699,-6.176,-10.720,-15.372,-12.048,-10.935,-16.177,-5.494,-12.685,-11.681,-7.578,-10.860,0.000,-10.611,-12.728,-10.767,-6.939,-7.623,-6.310,-4.304,-5.393,-2.411,-3.865,-3.479,-5.273,-2.919,-7.023,-7.497,0.000,-5.230,-6.504,-5.003,-6.016,-6.989,-12.290,-7.605,-14.005,-14.344,-10.369,-9.034,-12.749,0.000,-10.435,-11.186,-6.404,-10.814,-10.399,-8.423,-8.061,-6.297,0.000,-12.805,0.000,-9.774,-9.404,-16.623,0.000,-15.438,-9.184,-8.877,-11.345,-7.811,-4.205,-12.164,-10.642,-9.307,-4.169,-6.682,-8.299,-10.212,-4.434,-7.066,-9.768,-14.169,-9.103,-7.983,-15.297,-14.089,-9.207,-8.632,-8.575,0.000,-5.446,-1.752,-2.168,-3.774,-0.741,-2.872,-2.892,-1.246,-3.358,0.000,-3.366,-2.780,-1.695,0.000,0.000,-3.812,-6.889,-5.103,-8.438,-5.002,-6.086,0.000,-3.315,0.000,-2.819,-3.854,-3.112,0.000,-3.698,-4.269,-1.308,-1.477,-4.880,-4.318,-4.128,-2.587,-2.913,-3.790,-5.054,-3.483,-0.398,-3.641,-4.125,-2.920,0.000,-2.693,-3.196,-3.530,-4.858,0.000,-3.844,-3.445,-3.306,0.000,-4.940,-2.725,-3.528,-1.656,0.000,0.000,0.000,-5.060,-2.918,-5.001,-6.792,-5.956,-2.946,-6.274,-9.109,-8.386,-7.423,-9.504,-8.526,-7.925,-8.977,-7.199,-3.063,-5.081,-4.170,-3.267,-2.016,-4.207,-3.956,-2.814,-4.047,-3.692,-3.857,-3.248,-3.819,-3.902,-2.153,-1.875,-3.298,-3.216,-5.006,-3.809,-4.290,-3.238,-4.591,-2.688,-5.358,-3.242,-1.898,-4.080,-4.516,-4.072,-3.912,-3.897,-5.406,-3.410,-4.346,-2.922,-4.605,-1.794,-3.733,-4.339,-3.652,-4.155,-3.120,-2.769,-4.102,-1.589,-4.550,-1.775,-3.955,-4.038,-4.195,-1.495,-1.681,-4.320,-3.962,-4.489,-3.955,-4.128,-5.030,0.000,-4.347,-1.376,-3.509,-4.260,-1.838,-2.244,-2.774,-2.777,-3.161,-4.365,-3.786,-3.222,-4.471,-3.679,-4.436,-2.921,-2.770,-1.665,-3.593,-1.856,-4.033,-2.409,-3.706,-2.321,-2.536,-1.895,-5.178,-2.878,-2.513,-4.490,0.000,-1.411,-3.599,-4.746,-3.708,-8.527,-5.950,-2.227,-9.103,-3.818,-3.534,0.693,-2.873,-2.679,-2.923,-3.963,1.067,-3.673,-1.175,-4.154,-3.752,0.000,-4.229,-1.812,0.000,-2.256,-3.451,0.000,-2.661,0.000,-3.038,-4.191,-1.138,-5.632,-4.310,-6.876,-4.875,-10.124,-12.532,-8.670,-12.658,-15.790,-14.643,-11.473
A,-8.227,0.000,-2.517,0.000,-3.790,0.000,-3.587,-3.560,-1.859,-2.488,-3.808,-2.884,-3.405,-3.836,-2.796,-3.796,-3.205,-4.287,-1.859,-5.328,0.000,-6.174,0.000,-6.075,0.418,-4.960,0.000,-5.277,-3.689,-3.961,0.000,-2.120,-2.794,-2.699,-0.775,-2.293,-2.950,0.000,-2.308,0.000,-3.040,-2.725,0.000,-0.696,-2.610,-3.531,0.000,0.000,-3.235,-2.463,-2.595,-1.193,0.000,-3.242,0.500,-3.944,-6.559,-10.532,-9.282,-17.777,-8.361,-11.178,-13.784,-14.373,-14.118,-10.945,-10.173,-10.606,-13.022,-16.160,-13.508,-5.660,-8.866,-15.394,-6.194,-16.071,-9.906,-5.236,-10.056,0.000,-8.718,-6.385,-13.710,-17.675,-12.670,-8.994,-9.254,-18.934,-2.531,-12.948,-13.465,-16.519,-20.982,-15.999,-0.955,-6.381,-4.478,-6.192,-7.398,-12.585,-13.859,-10.224,-11.989,-5.830,-3.038,-18.006,-5.322,-10.647,-14.220,-11.560,-8.125,-11.891,0.000,-14.668,-6.104,-7.295,-8.990,-8.726,-9.706,-9.789,-8.354,0.000,-7.425,0.000,-4.817,-5.160,-1.389,0.000,0.000,-4.382,-4.001,-8.194,-6.980,-2.170,-5.180,-8.046,-2.696,-4.293,-9.034,-7.389,0.000,-7.982,-15.656,0.000,-6.486,-11.441,-10.897,-7.325,0.000,0.000,-7.214,-8.020,-6.728,-7.582,0.000,-6.724,-8.645,-6.297,0.000,-9.762,-13.001,-6.345,-11.336,-10.320,-11.003,0.000,-7.015,-4.983,-9.508,-12.630,0.000,-5.540,-4.620,-6.782,-8.316,-2.052,-7.743,0.000,-10.543,-3.703,-8.099,-9.514,-11.194,-10.135,-4.725,-6.742,-4.969,-3.677,-0.752,-1.077,-3.440,-2.022,-3.576,-3.864,-1.450,-2.818,-4.377,-3.577,-3.416,-1.750,-4.235,-2.707,-1.963,-4.975,-4.903,-5.923,-3.463,-4.923,-3.310,-3.107,-3.213,-2.645,-3.538,-3.270,-3.536,-3.358,-3.903,-1.535,-1.772,-4.295,0.000,-2.996,-2.023,-1.809,-3.946,-4.994,-3.360,-1.019,0.000,-3.456,-2.713,-3.166,-2.487,0.000,0.000,-4.556,-3.747,-3.475,-3.464,-3.390,-3.271,-4.454,-2.773,-3.091,-1.583,-3.000,-2.490,-3.105,-4.333,-1.832,-5.318,-5.128,-4.476,-3.197,-6.258,-7.393,0.000,-7.400,-8.167,0.000,-5.286,-5.967,-8.474,0.000,0.000,0.000,-1.391,-1.434,0.000,0.000,-1.836,0.000,0.000,-3.110,-3.091,-3.422,-3.446,-1.080,-1.156,-2.712,-2.382,-4.383,0.000,-3.093,-2.630,-3.985,-2.130,-4.470,-2.491,-1.146,-3.971,-4.215,0.000,-3.115,0.000,-4.509,-2.959,-3.767,-2.294,-3.972,-1.016,-2.736,-4.117,0.000,-3.444,-2.653,-2.167,0.000,-1.267,-3.594,-1.035,0.000,-3.896,-4.140,-0.991,-0.337,0.000,-3.539,-4.213,0.000,0.000,-4.591,-3.088,-4.127,-0.960,0.000,0.000,-1.279,-2.341,-2.283,-2.143,-2.511,-3.948,0.000,-2.509,-3.826,0.000,-3.711,-2.351,-2.342,-0.806,-3.769,-1.592,0.000,-2.021,0.000,-1.534,-1.961,-1.814,-4.917,-2.455,-2.013,-4.256,-2.936,-1.076,0.000,0.000,-3.524,-8.626,-5.129,-1.225,-7.053,-3.086,-3.403,0.800,-3.493,-2.801,-2.174,-3.955,0.475,-3.432,-1.298,-4.098,-3.320,-4.258,-4.031,-1.878,-4.236,-2.310,0.000,-3.662,-3.057,-3.589,-3.023,-4.004,0.725,-3.951,-3.940,-4.873,-6.288,-9.416,-9.247,-7.206,-12.952,-12.106,-9.945,-10.035
V,-9.020,-6.195,-5.014,-5.816,-6.359,-6.106,-6.206,-5.719,-4.328,-5.296,-6.725,-5.615,-6.098,-6.082,-5.208,-6.894,-5.938,-6.926,-4.826,-7.009,-5.639,-7.738,-5.781,-7.372,-2.458,-5.733,-5.824,-6.393,-5.753,-6.387,-6.265,-4.029,-3.894,-5.526,-3.632,-3.938,-5.700,-7.238,-4.915,-5.292,-4.981,-4.649,-5.302,-2.780,-3.962,-5.553,-5.179,-5.004,-4.663,-3.839,-5.157,-3.813,-5.915,-5.922,-1.680,-6.885,-9.866,-13.571,-8.645,-18.306,-10.571,-14.779,-14.260,-14.983,-15.837,0.000,-11.745,-15.220,-15.327,-16.276,-14.362,-10.128,-13.581,-13.738,-8.544,-17.574,-10.218,-10.602,-14.512,-6.211,-11.603,-6.421,-11.452,-17.309,-13.670,-14.547,-13.984,-21.861,-8.601,-13.636,-15.529,-15.431,-21.379,-16.401,-3.803,-8.133,-7.744,-10.298,-12.333,-15.043,-12.066,-11.399,-15.135,-11.099,-6.327,-20.076,-9.789,-13.472,-16.114,-10.229,-11.826,-16.530,-6.131,-15.790,0.000,-9.191,-11.746,-11.449,-11.672,-13.515,-12.043,-8.327,-8.719,-4.396,-5.916,-6.530,-5.164,-6.469,-6.245,-7.583,-6.049,-11.118,-10.921,-6.501,-7.420,-10.938,-8.706,-8.428,-11.710,-7.654,-2.725,0.000,-15.874,-5.358,0.000,-13.311,-12.587,0.000,-7.881,-10.409,-3.669,-8.205,0.000,-8.169,-3.568,-11.068,-5.152,-11.182,-6.108,-11.278,-9.549,-13.611,-7.732,-12.094,-11.398,-9.159,-9.992,-9.566,-14.448,-15.558,-10.042,-6.439,-2.510,-12.064,0.000,-9.224,-10.265,-7.803,-7.625,-7.084,-11.288,-5.975,-9.699,-11.584,-9.031,-10.819,-7.911,-7.891,-4.192,-3.740,-5.663,-4.601,-5.578,-5.629,-3.996,-4.929,-5.744,-5.330,-5.039,-4.046,-5.636,-2.207,-2.703,0.000,-6.123,0.000,-4.822,-4.123,-1.008,-4.712,-3.557,-4.462,-5.372,-5.016,-4.944,-5.375,-5.407,-3.244,-3.419,-5.032,-4.235,-3.744,-2.701,-3.163,-4.736,-6.489,-4.801,-2.345,-4.401,-5.400,-4.424,-4.764,-4.806,-5.303,-5.281,-6.853,-5.875,-5.606,-6.201,-5.708,-5.260,-6.985,-4.635,-5.349,-3.952,-5.110,-4.701,-5.070,-6.394,-4.457,-8.696,-6.549,-7.035,-4.525,-8.293,-7.029,-6.283,-9.284,-6.868,-5.727,-8.904,-5.736,-11.795,-5.909,-5.851,-7.224,-5.334,-5.230,-6.562,-6.211,-5.160,-6.012,-5.681,-5.923,-4.552,-5.743,-5.309,-2.950,-3.457,-4.345,-3.697,-6.355,-5.248,-5.309,-4.866,-6.180,-3.894,-6.590,-4.933,-3.535,-5.973,-6.767,-5.909,-5.791,-5.585,-7.198,-5.013,-6.186,-4.012,-5.198,-3.245,-4.955,-5.968,-5.243,-5.363,-4.900,-4.892,-5.658,-3.236,-5.794,-3.193,-5.685,-5.691,-6.050,0.000,-3.114,-4.972,-4.507,-6.126,-5.601,-5.565,-6.968,-4.833,-6.097,-3.307,-5.321,-6.130,-2.790,-4.613,-4.326,-4.133,-4.449,-6.242,-5.872,-4.444,-6.536,-5.341,-5.750,-4.796,-4.360,-1.871,-5.669,-3.888,-5.383,-3.876,-5.469,-3.074,-3.509,0.000,-7.109,-4.062,-3.606,-6.623,-4.780,-3.180,-4.893,-2.526,-5.131,-10.782,-7.756,-3.047,-10.579,0.000,-5.529,-1.195,-5.702,-5.095,-4.036,-4.804,-1.258,-4.394,-3.124,-4.935,-5.609,-6.135,-5.324,-3.139,-6.326,-4.544,-5.329,-5.653,-4.820,-6.406,-5.292,-5.780,-0.419,-3.618,-5.467,-6.584,-8.830,-12.446,-11.489,-9.971,-13.307,0.000,-13.259,0.000
L,-9.548,-4.925,-4.247,-4.866,-5.577,-4.995,-4.311,-4.925,0.000,0.000,-4.518,-3.804,-3.949,-4.558,-3.816,-4.260,-4.354,0.000,-2.483,0.000,-2.580,0.000,-2.885,0.000,-0.524,0.000,-2.956,0.000,0.000,0.000,-3.068,-2.311,-3.380,-4.494,-2.030,-3.925,-4.447,-4.905,-4.021,-5.579,-5.011,-4.819,-5.113,-2.562,-4.777,-5.553,-5.595,-5.592,-4.896,-5.206,-5.198,-4.452,-6.804,-6.420,-1.113,-7.489,-9.707,-15.043,-4.513,-17.522,-5.913,-16.871,-11.983,-13.558,-17.901,-9.956,-10.931,-15.736,-12.478,-14.949,-16.050,-8.063,-11.818,-9.740,-10.209,-17.290,-7.415,-10.400,-14.634,-8.571,-9.135,-6.056,-10.223,-18.297,-17.893,-14.395,-14.208,-20.431,-10.396,-6.091,-12.638,-11.468,-19.447,-11.983,-3.727,-9.634,-8.611,-9.407,-11.417,-12.458,0.000,-13.354,-12.807,-10.087,-5.082,-19.485,-7.783,-12.370,-13.282,-14.152,-12.170,-12.053,-4.996,-14.375,-5.171,-7.315,-12.431,-10.905,-9.413,-11.135,-11.362,-9.907,-8.161,-7.067,-6.580,-8.482,-5.773,-6.034,-6.060,-6.429,-4.728,-11.905,-6.983,-7.663,-5.054,-11.548,-7.899,-9.896,-10.261,-8.097,-7.394,-5.867,-14.034,-11.077,-8.448,-12.719,-14.206,-8.034,-13.347,-11.968,0.000,0.000,-7.381,0.000,-4.221,-12.751,-6.554,-10.198,-9.401,-9.103,0.000,-13.672,0.000,-12.521,-8.193,-12.174,-8.348,-10.055,-12.007,-12.585,-13.545,-7.453,-4.524,-11.650,-4.131,-8.404,-10.311,-10.291,0.000,-9.312,-13.198,0.000,0.000,-9.560,-8.688,-12.367,-7.269,-6.928,-3.187,-5.174,-4.358,0.000,-5.226,-4.961,-3.614,0.000,-5.469,-5.138,-4.766,0.000,-5.473,-2.241,-3.352,-2.352,-6.468,-6.872,-5.658,-3.345,-1.274,-3.277,-3.438,0.000,-3.943,-3.168,-3.629,-3.688,-3.273,-2.593,-1.480,-2.967,-1.184,-3.622,-1.025,-1.256,-0.074,0.000,-2.264,-0.815,-2.640,-3.130,-3.075,-3.622,-2.860,-3.600,-4.360,-4.542,-5.017,-4.769,-4.814,-4.326,-4.301,-4.981,-3.225,0.000,-2.136,-4.124,-3.200,-3.785,-5.239,0.000,-7.564,0.000,-5.054,-4.445,-7.293,-4.070,-8.931,-8.273,-5.734,-8.607,-8.215,-0.581,-10.574,-5.305,-4.829,-5.768,0.000,-4.078,-6.114,-4.636,-4.217,-4.650,-4.997,-5.155,-2.553,-5.533,-3.482,-0.665,-1.971,-3.547,-2.189,-4.919,-4.538,0.000,-3.576,-4.766,-2.989,-5.075,-3.746,-2.350,-4.886,-4.896,-4.853,-3.679,-4.477,-4.886,-3.340,-4.333,-2.818,-3.198,-1.838,0.000,-3.803,-4.128,-3.932,0.000,-3.503,-4.226,-2.268,-4.809,-1.683,-5.514,-5.027,-5.109,-2.556,-1.324,-4.522,-4.125,-4.972,-4.654,-4.698,-5.310,-4.263,-4.830,-2.086,-4.713,-5.234,-1.171,-3.804,-2.630,-3.176,-3.151,-4.864,-4.430,-3.255,-5.197,-4.326,-4.716,0.000,-2.764,-1.016,-4.995,-3.065,-4.144,-3.112,-5.229,-1.830,-2.675,-3.358,-5.812,-3.652,-2.912,-5.255,-3.072,-1.226,-3.106,-1.267,-4.861,-9.470,-7.378,-1.163,-9.549,-3.598,-5.427,-2.469,-5.379,-5.059,-4.237,-3.101,-0.331,-2.350,-2.890,0.000,-4.826,-5.399,0.000,-1.682,-5.343,-4.433,-3.431,-4.709,-3.019,-6.033,-3.374,-4.598,0.422,0.000,-5.684,-5.937,-6.933,-11.792,-12.740,-10.637,-13.579,-5.073,-13.783,-10.478
I,-11.792,-9.226,-8.378,-9.110,-9.982,-8.870,-9.922,-9.027,-7.393,-9.058,-10.343,-8.845,-9.183,-9.412,-8.642,-10.479,-9.714,-10.110,-8.465,-10.305,-9.161,-10.963,-9.477,-10.920,-6.485,-8.781,-9.980,-10.407,-9.485,-10.108,-9.310,-7.878,-7.359,-9.170,-7.839,-8.137,-9.189,-10.018,-8.648,-8.314,-8.844,-8.311,-8.597,-6.783,-7.411,-8.916,-8.968,-8.831,-8.580,-7.743,-8.278,-7.717,-9.661,-9.008,-4.344,-9.669,-13.169,-17.020,-10.098,-20.545,-12.862,-19.163,-16.379,-16.295,-18.199,-11.880,-13.137,-19.330,-16.469,-20.804,-18.864,-13.774,-16.721,-14.791,-11.253,-19.063,-10.087,-10.975,-17.107,-8.440,-13.243,-1.634,-13.087,-22.603,-19.935,-17.460,-13.828,-25.240,-15.058,-15.004,-15.419,-17.260,-24.342,-18.771,-7.615,-11.502,-11.437,-14.336,-15.949,-16.460,-13.461,-15.198,-16.910,-13.533,-6.367,-22.084,-12.084,-13.585,-16.658,-13.917,-12.433,-18.924,-9.308,-18.121,-7.000,-12.189,-13.566,-15.554,-15.012,-16.774,-17.159,-13.676,-13.375,-8.807,-9.995,-8.792,-9.733,-10.534,-10.670,-11.777,-10.845,-15.139,-15.274,-12.075,-11.363,-14.474,-13.126,-9.967,-13.126,-8.109,-5.579,-9.299,-17.657,-8.441,-3.596,-15.123,-16.290,-6.285,-12.500,-15.706,-7.525,-12.925,-9.042,-14.153,-10.815,-14.986,0.000,-14.854,-9.165,-12.554,-12.398,-18.448,-11.138,-16.250,-14.831,-14.603,-14.810,-13.356,-18.636,-17.477,-14.817,-9.169,-3.159,-11.681,-6.539,-10.819,-11.908,-10.363,-8.861,-8.977,-15.389,-5.710,-10.554,-12.112,-13.580,-14.899,-11.479,-11.369,-7.670,-7.560,-8.059,-7.394,-7.733,-7.740,-6.713,-7.332,-8.318,-7.691,-7.689,-6.968,-8.120,-4.504,-3.972,-4.056,-7.672,-4.563,-6.766,-6.058,-2.037,-6.633,-5.239,-6.417,-6.927,-6.726,-5.318,-6.785,-6.257,-5.192,-3.635,-5.203,-5.089,-5.120,-3.299,-3.209,-4.661,-6.730,-4.966,-3.960,-5.197,-6.187,-6.812,-5.709,-6.700,-7.639,-7.318,-9.194,-8.581,-8.034,-8.313,-8.345,-7.033,-9.011,-6.539,-7.488,-6.345,-7.192,-6.855,-6.428,-7.837,-6.554,-9.659,-7.266,-8.519,-6.105,-9.470,-7.551,-8.481,-10.298,-7.246,-9.517,-9.843,-4.308,-13.566,-8.560,-6.860,-9.483,-7.297,-7.455,-9.513,-8.669,-7.578,-8.850,-7.979,-8.181,-6.439,-7.917,-6.942,-4.306,-5.914,-6.221,-4.641,-8.349,-7.069,-7.372,-6.811,-8.796,-5.638,-8.617,-7.125,-6.048,-8.402,-9.413,-8.061,-8.154,-7.525,-9.498,-6.867,-8.448,-5.893,-7.690,-5.291,-6.954,-8.322,-7.558,-7.679,-7.197,-7.431,-7.946,-5.172,-7.785,-5.456,-8.948,-8.314,-8.538,-5.558,-5.796,-8.196,-6.984,-8.216,-8.429,-8.240,-9.611,-7.396,-8.007,-5.434,-8.251,-8.305,-4.500,-6.698,-6.303,-6.289,-6.426,-8.464,-8.112,-6.582,-9.170,-7.719,-8.260,-6.740,-6.351,-3.611,-7.713,-6.282,-7.263,-6.234,-7.672,-4.792,-6.016,-5.708,-9.058,-6.416,-5.685,-9.269,-7.014,-5.493,-6.997,-3.387,-7.477,-11.912,-9.397,-4.887,-12.364,-5.143,-7.034,-3.582,-8.188,-7.674,-5.621,-6.069,-3.296,-5.440,-5.205,-6.822,-8.119,-8.714,-6.464,-5.434,-8.179,-7.339,-7.201,-7.493,-6.570,-8.391,-6.897,-7.209,-1.160,-3.782,-5.599,-6.650,-10.231,-13.299,-12.678,-9.522,-17.126,-8.079,-11.168,-6.368
M,0.000,-8.484,-7.202,-8.685,-7.919,-8.714,-6.853,-7.762,-6.885,-7.344,-9.342,-8.265,-7.122,-7.896,-7.759,-8.827,-8.326,-9.005,-7.741,-9.492,-8.026,-9.763,-8.523,-9.852,-5.740,-8.292,-8.451,-9.074,-8.722,-8.945,-9.157,-7.316,-7.974,-9.478,-6.668,-7.983,-8.581,-8.477,-7.531,-8.293,-6.884,-7.303,-8.485,-4.849,-7.766,-8.060,-7.808,-8.432,-7.029,-8.203,-8.845,-6.922,-9.819,-7.967,-4.598,-9.976,-13.306,-16.625,-10.144,-20.154,-11.550,-19.230,-18.346,-16.991,-19.522,-11.524,0.000,-16.638,-14.014,-18.496,-19.323,-12.325,-16.856,-15.359,-11.906,-19.699,-12.136,-11.001,-15.993,-9.070,-13.952,-7.522,-14.202,-21.363,-19.336,-15.569,-13.240,-24.129,-14.478,-13.889,-15.117,-15.644,-23.345,-14.656,-7.036,-11.853,-10.950,-13.132,-14.370,-15.203,-11.492,-15.871,-14.020,-11.804,-7.336,-21.021,-10.049,-15.901,-17.044,-15.898,-12.550,-18.289,-7.931,-17.260,-7.127,-7.788,-11.848,-13.759,-12.068,-15.475,-14.908,-11.817,-11.213,-8.478,-8.160,-10.099,-8.128,-9.198,-8.816,-11.013,-8.560,-14.709,-13.821,-10.379,-7.893,-14.547,-12.059,-10.351,-13.627,-8.483,-8.622,-10.204,-18.890,-11.834,-9.794,-16.803,-17.220,-9.674,-12.117,-14.232,-9.411,-9.078,-8.611,-11.373,-9.738,-16.070,-7.815,-15.872,-11.215,-11.388,-12.331,-19.050,-10.494,-15.784,-12.091,-13.803,-12.447,-11.405,-17.266,-16.228,-13.180,-6.949,-1.347,-11.218,-7.277,-8.748,-10.653,-9.460,-9.099,-7.658,-13.604,-7.323,-9.088,-9.276,-11.612,-13.351,-10.428,-9.995,-5.639,-6.092,-6.825,-6.172,-7.700,-7.391,-5.870,-6.099,-8.019,-7.266,-7.327,-5.839,-7.576,-4.688,-5.202,-5.354,-7.408,-7.878,-6.487,0.000,-3.779,-5.274,-5.150,-6.003,-7.152,-5.965,-6.265,-6.597,-6.487,-5.396,-4.679,-5.772,-4.625,-5.335,-2.993,-3.947,-3.732,-7.172,-5.442,-2.142,-5.597,-6.343,-6.194,-6.800,-5.068,-6.597,-6.741,-7.085,-7.657,-7.172,-7.839,-7.144,-6.733,-8.203,-6.204,-6.762,-5.597,-6.702,-6.029,-6.107,-7.485,-6.004,-9.628,-6.497,-7.624,-3.929,-8.781,-5.623,-9.030,-9.637,-7.214,-7.028,-8.954,-4.751,-11.600,-6.548,-6.695,-7.381,-6.438,-6.622,-7.890,-7.224,-6.050,-7.821,-7.696,-7.671,-5.977,-8.040,-7.403,-4.050,-5.307,-6.376,-5.301,-8.046,-7.374,-6.587,-6.666,-8.475,-6.483,-8.768,-7.185,-5.696,-8.473,-8.592,-8.220,-7.136,-7.741,-9.154,-7.099,-8.757,-6.634,-7.233,-5.329,-7.147,-7.776,-7.252,-7.174,-6.728,-6.691,-7.642,-5.228,-8.308,-4.864,-8.269,-8.002,-7.949,-6.237,-4.948,-7.364,-6.855,-8.007,-7.590,-7.632,-8.957,-7.039,-8.443,-5.205,-6.984,-7.628,-4.662,-6.837,-6.104,-6.241,-6.662,-7.868,-7.899,-6.463,-8.246,-7.305,-7.822,-7.034,-6.671,-4.001,-7.994,-5.662,-7.132,-5.294,-7.538,-4.771,-5.559,-5.844,-8.769,-6.039,-5.654,-8.171,-6.518,-4.163,-5.789,-2.861,-6.670,-11.402,-8.376,-3.311,-11.161,-4.507,-6.194,0.000,-7.069,-7.032,-5.372,-6.076,-3.262,-4.868,-4.755,-6.292,-6.706,-7.831,-6.574,-4.233,-7.589,-5.842,-6.143,-6.909,-5.552,-7.892,-5.945,-6.820,-1.143,-5.357,-5.920,-6.452,-8.448,-12.229,-10.443,-8.576,-14.726,-9.697,-10.215,-11.183
P,-8.530,-3.890,-2.920,-3.394,-3.889,-3.650,-3.275,-4.127,-2.552,-2.154,-3.048,-2.382,-2.906,-4.149,0.000,0.000,-3.555,-2.933,-3.490,-5.750,-4.364,-6.648,-4.408,-7.661,-2.368,-8.245,-5.703,-7.197,-6.701,-5.355,-3.815,-2.604,0.000,0.000,-0.869,-3.337,-3.835,-4.387,-3.422,-4.500,0.000,-3.104,-2.939,-0.342,-2.946,0.000,-3.969,-4.438,0.000,-3.299,-2.570,-2.485,-5.408,0.000,0.738,-4.326,-6.155,-13.296,-9.066,-18.749,-8.939,-15.574,-11.730,-15.469,-14.308,-15.520,-14.257,-16.738,-15.042,-16.290,-16.854,0.000,0.000,-15.471,-12.085,-16.379,-11.720,-11.689,-13.400,-8.875,-9.551,-10.792,-14.786,-18.978,-13.561,-15.885,-14.052,-19.910,-10.451,-14.982,-10.356,-18.608,-22.179,-16.122,-1.054,-8.105,-4.537,0.000,-10.812,-8.290,-11.985,-11.625,-11.365,-9.480,-6.488,-16.997,-5.979,-13.249,-11.286,-15.232,-10.601,0.000,-6.785,-14.772,-10.412,-8.477,-10.821,-9.495,-9.883,0.000,0.000,-6.056,-7.111,-6.099,-5.030,-5.910,-3.072,-4.258,-4.300,0.000,-3.750,-9.199,0.000,-6.483,-5.296,-9.640,-4.730,-7.500,-7.940,-10.624,-10.120,-12.152,-15.985,-14.330,-13.961,-18.806,-15.646,-12.866,-15.912,-14.068,-12.651,-14.190,-15.425,-13.156,-14.661,-19.519,-14.119,-14.776,-16.047,-11.796,-15.912,-17.796,-13.302,-15.555,-13.165,-11.491,-7.238,-8.267,0.000,-9.463,-9.455,-5.590,-5.266,-7.525,-8.812,-4.100,-9.674,-8.238,-11.235,-10.399,-13.353,-12.976,-11.898,-9.148,-3.649,0.000,-5.143,0.000,-0.417,-2.640,0.000,-1.815,0.000,0.000,-1.111,-1.585,-3.921,0.000,0.000,-1.534,-4.325,-2.726,-3.323,-5.690,-4.829,-8.545,-3.805,-4.926,-6.112,-2.517,-3.267,-2.127,0.000,-2.004,-2.630,-2.338,0.000,-2.038,-1.384,-3.929,-2.365,-3.983,-2.062,-1.743,-2.985,-4.623,-3.388,0.627,-3.557,0.000,-2.453,-2.816,-1.559,-2.320,-3.405,0.000,-3.606,0.000,0.000,-2.933,-2.803,0.000,-2.296,-2.401,-1.210,-2.230,-2.231,-3.535,-4.054,-4.027,-5.331,-5.175,-3.463,0.000,-6.556,-8.016,-11.205,-7.454,-10.406,-9.296,-6.131,-8.044,-5.287,-3.190,-5.063,-3.990,-2.678,-1.491,-4.007,-2.538,-1.890,-3.147,-2.959,0.000,-2.360,-3.441,-2.560,-1.587,-0.960,-2.339,-1.833,0.000,-3.358,-2.198,-2.075,0.000,-1.852,0.000,-2.356,-0.952,0.000,0.000,-3.013,-1.634,-3.266,0.000,-2.402,0.000,-1.975,0.000,-1.080,-2.178,0.000,-3.481,0.000,-2.064,-1.690,-2.988,-0.906,0.000,-0.239,-3.819,0.000,0.000,-0.867,0.871,-3.525,0.000,0.000,-3.065,-3.263,0.000,-3.352,0.000,-0.393,-3.397,-3.590,-0.382,-1.879,-1.582,-1.511,-2.272,0.000,-3.214,-1.931,0.000,-3.655,0.000,-2.033,-1.813,-0.273,0.000,-1.212,-2.730,-1.635,-3.279,-0.803,-0.919,-1.596,0.000,-2.128,-1.585,0.000,-2.495,-0.084,-2.741,-2.472,-4.293,-6.714,-7.015,-1.455,-7.556,-5.070,-1.685,-0.247,0.000,-3.302,-3.295,-3.420,-0.399,0.000,-2.098,-3.828,0.000,-3.796,-3.669,-1.314,-3.124,-2.435,-2.800,-3.166,-2.329,-2.919,-1.473,-2.621,-0.254,-4.199,-5.411,-7.387,-6.611,-10.880,-13.251,-10.448,-14.188,-15.083,-13.079,-15.629
Y,-13.986,-10.156,-9.163,-9.474,-9.830,-9.549,-9.614,-9.749,-7.561,-8.182,-9.781,-9.001,-9.628,-9.741,-8.606,-9.945,-9.144,-10.860,-8.622,-11.328,-9.456,-12.139,-10.161,-12.250,-7.525,-11.128,-10.494,-11.806,-10.800,-10.609,-9.722,-8.766,-9.671,-9.352,-7.532,-9.999,-9.106,-10.524,-7.768,-9.476,-8.549,-8.257,-9.467,-6.837,-9.183,-9.757,-8.427,-9.508,-9.118,-8.700,-8.946,-8.558,-10.625,-10.756,-6.274,-9.310,-11.034,-15.909,-8.874,-15.353,-10.963,-16.941,0.000,0.000,-15.772,-17.571,-17.113,-14.335,-17.683,-11.403,-16.108,-14.953,-17.021,-13.337,-13.735,-11.670,-12.947,-12.987,-16.092,-13.230,0.000,-9.288,-6.140,-15.143,-16.395,-13.709,-18.597,-17.151,-8.142,0.000,-13.907,-9.222,-14.491,-16.285,-3.610,-8.269,-8.892,-14.102,-14.027,-15.161,-17.854,-14.158,-16.823,-13.857,-6.686,-18.111,-11.912,-11.680,0.000,-14.042,-16.567,-18.166,-11.018,-15.807,-13.896,-11.744,-16.277,-15.471,-12.658,-14.719,-14.803,-13.657,-9.360,-10.204,-11.955,-11.284,-10.011,-9.483,-8.579,-9.399,-4.731,-13.920,-11.330,-13.171,-12.771,-12.049,-14.774,-14.540,-10.255,-17.838,-18.352,-18.730,0.000,-20.125,-18.815,-18.539,-18.277,-21.647,-21.100,-22.466,-19.990,-20.788,-19.086,-22.082,-20.664,-19.919,-17.884,-16.664,-16.546,-11.952,-14.996,-17.334,-12.506,-13.177,-11.845,-17.277,-11.842,-14.634,-18.409,-14.754,-16.696,-12.037,-10.133,-13.024,-12.870,-11.414,-14.269,-14.500,-15.195,-11.973,-13.695,-14.090,-14.820,-14.080,-13.063,-16.426,-10.652,-12.216,-8.420,-9.601,-10.126,-7.800,-7.296,-8.939,-6.610,-6.451,-8.246,-8.324,-7.079,-5.860,-2.721,-6.601,-3.335,-8.267,-6.819,-12.629,-6.638,-9.702,-6.530,-7.354,-5.724,-5.440,-7.248,-6.252,-5.649,-6.091,-6.632,-5.191,-3.114,-5.856,-3.421,-6.226,-3.043,-4.640,-5.961,-5.965,-3.513,-3.999,-4.230,-3.448,-4.132,-4.077,-4.332,-6.122,-5.780,-6.867,-6.923,-7.093,-5.577,-6.363,-5.463,-5.930,-3.938,-5.632,-1.827,-3.597,-4.642,-5.300,-7.068,-4.251,-8.434,-6.221,-7.713,-5.401,-9.812,0.000,-10.108,-9.597,0.000,-10.554,-8.974,-5.522,-11.854,-4.516,-7.252,-7.875,-5.946,-5.422,-7.146,-6.419,-6.139,-7.910,-6.761,-4.909,-4.198,-7.798,-1.796,-1.319,-4.362,-4.909,-4.056,-7.358,-5.941,-4.243,-5.102,-7.155,-4.365,-6.528,-5.097,-4.151,-6.596,-5.977,-6.385,-4.382,-5.937,-6.082,-4.768,-6.005,-3.407,-5.198,-3.294,-4.100,-3.838,-5.555,-3.361,-4.088,-4.046,-5.148,-3.240,-5.691,-2.660,-7.163,-6.020,-5.954,-3.471,0.000,-6.641,-5.500,-3.982,-5.811,-4.949,-4.630,-5.712,-6.490,0.000,-6.328,-5.341,-2.727,-5.817,-3.724,-4.519,-4.880,-6.492,-6.014,-4.911,-6.386,-6.611,-5.705,-4.407,-4.108,-2.761,-6.016,-3.066,-4.590,-2.745,-6.289,-4.476,-4.909,-5.600,-8.114,-5.451,-3.871,-7.644,-4.938,-4.066,-6.325,-6.071,-7.308,-11.563,-8.603,-3.878,-11.027,-3.617,-6.704,-4.681,-6.448,-7.612,-4.118,-3.737,-2.245,-5.302,-3.285,-5.936,-6.083,-7.163,-4.548,0.000,-6.676,-5.890,-6.383,-5.590,-4.250,-7.206,-4.691,-6.631,0.000,-7.502,-5.980,-7.717,-8.073,-13.364,-15.226,-11.761,-16.062,-16.332,-15.407,-15.347
F,-12.275,-8.684,-6.971,-8.084,-8.533,-8.182,-7.653,-7.603,-6.001,-6.831,-8.106,-6.958,-7.266,-7.553,-6.685,-8.293,-7.782,-8.394,-6.592,-9.234,-7.231,-9.302,-8.037,-8.420,-5.066,-8.319,-8.090,-8.779,-8.240,-8.650,-7.984,-6.235,-7.024,-8.127,-6.304,-8.738,-7.966,-9.263,-7.533,-8.157,-8.679,-8.137,-8.544,-6.147,-7.809,-9.107,-8.545,-8.137,-8.432,-7.948,-8.310,-7.488,-9.679,-9.663,-5.150,-10.256,-12.755,-17.461,-7.466,-16.152,-11.493,-17.030,-9.669,-7.276,-18.835,-14.963,-14.554,-15.600,-17.317,-11.255,-16.265,-12.933,-16.275,0.000,-12.363,-12.562,-13.402,-11.804,-16.281,-11.621,-4.110,-9.131,0.000,-17.181,-16.502,-12.313,-16.445,-18.246,-8.005,-5.573,-13.830,0.000,-15.243,-14.754,-4.637,-9.300,-11.435,-13.780,-15.146,-16.411,-14.280,-16.274,-17.623,-12.488,-6.373,-17.702,-11.470,-13.388,-12.409,-15.829,-15.028,-17.808,-10.331,-15.257,-10.246,-12.965,-16.003,-15.780,-13.889,-15.994,-16.236,-13.496,-10.858,-9.113,-11.680,-11.426,-9.783,-9.139,-9.054,-9.660,-7.043,-14.112,-10.859,-11.131,-11.168,-13.899,-12.382,-12.819,-12.999,-13.874,-13.027,-9.163,-10.914,-15.886,-12.136,-10.177,-16.238,-11.213,-15.064,-12.203,-5.606,-9.467,-13.014,-11.465,-11.079,-15.610,-11.808,-11.483,-13.597,-13.914,-9.237,-16.484,-9.672,-14.199,-11.924,-15.423,-12.937,-13.158,-17.671,-17.746,-16.815,-12.694,-7.212,-14.096,-9.429,-10.884,-14.015,-11.809,-9.488,-11.918,-16.164,-9.771,-9.554,-15.657,-14.246,-16.415,-10.378,-11.540,-7.412,-9.263,-9.443,-6.734,-7.554,-8.610,-6.394,-6.485,-8.174,-8.299,-7.133,-6.704,-6.584,-6.665,-3.162,-6.795,-8.080,-10.817,-7.680,-8.009,-5.088,-6.548,-3.952,-4.895,-6.941,-5.766,-6.012,-5.505,-5.537,-5.245,-3.058,-5.795,-3.161,-5.252,-3.515,-4.643,-3.820,-4.195,-2.578,-3.517,-4.169,-4.358,-4.653,-4.958,-4.466,-6.050,-5.382,-6.952,-6.785,-6.899,-6.689,-6.772,-6.149,-7.133,-4.498,-5.912,-3.849,-5.487,-5.395,-5.454,-6.206,-4.376,-9.554,-3.941,-7.971,-7.443,-9.896,-4.262,-10.589,-11.140,-3.262,-9.143,-9.231,0.000,-13.262,-6.988,-6.958,-8.003,-5.343,-6.232,-8.164,-7.234,-6.301,-7.705,-6.900,-5.626,-3.825,-7.660,0.000,-1.943,-3.316,-4.756,0.000,-7.554,-5.537,-4.903,-5.380,-7.359,-4.392,-6.589,-4.923,-4.238,-6.736,-6.865,-6.564,-4.836,-5.740,-6.464,-4.186,-6.104,-3.698,-4.878,-3.205,-4.537,-5.784,-5.470,-3.664,-4.737,-5.338,-4.856,-3.402,-6.211,-2.995,-7.957,-6.417,-6.709,-4.030,-3.658,-6.920,-5.395,-6.442,-7.006,-5.994,-6.646,-6.145,-6.978,-3.822,-6.899,-6.086,-2.485,-5.587,-3.581,-4.742,-4.469,-7.037,-6.378,-4.535,-7.018,-6.250,-5.490,-4.197,-4.559,-2.376,-6.604,-4.344,-5.161,-3.012,-6.951,0.000,-4.530,-5.288,-8.423,-5.139,-4.235,-7.468,-2.771,-2.196,-5.471,-5.173,-8.178,-11.250,-9.060,0.000,-10.310,-4.845,-7.650,-4.870,-7.372,-7.447,-5.268,0.000,-2.720,-3.989,-3.576,-5.699,-7.446,-6.968,-4.197,-3.992,-7.213,-6.082,-6.331,-5.387,-4.817,-7.880,-5.164,-6.168,-3.095,-5.862,-6.824,-5.262,-9.628,-12.806,-14.846,-11.884,-17.470,-12.467,-15.603,-13.896
W,-11.675,-7.040,-6.161,-7.216,-6.502,-7.161,-6.003,-6.405,-5.021,-4.717,-6.377,-5.942,-6.013,-6.086,-5.578,-5.592,-6.334,-6.875,-5.654,-7.357,-5.998,-7.715,-6.505,-8.262,-5.028,-7.601,-7.210,-7.929,-7.582,-6.746,-7.234,-4.870,-6.312,-6.261,-4.049,-7.065,-6.184,-8.402,-5.226,-7.970,-6.292,-5.878,-7.891,-3.940,-7.018,-7.014,-6.233,-7.027,-6.622,-6.805,-6.784,-5.022,-7.695,-7.546,-3.935,-9.306,-10.230,-16.100,-8.451,-15.538,-5.874,-13.968,-11.582,-13.935,-18.602,-16.063,-15.190,-13.141,-16.702,0.000,-17.302,-13.059,-14.513,-14.336,-13.952,-15.313,-9.747,-11.655,-13.320,-12.790,-12.393,-12.589,-13.555,-11.548,-15.579,-14.105,-17.931,-17.630,-12.549,-13.355,-12.466,-13.606,-14.181,-15.752,-6.670,-11.491,-8.782,-12.616,-10.014,-11.608,-14.326,-17.108,-15.236,-12.578,-7.622,-17.034,-8.415,-16.100,-13.626,-17.101,-15.174,-17.608,-8.596,0.000,-11.647,-9.902,-14.571,-13.735,-10.541,-14.265,-13.735,-11.791,-7.980,-9.957,-8.075,-10.849,-7.530,-7.300,-7.271,-8.863,-3.841,-12.866,-9.793,-9.933,-6.184,-12.663,-7.397,-11.313,-12.395,-15.781,-12.944,-16.647,-15.665,-14.000,-15.068,-19.019,-14.021,-17.094,-18.859,-18.451,-14.621,-17.179,-16.609,-16.082,-16.307,-15.462,-15.541,-12.297,-14.908,-9.385,-14.167,-15.240,-12.438,-13.562,-6.171,-16.590,-10.429,-11.125,-17.757,-12.446,-15.585,-9.065,-8.633,-13.689,-10.233,-9.976,-9.548,-15.267,-12.374,-12.693,-14.886,-13.800,-7.303,-9.251,-12.462,-15.706,-10.132,-11.321,-6.173,-8.121,-9.412,-5.473,-7.498,-7.830,-6.314,-6.224,-8.107,-7.856,-6.510,-5.685,-7.244,-7.516,-6.844,-9.093,-7.461,-12.937,-7.080,-8.773,-6.797,-7.496,-6.460,-6.114,-7.405,-5.679,-6.963,-5.912,-6.180,-4.763,-5.580,-6.401,-4.738,-6.164,-3.656,-5.140,-5.571,-6.858,-4.914,-2.830,-5.304,-5.219,-5.339,-6.579,-4.796,-4.777,-5.852,-6.768,-6.504,-6.572,-6.303,-5.790,-6.978,-7.492,-5.026,-6.508,-4.616,-6.101,-6.619,-7.318,-8.108,-6.736,-11.462,-5.403,-9.421,-8.754,-12.068,-9.842,-12.082,-7.331,-10.210,-12.589,-10.162,-7.399,-12.117,-6.757,-8.935,-7.829,-5.964,-6.638,-8.634,-6.535,-6.821,-8.011,-7.215,-6.960,-5.808,-8.931,-5.319,-4.586,-5.223,-7.069,-5.174,-7.380,-6.464,-4.792,-6.283,-7.517,-4.859,-6.091,-5.636,-4.424,-6.690,-5.323,-6.602,-4.244,-6.007,-6.008,-4.619,-6.602,-4.636,-3.859,-3.601,-5.705,-5.583,-5.782,-5.573,-4.501,-5.358,-6.745,-3.332,-8.006,0.000,-8.038,-7.261,-6.634,-5.041,-3.138,-7.249,-6.526,-6.340,-6.268,-6.513,-7.479,-6.380,-7.753,-3.489,-5.939,-7.580,0.000,-6.008,-4.734,-5.062,-5.273,-6.884,-6.422,-5.379,-6.834,-6.142,-6.190,-5.387,-5.499,-3.795,-7.223,-4.795,-6.377,-5.104,-7.682,-4.747,-5.309,-5.859,-8.625,-6.119,-5.572,-7.706,-5.714,-4.605,-6.676,-8.230,-7.596,-10.488,-9.434,-5.533,-12.793,-7.308,-8.032,-5.696,-8.266,-8.596,-7.166,-4.923,-3.733,-6.947,-5.921,-7.415,-7.876,-8.480,-6.727,-4.470,-8.557,-6.413,-7.167,-6.780,-6.254,-9.225,-7.395,-7.262,-5.716,-8.675,-7.280,-9.646,-11.065,-13.591,-14.976,-14.707,-16.763,-14.704,-15.842,-14.941
