,M 1,P 2,R 3,F 4,A 5,S 6,P 7,L 8,L 9,R 10,N 11,V 12,I 13,I 14,R 15,S 16,Q 17,F 18,D 19,G 20,I 21,K 22,R 23,K 24,Q 25,C 26,L 27,Q 28,Y 29,L 30,K 31,T 32,L 33,R 34,T 35,L 36,Q 37,Y 38,D 39,G 40,F 41,K 42,T 43,V 44,Y 45,F 46,G 47,E 48,T 49,N 50,I 51,P 52,E 53,S 54,L 55,V 56,T 57,G 58,E 59,D 60,I 61,S 62,D 63,G 64,Y 65,F 66,I 67,Q 68,T 69,P 70,T 71,W 72,C 73,I 74,V 75,H 76,A 77,A 78,G 79,S 80,Q 81,G 82,W 83,V 84,P 85,W 86,K 87,Y 88,R 89,V 90,F 91,L 92,R 93,D 94,E 95,L 96,C 97,I 98,K 99,Q 100,E 101,D 102,S 103,L 104,F 105,S 106,E 107,F 108,C 109,D 110,V 111,V 112,R 113,K 114,A 115,Y 116,G 117,K 118,C 119,V 120,I 121,V 122,V 123,K 124,E 125,R 126,R 127,Q 128,Q 129,E 130,E 131,Q 132,R 133,P 134,K 135,E 136,D 137,R 138,E 139,A 140,E 141,G 142,Q 143,F 144,Y 145,I 146,P 147,T 148,V 149,I 150,S 151,L 152,A 153,S 154,I 155,M 156,C 157,C 158,P 159,E 160,V 161,A 162,K 163,S 164,C 165,G 166,H 167,E 168,L 169,L 170,S 171,L 172,P 173,S 174,P 175,C 176,N 177,Y 178,L 179,N 180,P 181,L 182,D 183,S 184,A 185,W 186,S 187,S 188,L 189,K 190,W 191,F 192,I 193,I 194,N 195,N 196,R 197,N 198,E 199,F 200,C 201,L 202,Q 203,S 204,I 205,D 206,S 207,G 208,Y 209,S 210,Y 211,Q 212,C 213,I 214,L 215,F 216,S 217,N 218,L 219,I 220,S 221,K 222,G 223,I 224,E 225,R 226,I 227,N 228,A 229,S 230,K 231,W 232,R 233,T 234,L 235,T 236,S 237,K 238,V 239,R 240,R 241,W 242,E 243,N 244,Y 245,Y 246,L 247,G 248,K 249,F 250,S 251
K,-6.790,-2.342,-3.532,-2.868,-2.853,-3.378,-1.692,-2.347,-2.225,-3.294,-2.167,-3.142,-2.649,-2.930,-3.706,-3.462,-2.706,-4.674,-4.170,-3.284,-3.058,0.000,-3.432,0.000,-3.482,-3.841,-5.348,-3.573,-7.298,-7.108,0.000,-2.088,-7.833,-2.846,-1.870,-6.466,-3.126,0.079,-2.918,-5.662,-2.453,0.000,-5.158,-8.104,-7.080,-6.753,-5.697,-3.996,-6.076,-3.954,-6.409,-2.157,-2.356,-3.280,-4.047,-3.057,-3.240,-3.099,-3.280,-3.134,-3.618,-4.027,-3.206,-2.695,-2.106,-2.801,-2.494,-2.734,-2.495,-3.287,-2.428,-3.750,-4.299,-8.097,-8.539,-6.976,-11.113,-6.999,-7.258,-3.810,-2.905,-8.595,-4.249,-8.397,-4.782,-3.400,0.000,-3.558,-3.143,-5.665,-5.527,-2.684,-2.811,-2.873,-3.147,-2.789,-0.940,-2.391,0.000,-2.749,-2.945,-2.590,-3.122,-4.837,-6.177,-2.489,-4.708,-8.307,-6.648,-3.910,-2.821,-6.460,-2.832,0.000,-1.173,-3.690,-5.211,0.000,-0.802,-3.185,-3.226,-4.790,-3.209,0.000,-3.429,-2.975,-3.198,-3.323,-3.340,-3.539,-3.560,-3.143,-3.243,-1.566,0.000,-3.695,-2.242,-3.004,-3.761,-2.817,-3.623,-3.012,-3.020,-2.546,-2.471,-3.131,-2.915,-3.038,-2.698,-2.538,-3.552,-3.252,-3.177,-3.180,-2.780,-1.694,-1.849,-3.724,-0.619,-3.713,-3.126,-6.352,0.000,-3.734,-3.975,-7.097,-7.336,-3.331,-8.863,-7.597,-3.695,-8.839,-8.144,-3.765,-1.032,-4.987,-3.491,-3.906,-8.982,-5.797,-9.379,-4.731,-2.708,-3.159,-8.099,-7.090,-5.055,-4.123,-9.905,0.000,-0.148,-6.799,-8.834,-1.730,-2.887,-6.143,-3.374,-2.836,-5.118,-5.080,-1.232,-3.719,-3.121,-3.943,-3.872,-3.571,-3.880,-3.017,-2.582,-3.984,-1.810,-2.962,-1.719,-2.625,-4.409,-6.215,-3.594,-3.040,-6.892,-8.447,-2.977,0.000,-7.282,-8.268,-4.175,-3.210,-8.795,-4.410,-3.314,-3.684,0.000,-8.446,-2.754,-2.759,-5.746,-6.628,-3.629,0.000,-8.163,-3.096,-2.588,-3.636,-6.731,-2.957,-2.058,-7.310,-4.421,-2.110,0.000,-3.068,-3.380
R,-6.396,-2.323,0.000,-2.720,-2.406,-3.148,-1.771,-2.323,-2.436,0.000,-2.462,-3.089,-2.584,-3.226,0.000,-3.052,-2.413,-4.405,-4.222,-3.374,-3.121,-3.684,0.000,-3.394,-3.605,-0.372,-5.001,-3.436,-6.419,-6.464,-3.044,-2.913,-8.127,0.000,-2.389,-6.554,-1.790,-0.070,-3.467,-5.852,-1.563,-2.544,-4.866,-7.755,-6.879,-6.585,-5.904,-4.541,-6.313,-3.185,-6.311,-2.161,-2.463,-3.165,-4.261,-3.145,-3.481,-3.307,-3.570,-3.322,-3.663,-3.973,-3.364,-3.010,-2.266,-2.808,-2.652,-3.411,-2.790,-3.851,-1.663,-3.723,-4.114,-7.818,-7.691,-6.046,-10.021,-5.467,-6.278,-4.072,-3.373,-7.118,-4.337,-8.297,-5.313,-3.751,-3.255,-3.535,0.000,-5.457,-5.532,-3.109,0.000,-3.776,-3.675,-3.231,-1.252,-2.614,-3.454,-3.038,-3.004,-2.964,-3.414,-4.264,-6.120,-2.593,-4.853,-7.962,-6.304,-4.028,-2.981,-5.494,0.000,-3.894,-1.706,-3.872,-5.427,-4.107,-1.745,-3.437,-3.585,-4.601,-3.267,-3.241,-3.146,0.000,0.000,-2.988,-2.901,-3.102,-3.192,-2.809,0.000,-1.324,-2.807,-3.316,-1.946,0.000,-3.546,-2.749,-3.426,-2.804,-2.721,-2.032,-2.190,-2.718,-2.968,-3.061,-2.796,-2.371,-3.491,-3.357,-3.122,-3.540,-2.766,-1.603,-2.014,-3.565,-0.914,-4.122,-3.870,-6.311,-3.187,-3.765,-3.387,-6.431,-6.672,-3.003,-7.950,-7.163,-1.526,-7.949,-6.536,-4.053,-1.420,-4.485,-3.100,-3.925,-8.158,-7.502,-8.310,-5.296,-4.613,-3.867,-7.750,-5.169,-4.702,-5.090,-9.366,-5.057,0.073,-6.410,-8.965,-0.843,-2.523,-5.966,0.000,-2.967,-5.452,-4.709,-1.352,-3.424,-3.337,-3.792,-4.089,-3.652,-3.959,-3.022,-2.783,-3.841,-1.780,-2.645,-1.717,-2.661,-4.309,-5.833,-3.503,-3.105,-6.427,-7.717,-2.926,-4.099,-7.079,-6.660,-4.287,0.000,-8.477,-4.787,-3.689,-4.288,-4.436,-6.562,0.000,-3.074,-5.573,-6.194,-3.677,-3.309,-7.857,0.000,0.000,-3.005,-6.648,-3.217,-2.481,-6.778,-4.330,-2.549,-3.760,-3.577,-3.859
H,-7.408,-3.679,-4.189,-3.873,-3.600,-4.411,-3.400,-3.915,-3.774,-4.755,-3.936,-4.633,-3.883,-4.179,-4.437,-3.602,-3.892,-5.323,-4.957,-4.186,-3.329,-4.177,-5.756,-4.423,-4.736,-3.347,-6.194,-4.206,-5.862,-8.111,-4.478,-4.515,-8.360,-4.967,-3.935,-6.177,-3.811,-1.904,-4.811,-6.262,-2.730,-3.495,-5.749,-7.318,-6.062,-5.859,-5.358,-5.925,-6.759,-3.261,-6.024,-2.347,-3.704,-2.893,-4.192,-4.065,-4.120,-4.182,-4.462,-4.330,-4.418,-4.920,-4.296,-3.802,-3.003,-3.570,-3.357,-4.232,-3.934,-4.920,-3.214,-3.932,-4.223,-7.997,-7.651,0.000,-11.208,-7.770,-6.435,-5.136,-3.783,-9.305,-5.098,-8.693,-5.640,-3.454,-2.994,-3.607,-4.797,-6.087,-5.493,-4.088,-3.862,-4.810,-4.500,-3.998,-1.775,-3.614,-4.114,-3.874,-4.089,-4.149,-4.181,-3.679,-7.082,-4.069,-4.178,-7.762,-7.210,-5.187,-3.509,-6.022,-3.347,-4.836,-2.238,-3.909,-6.827,-4.952,-2.594,-4.282,-5.004,-5.218,-4.433,-4.021,-4.266,-4.510,-4.575,-4.199,-4.172,-4.045,-4.301,-4.384,-4.197,-3.614,-4.093,-5.021,-3.759,-4.688,-4.969,-4.251,-4.421,-3.927,-3.496,-2.992,-2.997,-3.185,-3.999,-3.824,-3.503,-3.305,-4.432,-4.225,-3.546,-4.554,-3.790,-2.192,-2.885,-3.989,-2.718,-4.800,-4.746,-7.370,-5.275,-5.765,-3.009,-7.421,0.000,-4.221,-8.593,-7.392,-3.337,-7.968,-6.538,-4.945,-0.489,-2.981,-2.920,-3.665,-9.083,-6.322,-7.583,-7.027,-5.177,-4.224,-8.321,-7.571,-5.903,-4.785,-10.001,-7.425,-0.944,-4.573,-9.874,-3.648,-4.227,-5.112,-2.660,-3.927,-5.855,-5.127,-2.542,-4.850,-4.133,-4.530,-4.740,-4.360,-4.610,-3.905,-3.505,-4.682,-2.550,-3.749,-2.648,-3.141,-4.379,-6.312,-4.459,-4.061,-6.489,-8.178,-4.479,-5.170,-7.294,-8.073,-5.201,-4.266,-8.636,-5.063,-4.766,-4.918,-3.897,-8.486,-4.187,-4.112,-3.251,-6.060,-4.821,-0.623,-8.250,-4.297,-4.696,-3.606,-7.185,-4.297,-3.552,-6.034,-5.112,-3.554,-3.840,-4.197,-4.423
E,-6.969,-3.190,-3.939,-3.785,-3.813,-4.395,-3.601,-4.180,-3.709,-4.251,-3.255,-3.949,-3.843,-3.641,-4.511,-4.494,-3.639,-4.729,-4.216,-1.907,-2.359,-4.242,-4.012,-3.037,-2.792,-5.773,-5.205,-2.930,-7.639,-7.299,-3.487,-3.044,-9.288,-3.828,-2.568,-7.459,-3.520,-0.442,-1.853,-6.019,-5.124,-3.567,-5.135,-7.921,-7.415,-4.733,-3.952,0.000,-5.952,-3.486,-6.513,-2.590,0.000,-3.736,-3.971,-3.055,-3.047,-3.515,0.000,-3.158,-3.600,-3.751,-3.356,-2.750,-2.208,-2.908,-2.718,-2.763,-2.998,-3.944,-3.614,-4.871,-4.636,-7.152,-6.719,-6.460,-9.604,-5.895,-7.398,-3.047,-2.181,-7.397,-5.493,-8.315,-4.738,-2.757,-3.568,-3.595,-4.790,-5.687,-5.452,-3.506,-3.129,-3.185,0.000,-2.688,-1.072,-2.123,-3.069,-2.674,0.000,-2.635,-2.547,-4.573,-6.306,-2.892,0.000,-7.963,-6.761,-3.356,-1.106,-6.160,-3.454,-2.962,-1.939,-3.789,-5.577,-3.702,-2.061,-5.193,-4.313,-4.754,-3.048,-2.739,0.000,-3.261,-3.242,-3.326,-2.853,0.000,0.000,-2.730,-2.540,-1.257,-2.359,0.000,-1.956,-2.075,0.000,-2.160,0.000,-2.501,-2.802,-1.955,-2.290,-3.083,-2.981,-3.160,-2.834,-2.655,-3.656,-3.289,-3.092,-3.334,-2.762,-1.511,-2.213,-3.838,-1.143,0.000,-4.461,-6.202,-3.218,-3.660,-4.867,-6.672,-8.318,0.000,-9.218,-7.424,-4.383,-9.185,-7.610,-4.589,-0.535,-5.259,-3.532,-1.664,-9.629,-7.781,-9.354,-6.826,-2.453,-3.240,-7.925,-8.247,-5.705,-3.836,-10.358,-5.778,-1.086,-6.105,-8.710,-4.718,-3.383,-6.527,-4.526,-2.858,0.000,-5.094,-2.224,-4.154,-3.112,-3.529,-3.595,-3.339,-3.534,-2.921,-2.267,-3.269,-1.231,-3.527,-1.553,-1.973,-4.141,-6.266,-3.227,-2.844,-6.502,-8.049,-2.909,-2.878,-5.354,-8.463,0.000,-2.940,-8.386,-3.678,-2.864,-2.971,-3.578,-8.911,-2.564,-2.954,-4.139,-5.681,-2.976,-4.435,-7.574,-2.313,-2.948,-4.397,0.000,-2.818,-1.693,-6.520,-4.016,-2.068,-2.927,-3.132,-3.405
D,-7.271,-3.505,-4.050,-3.874,-3.986,-4.665,-3.781,-4.355,-4.079,-4.747,-3.705,-4.105,-4.232,-4.092,-4.814,-4.627,-4.079,-4.673,0.000,-2.574,-2.771,-4.826,-6.384,-3.599,-4.375,-6.892,-6.252,-3.708,-7.718,-8.709,-4.462,-3.978,-10.454,-5.073,-3.045,-8.037,-5.580,-1.430,0.000,-5.605,-6.085,-2.135,-5.797,-8.557,-7.382,-5.717,-2.130,-4.321,-6.220,-3.087,-6.533,-2.514,-3.743,-3.360,-4.013,-3.618,-2.950,-3.388,-3.583,0.000,-3.502,-3.926,0.000,-2.807,-2.023,-2.738,-2.813,-2.909,-3.452,-4.010,-3.919,-4.917,-4.689,-8.005,-7.818,-6.959,-10.322,-6.882,-4.923,-3.497,-1.386,-7.071,-5.663,-9.037,-4.309,-3.156,-3.781,-5.080,-5.309,-6.227,-5.728,-3.755,-2.694,0.000,-3.445,-2.819,-1.346,-2.707,-3.308,-2.278,-3.222,0.000,-2.950,-4.561,-6.786,-3.885,-3.521,-8.589,-6.601,0.000,-1.583,-6.679,-3.937,-3.378,-2.994,-3.965,-5.625,-3.345,-1.257,-5.026,-4.631,-4.581,-3.569,-2.525,-2.601,-3.800,-4.004,-3.920,-3.613,-4.222,-4.114,-3.602,-3.637,-2.747,-3.175,-4.264,0.000,-3.082,-4.121,-3.182,-3.625,-3.217,-2.837,-2.461,-2.375,-2.790,-2.873,-3.186,-2.882,-2.790,-3.627,-3.223,-3.023,-3.561,-3.054,-1.702,-2.511,-3.321,-2.601,-3.911,-5.462,-7.820,-4.959,-4.547,-5.460,-6.501,-7.643,-4.874,-9.823,-8.639,-5.262,-8.798,-7.276,-5.415,-0.506,-4.604,-3.661,-1.841,-10.472,-5.332,-9.221,-7.361,0.000,-3.909,-7.230,-7.973,-5.356,-4.737,-11.255,-7.188,-1.542,-6.335,-9.719,-5.654,-4.242,-7.344,-3.700,-2.956,-4.264,-5.658,-2.818,-4.792,-3.031,-3.527,-3.563,0.000,-3.316,-2.775,-2.604,-3.481,-1.095,-3.253,-1.753,-1.909,-3.844,-6.825,-4.117,-3.307,-7.287,-9.228,-3.622,-3.914,-7.338,-9.701,-3.420,-3.457,-9.289,-2.893,-3.546,-3.432,-4.280,-9.368,-3.274,-3.531,-5.697,-6.131,-3.179,-5.212,-8.306,-3.523,-3.344,-4.677,-6.553,-2.946,-2.466,-6.797,-4.510,-2.455,-2.379,-3.156,-3.516
N,-7.166,-3.311,-3.919,-3.391,-3.626,-4.335,-3.286,-3.830,-3.678,-4.483,0.000,-3.964,-3.770,-3.775,-4.636,-3.433,-3.534,-4.401,-3.413,-3.682,-2.876,-3.692,-6.155,-3.645,-4.488,-5.310,-6.356,-3.609,-7.031,-8.275,-3.888,-4.022,-8.604,-4.697,-3.012,-6.651,-5.068,-0.740,-3.320,-4.799,-4.292,-2.579,-5.375,-8.889,-6.810,-6.486,-3.701,-4.875,-5.795,0.000,-6.300,-1.942,-3.283,-2.764,-4.084,-3.571,-3.054,-3.342,-3.479,-3.340,-3.625,-4.224,-3.313,-3.095,-2.060,-2.925,-2.823,-3.188,-3.038,-3.828,-2.995,-4.081,-3.664,-8.141,-7.211,-6.391,-10.947,-7.044,-4.334,-4.012,-2.720,-8.191,-5.151,-8.302,-4.848,-3.455,-3.728,-4.456,-5.003,-6.163,-5.714,-3.720,-2.728,-3.484,-3.671,-3.114,-1.589,-3.161,-3.735,-2.567,-2.931,-3.350,-3.745,-4.780,-6.635,-3.750,-5.177,-8.643,-6.896,-4.238,-3.394,-6.562,-4.018,-3.836,-2.427,-3.909,-5.850,-3.619,-0.968,-4.178,-4.087,-4.563,-3.800,-3.509,-3.281,-3.482,-4.076,-4.034,-3.838,-4.015,-4.083,-3.863,-3.915,-2.797,-3.783,-4.511,-3.369,-3.759,-4.359,-3.594,-3.779,-3.538,-3.064,-2.723,-2.744,-3.132,-3.254,-3.399,-2.961,-3.062,-3.960,-3.490,-3.519,-3.732,-3.189,-1.902,-2.395,-3.690,-2.427,-4.089,-5.017,-8.131,-4.495,-4.476,-3.921,-6.741,-6.431,-4.803,-8.880,-8.636,-4.328,-8.023,-7.387,-5.071,-0.092,-3.744,0.000,-3.175,-9.743,0.000,-9.129,-5.672,-4.035,-3.797,-7.604,-7.052,-4.493,-4.579,-9.988,-5.661,-0.204,-6.508,-9.575,-3.959,0.000,0.000,-2.512,0.000,-5.239,-5.550,-2.447,-4.508,-2.970,-3.564,-3.411,-3.379,-3.488,-2.791,-2.509,-3.820,-1.405,-3.416,-1.930,-2.390,-4.209,-6.364,-4.257,0.000,-6.520,-8.639,-3.892,-4.389,-6.927,-8.242,-3.910,-2.652,-8.235,0.000,-3.964,-3.855,-4.457,-8.671,-3.169,-2.872,-4.831,-5.649,-3.680,-3.410,-7.417,-4.228,-3.182,-4.134,-7.066,0.000,-2.593,-6.301,-4.663,-2.236,-2.693,-3.081,-3.557
Q,-7.130,-3.297,-4.097,-3.654,-3.490,-4.136,-3.289,-3.693,-3.346,-4.055,-3.247,-4.202,-3.574,-3.807,-4.246,-3.416,0.000,-4.989,-4.616,-3.759,-3.378,-3.602,-3.898,-3.417,0.000,-2.937,-5.426,0.000,-6.872,-7.457,-3.396,-3.163,-8.264,-3.835,-2.590,-7.022,0.000,-0.462,-2.713,-6.187,-4.361,-3.749,-5.886,-8.707,-7.355,-5.258,-6.225,-4.805,-7.075,-4.193,-6.793,-2.951,-2.920,-3.766,-4.379,-3.624,-3.928,-3.935,-3.911,-3.819,-4.062,-4.436,-3.841,-3.428,-2.659,-3.115,-2.881,0.000,-3.002,-4.055,-2.994,-4.293,-4.678,-7.782,-7.055,-5.790,-11.165,-7.105,-7.632,-4.326,0.000,-9.358,-5.809,-8.678,-5.511,-3.743,-2.687,-3.698,-4.681,-6.009,-5.777,-3.551,-3.490,-3.928,-3.834,-3.398,-1.493,-2.637,-3.377,0.000,-3.402,-3.127,-3.468,-4.648,-6.567,-3.084,-4.540,-8.409,-7.081,-4.186,-2.679,-6.310,-3.796,-3.727,-2.154,-4.377,-5.974,-4.524,-2.493,-4.663,-4.557,-5.074,-3.634,-3.820,-4.097,-3.409,-3.248,0.000,0.000,-3.059,-3.094,0.000,-2.590,-1.953,-2.964,-3.989,-1.992,-3.323,-3.890,-3.083,-3.921,-2.810,0.000,-2.169,-2.446,-3.028,-3.437,-3.493,-3.283,-2.840,-3.766,-3.676,-3.530,-4.024,-3.187,-1.920,-2.578,-4.208,-1.305,-3.921,-4.807,-7.085,-4.018,-4.112,-4.661,-7.321,-6.818,-3.833,-9.187,-8.032,-3.562,-8.421,-6.978,-4.653,-1.429,-5.096,-3.322,-3.812,-8.546,-7.344,-8.242,-5.634,-3.865,-3.203,-8.250,-7.228,-5.822,-3.509,-9.420,-6.049,-0.286,-6.688,-9.555,-2.857,-2.979,-6.377,-3.825,-3.332,-4.912,-5.131,-1.907,-4.004,0.000,-4.006,-4.068,-3.626,-4.257,-3.384,-2.840,-3.899,-1.748,0.000,-1.802,-2.334,-4.193,-6.175,-3.551,-3.198,-6.840,-7.968,-3.479,-3.334,-7.309,-8.137,-4.472,-3.346,-8.548,-4.681,-3.450,-4.305,-3.733,-8.768,-3.149,-3.802,-5.047,-6.236,-4.094,-3.873,-7.969,-3.520,-3.562,-4.640,-5.820,-3.350,-2.693,-6.500,-4.869,-2.454,-3.532,-3.693,-3.902
T,-6.814,-3.304,-3.699,-3.083,-3.030,-3.975,-2.947,-3.543,-3.245,-4.387,-3.234,-3.788,-3.118,-3.487,-4.474,-4.424,-3.247,-4.199,-3.033,-3.376,-3.257,-3.862,-5.097,-3.868,-4.229,-4.335,-5.650,-4.178,-6.865,-6.058,-4.230,0.000,-7.542,-5.011,0.000,-7.811,-4.912,-1.424,-4.386,-7.030,-4.898,-3.312,0.000,-6.625,-3.909,-3.335,-5.452,-4.505,0.000,-3.155,-5.567,-2.856,-2.862,-3.725,-3.513,-3.379,0.000,-3.654,-3.564,-3.331,-3.386,-4.054,-3.528,-3.343,-2.170,-2.852,-2.786,-3.660,0.000,-3.828,0.000,-3.068,-2.123,-6.225,-5.963,-6.360,-6.940,-6.256,-2.684,-4.365,-3.378,-8.775,-4.617,-6.313,-5.505,-3.112,-2.718,-3.003,-4.765,-5.258,-5.297,-3.366,-3.100,-4.230,-3.948,-3.351,-1.404,-2.921,-3.626,-2.533,-2.633,-3.077,-3.671,-4.601,-5.719,-3.530,-5.414,-6.734,-5.586,-4.455,-3.301,-5.102,-3.764,-4.016,-2.739,-3.156,-6.408,-4.625,-2.727,-3.582,-4.011,-4.660,-3.568,-3.608,-4.113,-3.709,-4.179,-4.055,-3.725,-4.091,-4.221,-3.845,-3.942,-2.861,-3.513,-4.412,-3.292,-3.701,-4.385,-3.685,-3.883,-3.665,-3.169,-2.719,-2.538,-3.279,-3.654,0.000,-2.864,-2.897,-4.113,-3.378,-3.536,-3.996,-2.940,-1.879,-2.411,-3.272,-2.101,-3.969,-3.876,-5.782,-4.383,-4.846,-5.754,-8.415,-6.635,-3.550,-5.886,-7.347,-3.935,-6.720,-6.177,-4.269,-1.611,-3.247,-2.831,-4.399,-6.566,-6.102,-6.678,-4.163,-5.600,-3.851,-4.904,-6.785,-6.180,-4.298,-7.101,-7.218,-1.175,-7.091,-6.478,-3.411,-5.176,-7.389,-3.374,-3.277,-5.875,-5.543,-2.161,-4.680,-3.282,-3.771,-3.452,-3.239,-4.053,-2.931,-2.487,-3.943,-2.070,-3.985,-2.098,-2.643,-4.118,-4.497,-4.238,-3.536,-5.261,-6.027,-3.899,-4.581,-6.035,-5.938,-4.901,-3.166,-6.270,-1.661,-3.682,-3.887,-4.489,-7.612,-3.617,0.000,-3.799,0.000,-4.178,-5.346,-4.664,-3.533,-4.048,-4.441,-6.906,-3.919,-2.559,-6.587,-5.050,-2.801,-3.626,-3.230,-3.842
S,-6.464,-2.804,-3.088,-2.516,-2.474,0.000,-2.533,-2.991,-2.815,-3.720,-2.944,-3.343,-2.978,-3.053,-3.782,0.000,-2.794,-4.208,-2.857,-2.470,-3.043,-3.788,-5.323,-3.457,-4.146,-3.929,-5.662,-3.632,-6.359,-5.988,-3.734,-3.614,-8.145,-3.943,-2.620,-6.473,-3.794,-0.176,-3.095,-5.850,-4.490,-3.249,-5.171,-7.279,-3.790,-4.490,-4.284,-4.404,-4.530,-2.795,-5.608,-2.085,-2.506,0.000,-3.366,-2.907,-2.839,-3.086,-3.161,-2.943,-2.967,0.000,-2.709,-2.606,-1.517,-2.174,-2.086,-3.018,-2.846,-3.414,-2.926,-3.419,-2.623,-6.420,-5.873,-4.933,-6.743,-4.700,-2.207,0.000,-2.517,-6.909,-4.926,-7.617,-4.858,-2.883,-1.222,-2.422,-4.702,-5.152,-4.708,-2.982,-2.046,-3.462,-3.159,-2.798,-0.790,-2.339,-2.920,-2.340,-2.392,-2.844,0.000,-4.071,-5.737,0.000,-4.431,-7.188,-5.602,-3.826,-2.553,-4.604,-2.551,-3.337,-3.034,-3.664,-5.111,-3.802,-2.049,-3.097,-4.145,-4.226,-3.217,-3.061,-3.730,-3.409,-3.710,-3.478,-3.385,-3.971,-4.091,-3.618,-3.743,-2.661,-3.100,-4.176,-3.186,-3.313,-4.138,-3.370,-3.567,-3.329,-2.668,-2.312,-2.080,-2.738,-2.856,-2.854,-2.460,-2.322,0.000,-2.748,-2.785,0.000,-2.396,-1.036,-1.771,-2.820,-1.654,-3.374,-4.304,-5.596,-3.962,0.000,-3.945,-6.744,-6.972,-3.944,-7.473,-7.508,0.000,-6.363,-4.456,0.000,-0.436,-1.527,-1.473,-3.478,-7.418,-5.069,-5.835,-4.814,-4.628,0.000,-5.444,-4.705,0.000,0.000,-7.717,-6.804,-0.064,-6.221,-7.492,-3.267,-3.641,-6.370,-2.368,-2.703,-5.050,-4.938,-1.862,-4.030,-2.210,0.000,-2.971,-2.595,0.000,-2.257,-2.022,0.000,-1.272,-3.071,-1.228,-1.991,-3.689,-4.886,0.000,-3.023,-5.328,-6.302,0.000,-3.714,-4.603,-6.445,-3.478,-1.176,-7.168,-1.875,-2.572,0.000,-4.199,-6.777,-2.784,-2.817,-3.448,-3.088,0.000,-4.356,-4.746,-3.417,-2.985,-3.614,-6.351,-3.211,-1.939,-6.003,-4.509,-1.918,-2.884,-2.572,0.000
C,-7.448,-4.159,-4.245,-3.945,-3.597,-4.518,-3.755,-4.344,-4.374,-5.373,-4.865,-4.932,-4.262,-4.529,-5.455,-5.188,-3.977,-5.242,-4.780,-4.847,-4.783,-5.139,-5.941,-5.071,-5.694,0.000,-6.193,-5.346,-6.212,-5.536,-5.330,-5.164,-8.345,-6.135,-4.846,-6.555,-4.921,-2.628,-5.634,-7.020,-3.711,-3.514,-5.059,-5.858,-3.225,-4.157,-5.835,-6.213,-5.650,-3.446,-5.256,-2.032,-3.951,-4.188,-4.490,-4.382,-4.613,-4.712,-4.737,-4.725,-4.533,-5.179,-4.649,-4.537,-3.370,-4.069,-4.091,-5.249,-4.651,-5.504,-3.668,-3.470,0.000,-5.712,-3.314,-5.786,-5.939,-5.278,-4.447,-4.999,-3.816,-8.380,-5.054,-6.970,-6.855,-3.323,-3.577,-3.290,-5.683,-4.973,-5.448,-4.543,-4.358,-5.737,-5.153,-4.650,0.000,-4.039,-4.487,-4.210,-3.442,-4.035,-4.311,-4.818,-6.247,-4.052,-5.696,-7.180,0.000,-6.051,-4.203,-5.044,-4.861,-5.722,-3.997,-4.212,-7.089,-5.669,0.000,-4.200,-5.217,-5.383,-4.601,-3.872,-5.178,-4.946,-5.127,-4.797,-5.093,-5.479,-5.440,-5.310,-5.262,-4.389,-4.802,-5.701,-4.720,-5.046,-5.580,-4.641,-4.796,-4.839,-3.895,-3.549,-3.482,-3.839,-4.359,-4.387,-3.987,-3.823,-4.965,-4.518,-4.087,-4.995,-3.988,-2.645,0.000,0.000,-3.071,-5.298,-5.044,-5.421,-6.025,-6.392,0.000,-7.688,-5.748,-4.739,-6.364,-7.580,-3.130,-7.067,-7.146,-5.187,-1.175,0.000,-2.614,-4.795,-7.596,-7.704,-7.577,-6.562,-6.354,-4.300,-2.846,-4.854,-6.368,-4.606,-7.102,-8.756,-2.541,-6.764,-7.499,-3.763,-6.124,-7.750,-2.877,-5.724,-7.215,-5.569,0.000,-5.740,-4.513,-4.694,-4.863,-4.373,-4.993,-4.026,-3.589,-5.189,-3.787,-4.700,0.000,-4.315,-5.325,-5.500,-5.277,-5.491,-5.403,-5.905,-5.167,-5.981,-6.104,-5.618,-6.126,-4.017,-7.025,-5.314,-5.123,-5.541,-4.932,-5.873,-5.069,-4.778,-2.839,-3.064,-5.384,-5.336,-5.339,-4.697,-5.193,-1.917,-6.900,-5.290,-3.615,-5.489,-4.963,-4.135,-3.894,-3.950,-4.226
G,-7.081,-3.262,-3.773,-3.498,-3.344,-4.394,-3.356,-4.141,-3.389,-4.465,-4.152,-3.743,-3.937,-4.262,-4.958,-4.554,-3.842,-5.228,-4.514,0.000,-4.053,-5.167,-6.527,-4.312,-5.620,-4.517,-7.020,-4.817,-8.386,-6.371,-4.909,-5.094,-9.820,-5.321,-3.750,-7.892,-4.682,-2.102,-4.728,0.000,-5.641,-4.825,-6.716,-7.417,-6.307,-5.888,0.000,-4.419,-5.966,-3.354,-6.556,-2.933,-3.840,-3.990,-4.152,-3.591,-3.561,0.000,-3.665,-3.297,-3.729,-3.950,-3.424,0.000,-2.387,-3.088,-2.848,-3.485,-3.462,-4.186,-3.566,-4.326,-3.817,-6.708,-6.596,-4.908,-5.883,-1.473,0.000,-4.678,-3.453,0.000,-5.680,-8.936,-6.045,-2.748,-3.479,-3.996,-5.508,-5.845,-5.746,-3.376,-2.480,-3.354,-3.334,-3.354,-1.295,-2.676,-3.752,-3.126,-3.433,-3.578,-3.769,-5.035,-6.892,-3.837,-5.224,-8.216,-6.777,-4.806,-3.155,-6.307,-4.024,-4.468,-4.070,-3.449,0.000,-4.609,-1.556,-4.326,-4.812,-5.319,-3.829,-3.408,-3.583,-3.953,-4.156,-3.756,-3.486,-4.087,-3.992,-3.302,-3.771,-2.391,-2.946,-3.745,-2.744,-2.892,-3.956,-2.998,-3.614,0.000,-2.849,-2.249,-2.475,-3.240,-3.473,-3.428,-2.840,-3.047,-4.388,-3.805,-3.628,-4.329,-3.298,-2.045,-2.767,-3.355,-2.858,-4.764,-5.276,-6.512,-5.448,-4.756,-4.915,0.000,-8.123,-5.495,-9.287,-8.929,-5.003,-8.595,-5.773,-4.804,-0.464,-3.973,-3.746,-3.841,-9.447,-7.944,-7.969,-6.689,-4.311,-3.929,-6.252,-6.893,-4.674,-5.261,-9.394,-7.409,-1.488,-8.079,-8.304,-4.651,-5.307,-8.444,-3.880,-4.307,-5.876,-6.070,-3.397,-5.399,-3.329,-3.289,-3.626,-3.816,-3.788,0.000,-2.960,-4.077,-2.481,-4.028,-2.464,-3.001,-4.948,-6.434,-4.927,-4.329,-6.100,-7.210,-5.045,-5.640,0.000,-7.840,-5.189,-2.843,-8.494,-3.672,-3.563,-4.558,-5.194,-7.415,-4.300,-3.896,-5.464,-5.244,-3.799,-5.809,-6.942,-4.597,-4.418,-4.636,-6.693,-4.343,-3.243,-6.789,-5.673,0.000,-2.946,-3.543,-3.945
A,-6.912,-3.110,-3.735,-3.285,0.000,-3.969,-3.210,-3.733,-3.642,-4.771,-4.170,-4.011,-3.580,-3.797,-4.800,-4.530,-2.674,-4.428,-4.657,-2.635,-3.178,-4.185,-4.963,-3.504,-3.672,-3.709,-5.059,-3.771,-6.849,-4.271,-4.203,-3.636,-7.515,-4.857,-3.331,-6.472,-3.379,-0.660,-3.661,-6.944,-4.372,-3.953,-4.622,-5.861,-4.075,-3.792,-5.180,-4.357,-5.005,-3.253,-5.369,-3.130,-3.279,-4.503,-3.874,-3.591,-3.781,-3.735,-4.012,-3.632,-3.678,-4.214,-3.778,-3.528,-2.516,-3.177,-3.209,-3.945,-3.811,-4.394,-3.883,-3.022,-3.013,-5.222,-4.879,-4.929,0.000,0.000,-4.701,-3.807,-3.646,-7.171,-5.066,-6.870,-5.363,-2.963,-3.063,-3.328,-5.418,-5.059,-5.885,-3.823,-3.494,-4.585,-4.150,-3.574,-1.789,-2.972,-3.789,-3.351,-2.675,-2.999,-3.434,-4.495,-6.153,-3.620,-4.932,-6.697,-5.632,-4.580,-2.825,-3.589,-2.212,-3.822,0.000,-3.898,-5.976,-5.361,-2.269,-3.913,-4.191,-4.913,-3.708,-3.484,-3.543,-3.874,-3.969,-3.932,-3.547,-4.144,-4.087,-3.765,-4.013,-2.702,-3.226,-4.301,-2.972,-3.475,-4.265,0.000,-3.707,-3.458,-3.237,-2.597,-2.547,-3.441,-3.720,-3.544,-3.030,-2.948,-4.099,-3.445,0.000,-3.972,-3.056,-2.135,-2.273,-2.498,-2.217,-3.974,-3.455,0.000,-3.716,-3.812,-3.783,-7.770,-6.482,-4.598,-7.449,-6.921,-4.559,-7.993,-5.914,-3.762,-2.332,-3.693,-2.871,-4.397,-7.929,-7.711,-5.598,-5.111,-4.898,-3.492,0.000,-7.409,-4.070,-3.799,-6.858,-8.307,-1.416,-6.780,-5.975,-3.404,-4.612,-8.102,-3.681,-3.777,-5.858,-5.293,-2.253,-4.516,-2.353,-3.695,-4.067,-3.707,-4.505,-3.195,-2.902,-4.065,-2.472,-4.033,-2.103,-2.955,-4.360,-4.558,-4.459,-4.001,-3.975,-4.910,-3.717,-4.194,-3.614,-5.680,-4.426,-2.457,-7.052,-4.314,0.000,-4.537,-4.695,-7.121,-3.436,-4.169,-2.578,-3.708,-4.306,-5.721,-4.065,-3.913,-3.637,-4.004,-6.484,-3.833,-2.148,-6.292,-4.405,-3.069,-4.085,-3.730,-4.225
V,-6.678,-3.420,-3.413,-3.151,-3.146,-3.882,-2.636,-3.408,-3.269,-4.969,-4.143,0.000,-3.030,-3.185,-4.972,-5.241,-3.615,-3.509,-4.794,-3.124,-2.969,-4.449,-4.277,-4.104,-4.491,-3.933,-3.813,-4.940,-6.850,-3.605,-5.463,-4.578,-5.851,-6.031,-4.595,-7.463,-4.931,-2.536,-5.704,-7.596,-4.443,-2.867,-1.048,0.000,-4.198,-1.952,-6.077,-4.050,-3.708,-2.935,-4.038,-2.823,-3.053,-4.050,-3.297,0.000,-3.609,-3.646,-3.747,-3.325,-3.466,-4.082,-4.105,-3.684,-2.450,-3.122,-3.250,-4.433,-4.075,-4.397,-3.373,-1.818,-2.286,-3.414,0.000,-6.053,-4.748,-4.324,-5.702,-4.226,-3.884,-7.962,-3.078,0.000,-6.355,-1.731,-4.212,-2.580,-4.807,0.000,-4.549,-3.592,-4.004,-5.474,-4.331,-3.781,-1.852,-3.212,-3.385,-2.960,-2.432,-2.900,-3.066,-4.018,-5.051,-3.450,-5.723,-5.569,-4.747,-5.645,0.000,0.000,-3.159,-4.872,-3.048,-3.478,-6.439,-5.342,-2.702,0.000,-2.994,0.000,0.000,-2.774,-3.545,-3.955,-3.900,-3.730,-3.639,-4.193,-4.278,-3.922,-3.900,-3.076,-3.315,-4.409,-3.418,-3.584,-4.389,-3.667,-3.984,-3.527,-2.995,-2.618,-2.357,-3.295,-3.951,-3.726,0.000,-3.296,-4.423,-3.865,-3.671,-4.409,-3.218,-2.331,-2.562,-2.002,-1.673,-4.181,0.000,-4.231,-4.558,-5.773,-4.973,-7.415,-4.084,-3.213,-2.647,-4.027,-3.627,-5.663,-7.380,-4.432,-2.978,-4.476,-3.777,-4.425,-6.805,-8.607,-5.822,-3.966,-4.836,-3.048,-1.924,-6.283,-6.777,-2.896,-4.821,-8.697,-3.333,-7.493,-3.260,-3.806,-6.805,-8.457,-4.188,-4.491,-5.993,-4.803,-2.187,-4.642,-4.029,-3.502,-3.719,-3.681,-4.522,-2.631,-2.425,-4.114,-3.037,-4.301,-2.844,-3.410,-4.193,-2.940,-4.827,-5.028,-4.280,-4.196,-4.325,-5.651,-6.289,-3.992,-6.141,-4.937,-4.075,-5.714,-4.241,-4.787,-4.498,-6.986,-4.413,-4.747,-3.165,-2.399,-5.352,-6.153,0.000,-2.689,-4.992,-3.457,-6.658,-4.577,-2.761,-5.595,-4.175,-3.810,-3.913,-3.390,-3.605
L,-5.523,-2.861,-3.022,-2.725,-2.805,-3.504,-2.581,0.000,0.000,-4.813,-4.431,-3.657,-3.408,-3.371,-4.472,-4.326,-3.309,-2.711,-4.479,-3.144,-3.157,-3.563,-4.565,-3.448,-3.318,-3.435,0.000,-3.920,-4.153,0.000,-4.500,-3.115,0.000,-4.851,-3.965,0.000,-4.653,-1.627,-4.106,-6.895,-3.112,-3.110,-0.958,-4.253,-4.466,-1.622,-7.093,-4.296,-4.868,-2.922,-3.454,-2.823,-2.213,-3.833,0.000,-3.065,-3.438,-3.348,-3.716,-3.392,-3.153,-3.914,-3.824,-3.653,-2.522,-2.794,-2.833,-3.910,-3.518,-4.356,-3.237,-1.362,-2.081,-4.102,-3.497,-4.879,-6.740,-5.275,-4.862,-3.839,-3.302,-9.398,-2.028,-3.451,-5.367,0.187,-4.476,-1.259,-4.081,-3.523,-4.178,0.000,-3.658,-5.103,-3.908,0.000,-1.441,-2.787,-2.862,-2.567,-2.194,-2.695,-2.914,0.000,-3.919,-2.693,-5.287,-4.554,-3.772,-4.995,-3.185,-2.516,-3.603,-4.471,-2.371,-3.201,-5.961,-5.002,-3.127,-3.275,-3.542,-3.036,-3.217,-2.591,-3.574,-3.717,-3.453,-3.186,-3.334,-3.692,-3.873,-3.616,-3.351,-2.526,-3.147,-4.311,-2.914,-3.403,-4.094,-3.520,-3.638,-2.905,-2.781,-2.358,-2.118,-2.783,-3.515,-3.185,-2.906,-2.788,-3.777,0.000,-2.768,-3.815,-2.907,-1.612,-2.227,-2.497,-1.762,-3.766,-2.469,-3.870,-4.318,-5.038,-2.976,-8.038,-4.998,-3.541,0.000,0.000,-2.315,0.000,-5.253,-3.751,-2.371,-2.958,-2.452,-2.889,0.000,-7.349,-5.014,0.000,-6.044,-1.242,-3.243,-4.305,-5.736,-4.036,0.000,-8.216,-2.122,-6.263,-4.180,-3.158,-5.345,-7.511,-3.360,-4.166,-4.697,-3.717,-0.973,0.000,-3.173,-2.431,-3.090,-2.799,-3.825,-2.232,-2.194,-3.667,-2.527,-3.373,-1.820,-2.842,0.000,-1.228,-3.933,-4.146,0.000,-3.505,-3.797,-4.088,-7.735,-4.156,-5.089,-3.525,-4.573,-5.054,-3.989,-5.021,-4.183,-5.623,-3.737,-4.059,0.000,-3.128,-4.436,-5.175,-5.056,-2.822,-4.020,-2.065,-6.739,-4.207,-2.311,-4.500,0.000,-3.031,-3.391,-2.965,-2.955
I,-6.357,-3.478,-3.439,-2.964,-3.182,-3.955,-2.683,-3.541,-3.456,-5.234,-4.435,-3.512,0.000,0.000,-5.231,-5.398,-4.007,-3.106,-4.963,-3.788,0.000,-4.868,-4.456,-4.312,-4.297,-4.015,-3.770,-5.154,-6.470,-4.469,-5.485,-4.438,-4.100,-5.941,-4.756,-6.903,-5.138,-2.594,-5.623,-8.077,-4.223,-3.023,0.242,-3.583,-4.618,-2.081,-6.959,-4.660,-4.390,-3.329,0.000,-3.264,-2.987,-4.076,-3.345,-3.356,-3.566,-3.750,-3.834,-3.485,0.000,-4.373,-4.312,-4.034,-2.835,-3.435,0.000,-4.722,-4.326,-4.702,-3.629,-1.820,-2.312,0.000,-3.978,-6.676,-5.907,-4.378,-5.269,-4.294,-4.150,-9.316,-2.676,-2.355,-6.745,-1.635,-4.795,-2.642,-5.034,-3.679,-4.794,-3.894,-4.501,-5.926,-4.503,-3.872,-2.251,0.000,-3.522,-2.829,-2.307,-2.888,-3.026,-4.032,-4.668,-3.607,-6.028,-5.637,-4.724,-5.936,-3.563,-3.959,-4.239,-5.243,-3.346,-3.489,-6.908,-5.298,-3.047,-3.440,0.000,-2.805,-3.630,-3.136,-4.207,-3.882,-3.957,-3.842,-3.941,-4.230,-4.279,-4.114,-4.005,-3.114,-3.874,-4.772,-3.461,-3.850,-4.504,-3.879,-3.924,-3.515,-3.048,-2.811,-2.635,0.000,-4.019,-3.793,-3.177,0.000,-4.408,-3.793,-3.673,-4.215,0.000,-2.321,-2.802,-2.380,-1.546,-4.167,-3.011,-4.277,-4.540,-5.940,-5.498,-8.465,-3.943,-3.077,-3.131,-3.923,-3.627,-4.919,-7.644,-4.703,-3.040,-4.236,-3.641,-4.002,-6.265,-7.054,-6.027,-1.538,-6.855,-2.622,-2.501,-5.603,-7.202,-4.315,-4.359,-8.372,-3.533,-7.335,0.000,0.000,-6.886,-8.082,-3.722,-4.689,-5.965,-4.504,-1.812,-4.170,-4.387,-3.080,0.000,-3.476,-4.053,-2.155,-2.246,-3.999,-2.992,-4.108,-2.769,0.000,-4.275,-2.437,-4.564,-4.898,-4.046,0.000,-4.277,-5.311,-7.195,0.000,-6.249,-4.810,0.000,-5.941,-4.371,-5.071,-4.769,-6.379,-4.427,-4.542,-3.497,-2.384,-5.747,-5.977,-3.560,-2.475,-4.929,-3.043,-7.005,-4.651,-2.651,-5.161,-3.613,-3.703,-3.681,-2.998,-3.199
M,0.000,-4.752,-5.213,-4.786,-4.851,-5.425,-4.419,-4.700,-5.054,-6.332,-5.782,-5.229,-4.776,-4.988,-6.143,-5.715,-4.344,-4.198,-5.799,-4.718,-4.586,-4.910,-5.634,-5.069,-4.780,-4.680,-5.464,-5.298,-6.681,-5.803,-5.657,-4.452,-6.292,-6.113,-4.927,-6.592,-5.190,-2.548,-5.542,-8.184,-4.375,-4.861,-3.184,-5.634,-5.774,-3.426,-7.895,-5.304,-5.377,-4.321,-5.543,-3.882,-3.867,-5.196,-4.495,-4.565,-4.947,-4.693,-4.848,-4.586,-4.808,-5.509,-5.062,-4.931,-3.862,-4.371,-4.318,-5.273,-4.939,-5.628,-4.661,-3.418,-3.343,-5.571,-5.662,-6.549,-8.319,-6.382,-5.797,-5.501,-4.375,-10.253,-4.545,-5.332,-7.280,-2.501,-5.028,-2.605,-5.800,-5.332,-6.039,-4.804,-5.144,-6.018,-5.378,-4.758,-1.787,-3.960,-4.620,-3.734,-3.179,-3.820,-4.442,-4.869,-5.012,-4.237,-6.631,-6.046,-4.804,-6.247,-4.364,-3.992,-5.102,-5.819,-3.414,-4.549,-7.373,-6.476,-4.054,-5.200,-5.261,-4.844,-4.087,-4.084,-4.418,-4.804,-4.899,-4.827,-4.628,-5.013,-5.233,-4.865,-5.008,-3.610,-4.679,-5.258,-4.127,-4.677,-5.289,-4.543,-4.903,-4.298,-4.245,-3.743,-3.611,-4.412,-4.936,-4.616,-4.007,-4.250,-5.409,-4.490,-4.609,-4.968,-3.997,0.000,-3.555,-4.341,-2.796,-5.300,-2.418,-5.760,-5.700,-5.793,-4.602,-9.527,-6.504,-5.205,-5.946,-6.340,-4.585,-6.756,-8.570,-5.583,-3.812,-4.864,-4.036,-4.096,-6.589,-7.966,-7.352,-3.534,-6.529,-3.234,-4.448,-6.909,-7.323,-4.452,-4.967,-7.753,-3.370,-7.647,-6.029,-4.034,-6.255,-8.292,-4.451,-5.308,-6.420,-5.553,-2.680,-4.944,-4.369,-3.619,-4.533,-4.161,-4.855,-3.979,-3.741,-5.106,-3.637,-4.990,-3.191,-4.208,-5.087,-4.265,-5.109,-5.317,-5.738,-4.960,-4.934,-5.504,-7.947,-5.312,-6.390,-4.228,-5.601,-6.163,-5.201,-6.036,-4.720,-6.895,-4.673,-4.734,-4.577,-3.935,-5.435,-6.279,-5.282,-4.308,-4.957,-2.715,-7.485,-5.229,-3.207,-6.335,-4.884,-4.004,-4.646,-4.288,-4.695
P,-6.979,0.000,-3.903,-3.219,-3.386,-3.969,0.000,-3.529,-3.352,-4.107,-3.247,-3.909,-3.096,-3.777,-3.652,-2.888,-4.541,-4.818,-4.772,-1.417,-3.977,-5.651,-6.843,-5.552,-6.763,-5.318,-8.215,-7.423,-8.509,-8.268,-6.776,-7.398,-9.028,-5.557,-5.453,-8.283,-5.896,-3.951,-7.013,-7.813,-7.032,-3.977,-5.065,-8.844,-7.344,-6.533,-7.000,-5.584,-7.325,-4.151,-6.195,0.000,-3.335,-4.726,-4.089,-3.618,-3.618,-3.737,-4.401,-3.804,-3.896,-3.645,-3.705,-3.608,-2.552,-2.719,-2.889,-3.437,-3.903,0.000,-4.374,-3.685,-5.830,-9.091,-9.383,-6.739,-9.981,-8.140,-6.393,-3.439,-6.608,-9.628,-5.635,-9.045,0.000,-4.272,-5.997,-4.277,-6.412,-5.956,-4.833,-3.903,-3.100,-4.380,-3.986,-3.887,-1.682,-3.027,-3.657,-3.330,-3.454,-3.839,-4.494,-6.029,-6.618,-4.518,-7.182,-8.782,-7.641,-4.732,-5.930,-6.706,-5.842,-3.930,-4.843,-3.790,-3.752,-4.196,-2.964,-3.232,-4.608,-4.717,-3.500,-3.546,-3.734,-3.969,-3.981,-3.751,-3.704,-4.042,-4.247,-3.934,-3.896,0.000,-3.386,-4.578,-3.484,-4.008,-4.439,-3.843,-4.293,-3.728,-3.456,-2.716,-2.442,-3.218,0.000,-3.230,-2.869,-2.533,-3.502,-3.490,-2.764,-4.268,-3.227,-1.137,-2.749,-3.757,0.000,-4.592,-5.302,-6.541,-6.326,-6.995,-6.673,-8.123,-7.980,-5.423,-8.130,-8.098,-3.341,-6.785,0.000,-2.585,0.000,-4.235,-0.852,-5.468,-8.349,-7.877,0.000,-6.671,-6.371,-4.834,-6.670,-6.987,-8.276,-7.266,-9.317,-10.312,-2.325,-10.304,-9.933,-6.533,-7.318,-10.379,-3.969,-2.465,-6.844,-6.054,-3.229,-5.270,-3.125,-4.132,-4.064,-3.084,-3.992,-3.275,-2.874,-3.925,-2.662,-3.787,-1.701,-3.253,-5.274,-5.236,-4.713,-4.952,-7.395,-8.101,-6.063,-6.767,-9.306,-9.164,-7.152,-6.613,-8.757,-1.763,-2.309,-5.749,-7.054,-8.598,-4.713,-5.670,-6.586,-5.588,-5.546,-6.666,-8.263,-4.010,-5.660,-5.930,-9.254,-4.607,-5.459,-8.185,-6.276,-3.859,-4.571,-3.736,-4.209
Y,-7.396,-4.090,-4.064,-3.707,-3.534,-4.415,-3.009,-4.146,-4.259,-5.216,-4.508,-4.568,-3.987,-4.131,-4.574,-4.436,-4.513,-4.591,-5.065,-4.296,-3.402,-4.548,-5.844,-4.725,-5.101,-3.360,-5.856,-4.794,0.000,-6.829,-5.520,-4.912,-8.105,-5.827,-4.617,-4.274,-4.340,0.000,-5.891,-7.511,-1.928,-3.995,-4.309,-5.133,0.000,-4.539,-4.931,-5.735,-6.052,-2.686,-4.777,-1.481,-4.058,-3.435,-4.341,-3.971,-3.900,-4.066,-4.389,-4.324,-4.260,-4.810,-4.525,-4.202,0.000,-3.737,-3.449,-4.634,-4.221,-4.956,-3.612,-2.377,-4.273,-7.180,-7.719,-5.924,-9.861,-6.968,-5.812,-4.939,-3.762,-9.603,-3.181,-7.139,-6.555,-2.385,-3.647,0.000,-5.957,-5.718,-4.641,-4.342,-4.359,-5.661,-4.546,-4.521,-2.557,-4.019,-4.211,-3.603,-3.405,-4.037,-3.868,-3.874,-5.165,-4.198,-4.307,-5.112,-6.290,-6.062,-3.741,-5.167,-4.939,-6.048,-3.090,0.000,-7.729,-5.740,-4.064,-4.958,-5.060,-4.863,-4.735,-3.126,-4.437,-4.571,-4.725,-4.591,-4.783,-4.804,-5.088,-4.951,-5.006,-3.988,-4.732,-5.559,-4.333,-4.832,-5.276,-4.604,-4.309,-4.206,-3.510,-3.447,0.000,-3.787,-4.168,-4.076,-3.761,-3.642,-4.774,-4.481,-3.946,-4.733,-4.005,-2.446,-3.181,-3.796,-3.014,-4.903,-3.670,-6.178,-5.851,-6.286,-2.423,-8.597,-4.708,-4.949,-6.288,-7.243,-2.056,-6.978,-7.781,-5.303,0.541,-3.540,-3.004,0.000,-7.680,-6.643,-7.541,-6.760,-5.471,-3.491,-6.097,-5.386,-6.707,-4.967,-7.974,-8.816,-2.287,-3.010,-8.365,-4.893,-5.459,-6.580,-2.936,-5.025,-6.266,-3.665,-2.525,-5.143,-4.753,-4.471,-4.500,-3.918,-4.621,-3.594,0.000,-4.834,0.000,-4.706,-3.444,-3.810,-4.880,-5.696,-5.226,-4.965,-5.753,-6.596,-5.061,-5.667,-6.708,-6.202,-5.516,-4.860,-7.208,-6.300,-5.304,-5.550,-4.217,-6.966,-5.023,-4.454,-3.750,-4.000,-5.255,-3.789,-7.215,-4.430,-5.234,-1.359,-6.767,-5.195,0.000,0.000,-4.573,-3.839,-3.516,-3.663,-3.838
F,-6.529,-3.973,-3.511,0.000,-3.258,-4.121,-2.833,-3.189,-4.129,-5.557,-4.741,-4.109,-3.960,-4.315,-5.127,-5.091,-4.373,0.000,-5.262,-4.053,-3.497,-5.034,-5.962,-4.599,-5.112,-3.204,-4.673,-5.122,-3.080,-6.008,-5.904,-5.029,-6.736,-6.245,-5.125,-5.188,-5.330,-3.492,-6.082,-7.914,0.000,-3.838,-2.643,-3.505,-3.848,0.000,-7.091,-5.416,-5.399,-2.694,-2.676,-2.261,-3.746,-3.788,-3.985,-3.672,-4.050,-3.968,-4.130,-3.947,-3.856,-4.569,-4.422,-4.217,-3.129,0.000,-3.400,-4.723,-4.475,-5.075,-3.681,-2.436,-3.723,-5.219,-5.314,-6.281,-8.325,-6.784,-3.852,-5.452,-3.949,-9.807,-2.149,-4.292,-6.682,-1.571,-4.192,-2.533,-5.056,-4.542,0.000,-4.042,-4.294,-6.190,-4.667,-4.335,-2.117,-3.864,-3.906,-3.388,-3.247,-3.970,-3.386,-3.017,0.000,-4.242,-3.867,0.000,-4.566,-6.109,-3.460,-3.936,-4.756,-6.143,-3.609,-2.638,-7.132,-5.888,-3.943,-4.078,-4.954,-3.929,-4.463,-3.248,-4.532,-4.722,-4.692,-4.476,-4.846,-5.225,-5.478,-5.137,-5.065,-4.248,-4.590,-5.728,-4.664,-4.726,-5.355,-4.703,-4.374,-4.354,-3.522,0.000,-3.125,-3.694,-4.052,-3.948,-3.619,-3.641,-4.683,-4.235,-3.762,-4.779,-3.751,-2.268,-3.244,-3.603,-3.328,-4.631,-3.828,-4.503,-5.740,-6.488,-2.968,-8.828,-5.735,-4.883,-5.163,-6.186,-2.217,-4.732,-6.774,-5.162,-1.597,-2.699,-2.628,-2.032,-5.611,-7.620,-5.707,-5.658,-6.507,-3.416,-4.158,-1.644,-6.259,-5.024,-5.252,-9.564,-3.476,0.000,-5.969,-5.082,-6.806,-7.509,-3.171,-5.478,-6.580,0.000,-2.723,-4.979,-4.533,-4.014,-3.958,-3.537,-4.727,-2.992,-3.036,-4.702,-3.368,-4.296,-3.132,-3.852,-4.079,0.000,-5.162,-5.202,-5.338,-4.790,-5.366,-5.944,-7.468,-5.296,-6.098,-4.971,-5.127,-6.432,-5.186,-5.546,-4.757,-5.865,-4.833,-4.956,-3.196,-1.438,-5.572,-5.052,-6.013,-4.049,-5.101,0.095,-7.141,-5.320,-3.028,-4.431,-4.047,-4.092,-3.951,0.000,-3.597
W,-8.245,-4.650,-4.891,-4.983,-4.441,-5.450,-4.409,-5.416,-5.428,-6.343,-5.936,-5.621,-5.032,-5.574,-5.684,-5.769,-5.578,-5.354,-6.940,-5.150,-4.887,-5.541,-6.403,-5.902,-5.894,-3.023,-6.684,-5.395,-5.626,-7.146,-6.059,-6.104,-8.743,-6.363,-5.655,-7.057,-5.985,-4.329,-7.506,-9.331,-4.148,-5.166,-5.929,-6.480,-4.836,-5.941,-7.983,-6.934,-7.125,-3.673,-6.358,-4.034,-5.494,-5.393,-6.093,-4.904,-5.719,-5.454,-5.903,-5.372,-5.389,-6.117,-5.581,-5.903,-5.002,-4.989,-5.074,-6.015,-5.759,-6.569,-4.868,0.000,-5.097,-7.949,-7.869,-8.156,-10.040,-7.048,-6.556,-5.348,-4.964,-9.100,0.000,-7.236,-8.046,0.000,-4.274,-3.762,-6.371,-6.743,-6.177,-5.338,-5.616,-6.672,-6.002,-5.615,-3.444,-4.579,-4.947,-4.508,-4.395,-4.854,-4.761,-5.022,-6.305,-4.837,-3.187,-5.796,-7.214,-7.154,-3.766,-6.019,-6.499,-7.314,-4.434,-5.081,-7.495,-7.140,-4.695,-4.587,-6.188,-5.734,-4.840,-3.300,-5.335,-5.484,-5.506,-5.242,-5.382,-5.803,-6.037,-5.380,-5.566,-3.981,-5.116,-5.931,-4.637,-5.379,-5.972,-5.237,-5.818,-5.098,-4.859,-4.362,-4.229,-4.870,-5.217,-5.265,-4.853,-4.860,-5.834,-5.427,-5.131,-5.795,-4.817,-4.000,-4.591,-4.820,-4.152,-6.115,-4.337,-7.067,-6.593,-7.135,-3.848,-8.612,-7.387,-5.285,-7.576,-8.627,-3.819,-7.161,-9.033,-6.192,-3.671,-5.078,-4.289,-4.479,-8.649,-10.315,-8.771,-8.052,-7.457,-5.422,-7.069,0.000,-7.496,-6.095,-6.514,-9.398,0.000,-4.003,-8.660,-4.536,-6.524,-9.100,-4.268,-6.193,-7.977,-3.708,-3.820,-6.006,-5.932,-5.428,-6.042,-5.588,-6.432,-5.016,-5.080,-6.222,-4.526,-5.477,-4.283,-5.300,-6.163,-6.473,-6.180,-5.708,-7.055,-4.590,-6.124,-6.427,-7.286,-4.776,-7.146,-6.446,-7.435,-7.684,-6.282,-6.873,-6.337,0.000,-6.040,-6.054,-4.342,-5.751,-6.449,-6.513,-8.311,-5.592,-6.532,0.000,-7.967,-6.514,-4.679,-6.546,-6.461,-5.235,-5.798,-5.483,-5.486
