,M 1,R 2,P 3,K 4,T 5,G 6,Q 7,V 8,G 9,C 10,E 11,T 12,P 13,E 14,E 15,L 16,G 17,P 18,G 19,P 20,R 21,Q 22,R 23,W 24,P 25,L 26,L 27,L 28,L 29,G 30,L 31,A 32,M 33,V 34,A 35,H 36,G 37,L 38,L 39,R 40,P 41,M 42,V 43,A 44,P 45,Q 46,S 47,G 48,D 49,P 50,D 51,P 52,G 53,A 54,S 55,V 56,G 57,S 58,S 59,R 60,S 61,S 62,L 63,R 64,S 65,L 66,W 67,G 68,R 69,S 70,A 71,Q 72,G 73,Q 74,P 75,H 76,C 77,H 78,S 79,V 80,P 81,A 82,L 83,L 84
K,-9.761,-4.087,-3.910,0.000,-3.499,-5.082,-3.815,-3.590,-5.612,-2.381,-3.869,-3.779,-4.595,-4.224,-4.174,-4.289,-5.654,-5.277,-5.644,-5.306,-5.595,-4.363,-6.003,-4.793,-5.314,-6.268,-7.058,-7.148,-6.798,-6.534,-6.116,-5.964,-4.379,-5.497,-6.387,-3.577,-5.897,-5.935,-6.226,-5.052,-5.124,-2.662,-4.805,-5.105,-5.022,-4.370,-4.657,-4.908,-4.271,-5.342,-4.133,-5.851,-4.945,-5.364,-4.796,-4.202,-5.549,-5.786,-5.661,-5.307,-5.558,-5.560,-5.223,-5.395,-4.918,-5.528,-3.846,-4.812,-5.116,-4.055,-5.007,-4.556,-5.060,-4.456,-5.194,-4.723,-4.352,-4.840,-5.091,-4.523,-5.287,-4.954,-5.216,-5.138
R,-8.551,0.000,-2.968,-1.550,-2.437,-3.692,-2.522,-2.092,-3.799,-1.458,-2.110,-2.497,-3.411,-2.961,-2.643,-3.107,-3.729,-3.731,-3.666,-3.284,0.000,-1.664,0.000,-2.653,-3.473,-3.954,-4.585,-4.702,-4.815,-4.061,-4.589,-4.445,-2.517,-4.073,-4.566,-1.974,-3.848,-4.129,-4.155,0.000,-3.568,-0.667,-3.229,-3.635,-3.758,-2.420,-2.931,-3.327,-2.675,-3.735,-2.671,-4.301,-3.879,-3.685,-3.296,-2.352,-3.664,-3.677,-3.486,0.000,-3.230,-3.306,-3.235,0.000,-3.070,-3.250,-2.064,-3.411,0.000,-2.575,-3.139,-2.792,-3.625,-2.710,-3.298,-2.410,-2.420,-2.577,-3.268,-2.855,-3.995,-3.524,-3.739,-3.584
H,-10.231,-5.025,-4.989,-3.244,-4.302,-5.113,-4.057,-4.316,-5.007,-3.353,-3.885,-4.058,-5.488,-5.228,-4.225,-5.200,-5.481,-5.539,-5.742,-4.941,-5.418,-3.569,-4.987,-4.419,-5.330,-5.609,-6.178,-6.210,-6.471,-5.379,-6.250,-6.099,-3.621,-5.617,-5.214,0.000,-4.767,-4.836,-5.315,-4.506,-4.824,-2.482,-4.954,-4.860,-5.132,-3.774,-4.191,-4.886,-3.516,-5.489,-3.973,-5.416,-5.483,-4.771,-4.788,-3.707,-4.943,-4.923,-4.723,-4.439,-4.902,-4.533,-4.515,-4.614,-4.572,-4.469,-3.684,-4.692,-4.286,-4.713,-4.089,-4.110,-4.407,-3.640,-4.369,0.000,-3.176,0.000,-4.347,-3.114,-5.249,-4.246,-4.358,-4.483
E,-9.464,-3.077,-3.561,-2.286,-2.599,-4.295,-3.147,-2.808,-4.939,-1.543,0.000,-2.344,-3.414,0.000,0.000,-3.337,-4.649,-4.861,-4.757,-4.785,-4.788,-3.972,-5.755,-4.303,-4.971,-5.311,-5.998,-5.851,-5.955,-5.489,-5.494,-4.843,-3.148,-4.136,-5.502,-2.370,-5.077,-5.018,-5.037,-4.127,-4.156,-1.612,-3.252,-4.535,-3.981,-3.100,-3.148,-4.048,-3.372,-4.292,-2.791,-5.040,-3.923,-4.780,-3.573,-3.425,-4.849,-4.943,-4.620,-4.512,-4.705,-4.615,-4.512,-4.546,-4.197,-4.858,-3.041,-4.359,-4.713,-3.118,-4.288,-3.548,-4.308,-3.747,-4.163,-3.841,-4.031,-4.282,-4.587,-3.862,-4.722,-4.322,-4.387,-4.697
D,-10.323,-3.545,-4.428,-2.944,-3.534,-5.066,-3.575,-3.755,-4.895,-2.644,-4.062,-2.897,-4.866,-4.894,-3.519,-4.459,-5.160,-5.388,-5.415,-5.248,-5.375,-4.064,-5.675,-4.452,-5.694,-6.131,-6.468,-6.215,-6.840,-5.717,-6.181,-5.757,-3.704,-5.134,-5.400,-3.172,-5.401,-5.007,-5.447,-4.353,-4.255,-2.393,-4.089,-4.899,-4.588,-3.075,-3.418,-5.118,0.000,-5.244,0.000,-5.194,-4.748,-4.392,-4.262,-3.921,-4.780,-4.631,-4.995,-4.411,-4.714,-4.993,-4.805,-4.666,-4.630,-4.896,-3.727,-4.696,-4.511,-4.050,-4.695,-4.170,-4.590,-3.886,-4.447,-3.835,-4.178,-3.919,-5.189,-3.924,-5.314,-4.572,-4.713,-4.820
N,-10.954,-4.719,-4.932,-3.947,-4.724,-5.820,-4.522,-4.835,-5.965,-3.691,-4.849,-4.442,-6.091,-5.975,-4.681,-5.791,-6.238,-6.323,-6.450,-6.097,-6.524,-4.805,-6.622,-5.349,-6.520,-7.344,-7.564,-7.506,-7.850,-6.826,-7.063,-6.819,-5.144,-6.373,-6.226,-4.119,-5.953,-6.005,-6.544,-5.308,-5.414,-3.862,-5.784,-5.480,-5.692,-4.478,-5.169,-6.130,-4.334,-6.326,-4.541,-6.221,-5.865,-5.173,-5.687,-4.844,-5.501,-5.713,-5.945,-5.149,-5.784,-5.965,-5.505,-5.644,-5.447,-5.745,-4.727,-5.232,-5.256,-5.342,-5.456,-5.296,-5.406,-4.742,-5.465,-4.866,-4.153,-4.755,-5.804,-4.665,-5.940,-5.137,-5.561,-5.460
Q,-9.329,-4.220,-4.066,-2.516,-3.228,-4.317,0.000,-3.182,-4.827,-1.894,-3.077,-3.294,-3.902,-3.540,-3.834,-3.700,-4.726,-4.556,-4.918,-4.288,-4.617,0.000,-4.938,-3.840,-4.551,-4.731,-5.631,-5.666,-5.181,-4.792,-5.199,-4.922,-2.879,-4.756,-5.183,-2.285,-4.422,-4.843,-4.602,-3.811,-4.451,-1.465,-3.817,-4.104,-4.118,0.000,-3.414,-3.497,-3.385,-4.294,-3.391,-4.931,-4.244,-4.800,-3.815,-3.026,-4.676,-4.813,-4.313,-4.375,-4.647,-4.149,-4.216,-4.363,-4.014,-4.385,-2.699,-4.273,-4.272,-3.437,-3.699,0.000,-3.995,0.000,-4.060,-3.357,-3.283,-3.640,-3.612,-3.222,-4.285,-4.047,-4.166,-4.293
T,-9.021,-3.734,-3.783,-2.834,0.000,-4.332,-3.039,-3.391,-4.185,-1.740,-3.672,0.000,-4.342,-3.945,-3.339,-3.798,-4.946,-4.578,-5.220,-4.486,-4.937,-2.888,-4.844,-3.893,-4.532,-5.536,-5.599,-5.459,-5.610,-4.454,-4.862,-4.931,-2.735,-4.135,-4.269,-1.481,-4.382,-4.390,-4.682,-3.595,-4.130,-1.983,-3.643,-3.879,-3.743,-3.017,-3.687,-4.117,-3.052,-4.308,-3.369,-4.372,-4.375,-3.971,-3.808,-2.935,-4.056,-4.192,-4.409,-3.977,-4.296,-4.481,-4.063,-4.358,-4.206,-4.052,-3.137,-4.141,-3.988,-3.827,-4.190,-3.468,-4.024,-3.404,-4.204,-3.321,-3.044,-3.239,-4.030,-3.417,-4.070,-4.037,-4.114,-4.065
S,-8.816,-3.295,-3.464,-1.909,-2.977,-3.586,-2.418,-2.957,-3.552,-1.390,-2.471,-2.893,-3.848,-3.398,-2.935,-3.634,-4.003,-3.954,-4.261,-3.728,-3.988,-2.142,-4.252,-3.261,-4.250,-4.663,-5.051,-4.927,-5.311,-3.932,-4.689,-4.609,-2.538,-4.196,-3.981,-1.369,-3.660,-3.875,-4.058,-2.979,-3.591,-1.255,-3.279,-3.280,-3.201,-2.194,0.000,-3.385,-2.343,-3.793,-2.572,-3.891,-3.892,-3.182,0.000,-2.019,-3.268,0.000,0.000,-2.661,0.000,0.000,-2.927,-3.194,0.000,-3.012,-2.392,-3.502,-3.077,0.000,-3.113,-2.728,-3.585,-2.567,-3.627,-2.280,-2.284,-1.954,0.000,-2.388,-3.665,-3.193,-3.429,-3.492
C,-9.519,-4.868,-4.944,-2.856,-4.145,-4.763,-3.477,-4.211,-4.531,0.000,-3.466,-4.089,-5.086,-4.904,-4.482,-5.372,-5.148,-5.306,-5.368,-4.862,-5.127,-3.228,-5.277,-4.221,-5.099,-5.425,-5.850,-5.690,-6.028,-4.680,-5.785,-5.400,-2.812,-5.367,-4.818,-2.064,-4.390,-4.907,-5.076,-4.200,-4.770,-2.247,-4.711,-4.604,-4.715,-3.315,-4.577,-4.703,-3.480,-5.326,-3.679,-5.421,-5.412,-4.572,-4.771,-3.547,-4.583,-4.649,-4.456,-3.992,-4.383,-4.347,-4.186,-4.311,-4.387,-3.960,-3.555,-4.778,-4.174,-4.511,-4.111,-3.938,-4.774,-3.384,-4.639,-3.108,0.000,-2.823,-4.381,-3.212,-4.900,-4.126,-4.355,-4.253
G,-8.392,-2.831,-3.022,-1.066,-2.113,0.000,-2.342,-2.262,0.000,-1.376,-1.974,-1.944,-3.151,-2.795,-2.116,-3.160,0.000,-4.152,0.000,-3.685,-3.060,-2.031,-3.780,-2.638,-3.527,-3.938,-4.375,-4.009,-5.022,0.000,-4.525,-3.594,-2.051,-3.380,-3.639,-0.748,0.000,-3.880,-3.640,-2.290,-3.112,-0.508,-2.555,-3.352,-2.477,-1.388,-2.629,0.000,-2.503,-3.362,-1.871,-4.120,0.000,-3.405,-2.636,-2.472,0.000,-3.413,-3.302,-2.961,-3.293,-3.413,-3.204,-3.048,-3.136,-3.276,-2.232,0.000,-3.407,-2.527,-3.096,-2.803,0.000,-2.833,-2.825,-2.169,-2.380,-2.567,-3.472,-2.768,-4.090,-3.187,-3.279,-3.338
A,-8.655,-2.514,-3.328,-1.789,-2.219,-3.570,-2.334,-2.451,-3.801,-1.056,-2.982,-2.286,-3.414,-2.782,-2.242,-2.618,-3.904,-3.685,-3.882,-3.740,-3.545,-1.978,-3.722,-2.813,-3.263,-4.065,-4.205,-4.141,-4.456,-3.212,-3.940,0.000,-1.346,-2.792,0.000,0.018,-3.571,-3.690,-3.651,-2.653,-2.993,-0.890,-2.226,0.000,-1.756,-1.794,-2.453,-3.503,-2.448,-3.878,-2.349,-3.826,-3.420,0.000,-2.629,-2.349,-3.410,-3.486,-3.525,-3.227,-3.468,-3.584,-3.511,-3.569,-3.464,-3.471,-2.356,-3.579,-3.512,-2.820,0.000,-2.515,-3.343,-2.904,-3.582,-2.591,-2.889,-2.753,-3.710,-2.871,-3.885,0.000,-3.355,-3.643
V,-8.978,-3.546,-3.696,-2.394,-2.979,-4.172,-3.275,0.000,-4.355,-2.068,-3.185,-2.893,-4.089,-3.711,-3.199,-3.898,-4.549,-4.625,-4.571,-4.528,-4.470,-3.140,-4.542,-3.124,-3.734,-4.488,-4.638,-4.619,-5.083,-3.813,-4.467,-3.534,-1.660,0.000,-3.804,-0.137,-3.841,-4.293,-4.619,-2.562,-3.434,-1.841,0.000,-4.004,-3.540,-2.498,-3.298,-4.145,-3.144,-4.536,-2.983,-4.592,-4.101,-3.981,-3.649,0.000,-4.211,-4.359,-4.224,-3.790,-4.359,-4.188,-4.343,-4.289,-4.129,-4.295,-3.246,-4.195,-4.115,-3.592,-4.029,-3.517,-3.981,-3.620,-4.242,-3.204,-3.415,-3.145,-4.272,0.000,-4.612,-3.882,-4.066,-4.268
L,-8.602,-3.540,-3.444,-2.179,-2.727,-3.571,-2.695,-2.819,-3.568,-1.262,-2.673,-2.772,-3.649,-3.213,-2.863,0.000,-3.950,-3.645,-4.363,-3.347,-3.861,-1.799,-3.436,-1.841,-2.549,0.000,0.000,0.000,0.000,-2.042,0.000,-2.620,-0.376,-2.929,-2.454,0.718,-2.713,0.000,0.000,-1.827,-3.096,-1.078,-2.763,-3.026,-3.297,-2.527,-2.630,-3.019,-2.617,-3.708,-2.975,-3.659,-3.953,-3.507,-3.305,-2.200,-3.601,-3.698,-3.272,-3.122,-3.631,-3.111,0.000,-3.449,-3.159,0.000,-2.113,-3.383,-3.218,-3.046,-2.889,-2.619,-3.249,-2.712,-3.562,-2.312,-2.056,-2.212,-2.950,-2.395,-3.488,-3.055,0.000,0.000
I,-10.151,-4.923,-4.954,-4.033,-4.944,-5.485,-4.609,-5.111,-5.552,-3.724,-4.715,-4.381,-6.092,-5.710,-4.609,-6.000,-6.090,-6.152,-6.262,-5.728,-6.006,-4.402,-5.957,-4.450,-5.310,-6.153,-6.251,-6.024,-6.861,-5.321,-5.987,-5.520,-3.398,-5.309,-4.895,-1.943,-5.006,-5.353,-6.126,-3.922,-5.201,-3.739,-5.604,-5.279,-5.181,-4.199,-5.208,-5.670,-4.182,-6.006,-4.378,-5.880,-5.829,-4.873,-5.260,-4.613,-5.256,-5.294,-5.309,-4.710,-5.335,-5.235,-5.234,-5.314,-5.153,-5.170,-4.693,-5.182,-4.953,-5.253,-5.067,-5.180,-5.224,-4.611,-5.440,-4.443,-4.156,-4.154,-5.279,-4.316,-5.763,-4.886,-5.210,-5.180
M,0.000,-5.230,-4.724,-4.329,-4.407,-5.972,-4.613,-4.653,-6.279,-2.724,-4.688,-4.362,-4.374,-3.779,-4.406,-4.243,-6.052,-4.510,-5.911,-4.701,-5.551,-3.810,-5.995,-4.682,-5.277,-6.116,-6.570,-6.634,-6.268,-5.551,-5.376,-5.217,0.000,-4.744,-5.631,-1.613,-5.444,-5.845,-6.261,-4.470,-5.182,0.000,-4.843,-5.493,-5.152,-4.618,-4.886,-5.319,-4.937,-5.617,-4.956,-5.772,-5.430,-5.845,-5.068,-4.443,-5.915,-6.051,-5.917,-5.610,-6.002,-5.835,-5.793,-6.061,-5.493,-5.940,-4.372,-5.559,-5.791,-4.608,-5.782,-4.833,-5.646,-5.061,-5.893,-5.069,-4.972,-5.103,-5.384,-5.002,-5.548,-5.367,-5.471,-5.624
P,-8.665,-3.406,0.000,-1.886,-2.346,-3.316,-2.255,-2.303,-3.339,-0.548,-2.349,-2.659,0.000,-2.776,-2.414,-2.463,-3.945,0.000,-4.445,0.000,-3.967,-1.688,-3.428,-2.957,0.000,-4.499,-4.599,-4.601,-4.391,-3.417,-4.255,-4.244,-2.108,-3.765,-3.802,-1.534,-3.726,-4.105,-3.585,-3.256,0.000,-0.826,-2.456,-3.447,0.000,-2.445,-2.164,-2.526,-2.527,0.000,-3.075,0.000,-3.831,-3.265,-3.058,-1.706,-3.288,-3.419,-3.289,-3.088,-3.453,-3.440,-3.207,-3.398,-3.419,-3.112,-1.877,-3.268,-2.986,-2.993,-2.881,-2.206,-2.957,-2.730,0.000,-2.317,-1.998,-1.852,-2.668,-2.461,0.000,-3.316,-3.438,-3.267
Y,-11.335,-6.270,-5.923,-4.536,-5.726,-6.358,-5.055,-6.144,-6.442,-4.594,-5.221,-5.751,-6.736,-6.651,-6.031,-7.128,-7.268,-7.112,-7.332,-6.767,-7.071,-5.220,-6.894,-5.882,-6.846,-6.656,-7.443,-7.517,-7.835,-6.660,-7.709,-7.012,-4.663,-7.068,-6.077,-3.330,-5.590,-6.310,-6.595,-5.390,-5.680,-3.921,-6.488,-6.267,-6.245,-4.953,-5.861,-6.251,-5.232,-6.742,-5.600,-6.722,-6.839,-5.917,-6.315,-5.356,-6.252,-6.293,-6.117,-5.565,-6.087,-5.859,-5.951,-6.009,-5.888,-6.090,-5.180,-6.238,-5.791,-6.069,-5.871,-5.762,-6.293,-5.280,-6.308,-5.051,-5.058,-4.886,-6.046,-4.897,-6.414,-5.428,-5.702,-5.858
F,-10.765,-4.984,-5.282,-3.833,-5.175,-5.129,-4.356,-5.282,-5.120,-3.782,-4.355,-4.734,-6.090,-5.825,-4.885,-6.242,-5.746,-5.974,-5.894,-5.437,-5.716,-3.978,-5.620,-4.246,-5.297,-5.504,-5.870,-5.815,-6.503,-4.897,-6.162,-5.384,-3.090,-5.855,-4.583,-1.887,-4.356,-5.136,-5.842,-3.991,-4.781,-3.279,-5.345,-4.858,-5.090,-3.996,-5.457,-5.430,-3.946,-5.918,-4.323,-5.758,-6.014,-4.911,-5.304,-4.334,-5.064,-5.148,-5.082,-4.272,-5.109,-4.697,-5.001,-4.893,-4.881,-4.900,-4.319,-5.269,-4.692,-5.399,-4.630,-4.738,-5.260,-4.182,-5.591,-3.846,-3.763,-3.579,-4.983,-3.794,-5.376,-4.363,-4.816,-4.956
W,-10.026,-4.803,-4.550,-2.847,-4.111,-5.069,-4.099,-4.021,-5.361,-2.866,-3.210,-4.321,-4.619,-4.281,-4.759,-5.182,-5.422,-5.176,-5.214,-4.416,-4.219,-3.014,-4.950,0.000,-4.491,-4.522,-5.434,-5.783,-5.557,-5.059,-5.429,-4.868,-2.695,-4.810,-5.444,-0.864,-4.433,-5.346,-5.133,-3.689,-4.438,-1.889,-4.275,-4.757,-4.832,-3.824,-4.676,-4.166,-4.245,-4.997,-4.164,-5.718,-5.115,-5.406,-4.474,-3.552,-5.231,-5.182,-4.488,-4.467,-4.735,-4.289,-4.359,-4.654,-4.274,-4.511,0.000,-4.845,-4.794,-3.531,-4.321,-3.953,-5.257,-4.032,-5.004,-3.664,-3.952,-3.768,-4.283,-3.863,-4.946,-4.529,-4.647,-4.889
