,M 1,D 2,V 3,V 4,E 5,V 6,A 7,G 8,S 9,W 10,W 11,A 12,Q 13,E 14,R 15,E 16,D 17,I 18,I 19,M 20,K 21,Y 22,E 23,K 24,G 25,H 26,R 27,A 28,G 29,L 30,P 31,E 32,D 33,K 34,G 35,P 36,K 37,P 38,F 39,R 40,S 41,Y 42,N 43,N 44,N 45,V 46,D 47,H 48,L 49,G 50,I 51,V 52,H 53,E 54,T 55,E 56,L 57,P 58,P 59,L 60,T 61,A 62,R 63,E 64,A 65,K 66,Q 67,I 68,R 69,R 70,E 71,I 72,S 73,R 74,K 75,S 76,K 77,W 78,V 79,D 80,M 81,L 82,G 83,D 84,W 85,E 86,K 87,Y 88,K 89,S 90,S 91,R 92,K 93,L 94,I 95,D 96,R 97,A 98,Y 99,K 100,G 101,M 102,P 103,M 104,N 105,I 106,R 107,G 108,P 109,M 110,W 111,S 112,V 113,L 114,L 115,N 116,T 117,E 118,E 119,M 120,K 121,L 122,K 123,N 124,P 125,G 126,R 127,Y 128,Q 129,I 130,M 131,K 132,E 133,K 134,G 135,K 136,R 137,S 138,S 139,E 140,H 141,I 142,Q 143,R 144,I 145,D 146,R 147,D 148,V 149,S 150,G 151,T 152,L 153,R 154,K 155,H 156,I 157,F 158,F 159,R 160,D 161,R 162,Y 163,G 164,T 165,K 166,Q 167,R 168,E 169,L 170,L 171,H 172,I 173,L 174,L 175,A 176,Y 177,E 178,E 179,Y 180,N 181,P 182,E 183,V 184,G 185,Y 186,C 187,R 188,D 189,L 190,S 191,H 192,I 193,A 194,A 195,L 196,F 197,L 198,L 199,Y 200,L 201,P 202,E 203,E 204,D 205,A 206,F 207,W 208,A 209,L 210,V 211,Q 212,L 213,L 214,A 215,S 216,E 217,R 218,H 219,S 220,L 221,Q 222,G 223,F 224,H 225,S 226,P 227,N 228,G 229,G 230,T 231,V 232,Q 233,G 234,L 235,Q 236,D 237,Q 238,Q 239,E 240,H 241,V 242,V 243,A 244,T 245,S 246,Q 247,P 248,K 249,T 250,M 251,G 252,H 253,Q 254,D 255,K 256,K 257,D 258,L 259,C 260,G 261,Q 262,C 263,S 264,P 265,L 266,G 267,C 268,L 269,I 270,R 271,I 272,L 273,I 274,D 275,G 276,I 277,S 278,L 279,G 280,L 281,T 282,L 283,R 284,L 285,W 286,D 287,V 288,Y 289,L 290,V 291,E 292,G 293,E 294,Q 295,A 296,L 297,M 298,P 299,I 300,T 301,R 302,I 303,A 304,F 305,K 306,V 307,Q 308,Q 309,K 310,R 311,L 312,T 313,K 314,T 315,S 316,R 317,C 318,G 319,P 320,W 321,A 322,R 323,F 324,C 325,N 326,R 327,F 328,V 329,D 330,T 331,W 332,A 333,R 334,D 335,E 336,D 337,T 338,V 339,L 340,K 341,H 342,L 343,R 344,A 345,S 346,M 347,K 348,K 349,L 350,T 351,R 352,K 353,Q 354,G 355,D 356,L 357,Q 358,P 359,P 360,A 361,K 362,P 363,E 364,Q 365,G 366,S 367,S 368,A 369,S 370,R 371,P 372,V 373,P 374,A 375,S 376,R 377,G 378,G 379,K 380,T 381,L 382,C 383,K 384,G 385,D 386,R 387,Q 388,A 389,P 390,P 391,G 392,P 393,P 394,A 395,R 396,F 397,P 398,R 399,P 400,I 401,W 402,S 403,A 404,S 405,P 406,P 407,R 408,A 409,P 410,R 411,S 412,S 413,T 414,P 415,C 416,P 417,G 418,G 419,A 420,V 421,R 422,E 423,D 424,T 425,Y 426,P 427,V 428,G 429,T 430,Q 431,G 432,V 433,P 434,S 435,P 436,A 437,L 438,A 439,Q 440,G 441,G 442,P 443,Q 444,G 445,S 446,W 447,R 448,F 449,L 450,Q 451,W 452,N 453,S 454,M 455,P 456,R 457,L 458,P 459,T 460,D 461,L 462,D 463,V 464,E 465,G 466,P 467,W 468,F 469,R 470,H 471,Y 472,D 473,F 474,R 475,Q 476,S 477,C 478,W 479,V 480,R 481,A 482,I 483,S 484,Q 485,E 486,D 487,Q 488,L 489,A 490,P 491,C 492,W 493,Q 494,A 495,E 496,H 497,P 498,A 499,E 500,R 501,V 502,R 503,S 504,A 505,F 506,A 507,A 508,P 509,S 510,T 511,D 512,S 513,D 514,Q 515,G 516,T 517,P 518,F 519,R 520,A 521,R 522,D 523,E 524,Q 525,P 526,C 527,A 528,P 529,T 530,S 531,G 532,P 533,C 534,L 535,C 536,G 537,L 538,H 539,L 540,E 541,S 542,S 543,Q 544,F 545,P 546,P 547,G 548,F 549
K,-8.600,-2.952,-3.402,-3.110,-3.937,-2.896,-3.867,-4.361,-4.439,-1.672,-2.186,-5.916,-5.076,-6.605,-7.082,-5.296,-4.464,-10.463,-9.715,-2.365,0.000,-11.993,-6.445,0.000,-7.387,-4.503,-3.304,-6.158,-5.644,-5.174,-4.328,-5.695,-4.589,0.000,-3.772,-3.958,0.000,-2.508,-2.518,-3.453,-3.314,-2.357,-4.213,-3.711,-6.216,-7.962,-9.515,-6.503,-10.859,-9.619,-11.880,-5.133,-5.768,-7.142,-6.257,-6.260,-10.162,-9.426,-9.097,-5.559,-6.791,-9.116,-4.485,-7.045,-7.271,0.000,-6.198,0.191,-5.748,-1.871,-5.036,-8.519,-0.085,-7.587,0.000,-5.756,0.000,-8.510,-7.351,0.604,-11.037,-11.142,-2.828,-0.498,-11.280,-6.631,0.000,-9.607,0.000,-4.717,-8.020,-1.782,0.000,-9.363,-7.147,-8.131,-7.752,-8.067,-11.518,0.000,-10.294,-6.578,-14.910,-6.021,-7.276,-10.580,-5.690,-9.708,-2.279,-7.994,-10.401,-7.145,-10.697,-12.210,-11.805,-7.226,-5.895,-6.138,-4.072,-4.521,0.000,-3.451,0.000,-7.597,-2.580,-7.856,-2.114,-11.480,-2.882,-5.802,-8.969,0.000,-5.984,0.000,-10.885,0.000,-5.617,-4.834,-11.229,-5.670,-6.601,-8.998,-3.639,-3.275,-9.183,-6.873,-4.437,-5.968,-10.553,-1.775,-5.585,-7.622,-11.659,-7.887,0.000,-11.560,-8.605,-6.534,-14.654,-6.125,-5.345,-7.830,-11.176,-8.547,-7.511,0.000,-9.352,-7.072,-7.090,-12.378,-10.749,-9.000,-10.437,-13.317,-10.069,-11.709,-11.316,-3.359,-9.009,-8.828,-6.776,-5.721,-6.292,-8.506,-8.758,-12.560,-9.380,-4.297,-10.175,-12.318,-12.264,-8.812,-11.281,-12.838,-14.642,-12.249,-15.411,-14.512,-13.098,-10.801,-11.891,-8.809,-6.432,-7.764,-9.975,-11.116,-14.353,-10.879,-11.137,-12.797,-10.393,-8.874,-11.971,-11.724,-10.686,-8.573,-5.728,-6.941,-12.867,-13.896,-12.036,-8.277,-10.938,-12.315,-12.610,-11.220,-10.124,-7.698,-9.225,-5.375,-7.681,-6.874,-8.205,-8.943,-10.678,-5.731,-7.797,-8.371,-6.196,-5.534,-8.347,-8.246,-5.720,-3.060,-5.595,-1.627,-5.217,-6.047,0.000,-4.677,0.747,-0.478,-8.167,-3.977,-3.127,0.000,0.000,-3.004,-8.389,-2.216,-4.664,-4.801,-4.575,-7.043,-5.637,-6.806,-4.542,-3.278,-9.014,-4.748,-5.766,-4.835,-11.071,-5.570,-9.679,-7.500,-11.814,-10.752,-12.848,-10.313,-12.065,-11.973,-12.985,-6.672,-15.188,-12.289,-9.947,-10.443,-14.296,-9.161,-7.459,-6.782,-9.227,-8.346,-9.119,-6.581,-13.254,-10.172,-8.724,-8.657,-11.460,-7.799,-10.318,-11.439,-12.146,0.000,-9.097,-7.425,-5.020,0.000,-7.682,-9.460,-4.097,0.000,-7.721,-1.774,-4.292,-2.991,-5.363,-5.115,-4.336,-5.646,-4.471,-4.504,-2.993,-3.396,-6.266,-5.739,-1.776,-2.037,-9.975,-9.795,-8.377,-5.687,-6.940,-5.069,-10.672,-7.346,-10.994,-10.963,0.000,-7.066,-12.675,-4.879,-10.878,-8.964,-8.598,0.000,0.000,-10.277,-8.644,-3.009,0.000,-6.291,-9.939,-9.800,-9.181,-7.846,-6.541,-5.814,-8.018,0.000,-4.323,-5.331,-3.083,-5.108,-5.306,-4.291,-5.251,-5.007,-4.971,-4.540,-4.658,-5.348,-5.250,-5.178,-4.543,-4.309,-4.522,0.000,-3.997,-5.312,-3.452,0.000,-4.754,-3.453,-4.857,-3.856,-5.171,-5.818,-5.394,-5.226,-5.645,-5.249,-5.749,-5.552,-3.392,-6.685,-5.040,-5.383,-3.564,-4.234,-4.439,-5.376,-5.165,-5.794,-5.655,-5.335,-5.482,-6.232,-5.620,-5.952,-5.442,-4.622,-6.171,-4.309,-6.149,-5.168,-4.718,-4.995,-4.476,-4.689,-4.052,-4.284,-4.614,-2.171,-5.611,-4.056,-5.888,-4.859,-4.765,-5.313,-4.235,-6.298,-5.527,-5.521,-5.837,-4.703,-5.856,-4.591,-4.977,-5.014,-5.554,-4.573,-5.696,-5.545,-3.888,-4.644,-2.907,-5.133,-3.590,-2.840,-3.107,-4.446,-2.676,-4.331,-4.196,-4.591,-5.148,-3.754,-4.206,-4.756,-3.190,-3.940,-3.983,-4.639,-5.107,-3.415,-3.121,-4.631,-3.954,-1.965,-3.447,-4.020,-4.344,-3.723,-4.571,-4.103,-3.227,-3.750,-4.173,-4.123,-2.989,-5.371,-4.305,-4.554,-3.600,-4.055,-4.409,-4.896,-5.336,-4.491,-4.078,-3.864,-4.324,-4.678,-3.504,-4.995,-4.639,-4.220,-4.442,-4.013,-5.426,-4.343,-5.843,-2.732,-4.415,-5.449,-5.767,-5.564,-4.327,-4.852,-4.588,-4.001,-4.233,-5.462,-4.319,-5.399,-3.162,-4.994,-5.153,-4.642,-2.870,-3.873,-4.199,-6.369,-3.571,-5.352,-5.470,-4.941,-4.926,-5.266,-5.963,-4.297,-6.558,-3.788,-5.307,-5.378,-4.704,-4.972,-4.214,-4.890,-5.307,-4.404,-2.967,-5.736,-4.722,-5.256,-3.924
R,-8.770,-2.903,-3.135,-2.910,-3.467,-2.949,-3.501,-3.735,-3.593,-1.447,-2.018,-5.685,-5.461,-8.351,0.000,-4.312,-5.441,-10.789,-9.021,-1.306,-5.901,-9.881,-8.215,-5.146,-5.456,0.102,0.000,-7.239,-5.594,-4.934,-4.457,-6.614,-4.658,-3.134,-4.088,-3.844,-3.839,-3.174,-2.069,0.000,-3.783,-1.892,-3.602,-4.967,-7.059,-7.606,-10.288,-3.798,-9.042,-6.940,-10.981,-5.426,-4.605,-9.928,-7.019,-8.375,-7.709,-7.320,-5.979,-2.380,-6.519,-7.747,0.000,-8.222,-6.683,-6.901,-4.564,-1.085,0.000,0.000,-8.792,-6.826,-0.914,0.000,-4.444,-5.478,-6.742,-4.641,-6.374,-2.781,-11.095,-9.866,-3.856,-1.636,-7.686,-8.976,-6.131,-9.412,-3.060,-6.109,-7.835,0.000,-7.593,-9.130,-6.278,-8.226,0.000,-7.562,-7.995,-7.090,-7.067,-7.697,-10.447,-7.215,-7.741,-11.084,0.000,-8.265,-3.368,-7.176,-5.046,-7.932,-8.541,-11.176,-9.696,-8.382,-6.755,-7.678,-7.242,-5.273,-7.181,-2.994,-6.302,-8.307,-3.406,-6.130,0.000,-9.601,-3.343,-5.360,-8.646,-7.139,-7.235,-3.859,-7.983,-4.820,0.000,-4.078,-8.806,-6.075,-5.452,-7.923,-1.400,0.000,-9.316,-7.031,0.000,-7.903,-10.634,-2.073,-3.080,-7.721,-9.241,0.000,-5.085,-8.567,-9.757,-8.074,-11.442,0.000,-6.910,0.000,-9.417,-5.852,-6.890,-3.685,-7.923,0.000,-5.635,-10.752,-7.537,-7.199,-9.384,-10.380,-9.705,-12.041,-9.783,-2.453,-11.551,-7.788,-7.630,-4.254,-9.877,-10.375,-5.373,-10.954,-5.489,0.000,-9.759,-10.202,-7.766,-5.842,-10.187,-12.841,-12.750,-11.252,-11.601,-11.726,-10.254,-8.685,-9.961,-8.648,-10.025,-11.402,-12.482,-11.751,-10.389,-6.530,-11.426,-10.508,-10.319,-7.558,-10.631,-9.786,-8.817,-7.150,-6.967,0.000,-8.062,-10.474,-9.837,-6.192,-8.302,-9.329,-7.250,-9.440,-9.492,-6.745,-5.939,-2.788,-7.351,-6.093,-6.289,-6.040,-8.901,-6.537,-8.089,-5.899,-5.183,-5.457,-5.207,-7.398,-4.318,0.188,-5.999,-1.164,-2.959,-5.800,-5.993,-4.241,-1.128,0.679,-6.468,-3.118,-4.121,-4.128,-4.291,-3.403,-6.897,-0.928,-3.668,-4.161,-2.561,-5.328,-4.459,-6.435,-3.108,-2.026,-7.242,-3.371,0.000,-3.052,-9.871,-9.811,-9.727,-4.967,-11.804,-9.289,-8.295,-6.032,-8.064,-11.481,-9.949,0.000,-11.580,-7.009,-9.746,-9.448,-10.618,-8.113,-3.971,-10.589,-6.620,-10.606,-6.692,-7.855,-10.251,-8.922,-6.258,-7.072,-10.280,0.000,-9.528,-10.135,-8.470,-6.185,-10.061,-6.888,-0.463,-6.034,0.000,-7.180,-3.254,-5.697,-6.735,-1.684,0.000,-1.071,-3.609,-3.666,-2.661,-3.467,0.000,-3.095,-0.159,-2.482,0.000,-5.573,-1.001,-0.067,-9.755,-6.128,-8.740,0.000,-7.682,-5.349,-13.240,-7.882,-10.649,-8.161,-0.487,-5.262,-10.493,0.000,-11.802,-8.294,-6.886,-5.632,-7.001,-8.394,-8.336,0.000,-6.619,-6.330,-4.405,-9.999,-7.844,-3.854,-4.818,-4.557,-6.802,-2.553,-3.888,-4.393,-2.787,-4.136,-3.829,-2.983,-3.600,-3.504,0.000,-3.578,-2.803,-4.074,-3.767,-3.660,0.000,-3.498,-3.304,-1.818,-2.855,-3.603,-2.210,-1.972,-3.781,-2.107,0.000,-2.504,-3.677,-3.970,-3.594,-3.302,-4.037,-3.314,-3.578,0.000,-1.499,-4.435,0.000,-3.563,-1.040,-1.683,-3.058,-3.114,-3.175,-3.697,-3.532,0.000,-3.657,-4.072,0.000,-3.716,-3.024,-2.478,-3.964,-2.379,-4.339,-3.286,-3.295,-3.368,-2.298,0.000,-2.887,-2.803,-2.654,-0.392,-3.800,-2.400,-3.787,-3.394,-3.012,-3.750,-2.764,-4.027,-3.606,-3.856,-3.828,-2.764,-3.974,-3.005,-3.667,-3.534,-3.957,-2.726,-4.077,-3.722,-2.219,0.000,-1.368,-3.456,-2.286,-1.839,-1.840,-3.452,-1.343,-3.456,0.000,-3.505,-3.518,-2.527,-3.074,-3.681,-2.485,-2.931,-2.916,-3.775,-3.985,-1.999,-1.808,0.000,-2.840,-0.721,-2.274,-2.562,0.000,-2.583,-3.178,-2.728,-2.222,-2.447,0.000,-2.988,-1.512,-3.969,-3.381,-3.635,-2.621,-2.631,-3.051,-3.372,-3.744,-2.395,-2.324,-2.744,-3.034,-3.066,-2.225,-3.514,-3.275,-2.512,0.000,-2.285,0.000,-2.930,-3.840,-1.190,-2.568,-4.192,-4.043,-3.510,-2.684,-2.894,-3.004,-2.397,-3.024,-4.099,-2.964,-3.571,-1.306,0.000,-3.798,0.000,-1.922,-2.359,-3.007,-4.408,-2.000,-3.752,-3.914,-2.968,-3.364,-3.779,-4.368,-2.567,-4.258,-2.417,-3.544,-4.018,-3.004,-3.728,-2.608,-3.699,-4.003,-2.757,-1.969,-4.410,-3.684,-4.058,-2.779
H,-10.177,-4.111,-3.966,-4.289,-4.316,-4.385,-5.305,-5.311,-4.916,-3.153,-3.445,-7.839,-7.539,-9.300,-6.401,-5.783,-6.346,-11.694,-11.218,-3.570,-9.362,-7.535,-9.395,-8.069,-8.828,0.000,-5.531,-10.084,-7.916,-6.103,-5.875,-8.077,-6.293,-5.184,-4.872,-5.519,-5.193,-3.676,-4.354,-3.385,-4.834,-3.347,-2.848,-5.756,-6.276,-9.624,-9.226,0.000,-8.986,-11.203,-12.721,-6.675,0.000,-11.008,-9.157,-9.409,-8.689,-8.922,-4.523,-4.010,-9.196,-10.156,-6.331,-9.705,-9.387,-10.538,-5.564,-3.999,-3.269,-7.612,-10.029,-8.953,-3.034,-5.282,-9.108,-6.903,-11.750,-8.965,-9.408,-4.135,-12.229,-11.414,-5.793,-2.195,-11.534,-8.592,-8.866,-6.740,-5.671,-5.232,-9.823,-2.542,-12.155,-9.756,-7.035,-7.581,-5.140,-9.947,-6.623,-10.577,-12.391,-8.345,-9.790,-9.553,-7.701,-11.691,-5.901,-13.139,-3.896,-9.367,-10.081,-8.722,-9.801,-10.576,-10.023,-7.421,-8.666,-8.084,-8.905,-8.466,-10.599,-4.191,-8.450,-6.406,-4.936,-8.281,-5.834,-8.085,-5.791,-6.567,-11.614,-11.813,-9.123,-5.351,-12.736,-9.916,-5.963,-5.367,-11.277,-7.860,0.000,-10.121,-0.323,-4.126,-12.309,-7.330,-6.265,-8.187,-13.603,-4.063,-5.145,-9.219,-8.500,-5.354,-6.257,0.000,-10.987,-8.347,-10.434,-5.660,-8.046,-4.697,-7.147,-9.075,-8.084,-7.442,-8.507,-6.908,-7.091,-10.937,-7.400,0.000,-9.384,-10.057,-9.468,-13.953,-6.697,-4.489,-11.672,-5.787,-7.175,-6.374,-10.750,-13.257,-8.598,-7.116,-4.225,-4.258,-8.531,-10.236,-9.932,0.000,-11.111,-15.748,-14.967,-11.636,-11.583,-11.851,-10.693,-6.039,-11.355,-9.018,-11.779,-11.815,-10.306,-11.648,-10.004,-9.839,-13.824,-10.797,-10.313,-9.022,-9.230,-11.368,-11.136,-6.595,-8.766,-7.612,0.000,-12.772,-12.037,-3.669,-13.512,-10.027,0.000,-11.450,-9.886,-7.958,-10.423,-4.844,-10.584,-8.538,-8.002,-10.086,-8.182,-9.115,-8.414,-2.783,-6.181,-7.637,0.000,-7.107,-5.513,-1.009,-7.727,-0.292,-2.838,-7.060,-9.143,-5.402,-3.209,-0.842,0.000,-5.241,-4.685,-5.271,-3.941,-5.198,-7.376,-4.918,-4.680,-4.862,-4.520,-6.784,-5.105,-6.553,-4.343,-3.536,-7.063,-3.474,-3.851,-3.752,-8.819,-11.797,-9.019,-7.629,-12.969,-10.964,-8.395,-10.506,-9.457,-13.195,-9.615,-5.078,-11.533,-13.406,-6.753,-12.062,-8.103,-8.466,-4.330,-10.592,-12.394,-9.907,-8.858,-8.831,-11.665,-10.349,-7.362,-8.062,-11.596,-2.693,-11.191,-10.742,-8.446,-9.099,-11.557,-1.865,-4.082,-9.676,-3.665,-8.408,-6.062,-9.641,-9.682,-5.817,-4.557,-2.898,-4.932,-4.848,-3.627,-4.534,-3.527,-4.109,-3.408,-3.020,-4.889,-6.467,-4.356,1.587,-10.601,-10.287,-10.397,-5.315,-7.534,-4.249,-10.518,-11.709,-12.627,-10.108,-3.529,0.000,-11.528,-7.834,-13.317,-12.218,-10.301,-10.337,-12.034,-9.890,-13.896,-7.738,-11.901,-6.052,-11.180,-9.296,-9.087,-4.136,-4.687,-6.741,-8.716,-5.457,-6.690,-5.408,-4.766,-5.736,-4.985,-5.124,-4.773,-4.698,-4.105,-5.395,-3.595,-5.771,-4.990,-4.700,-4.653,-5.366,-4.449,-2.925,-4.044,-4.402,-3.734,-3.223,-6.064,-3.077,-4.313,-4.556,-4.712,-4.891,-5.455,-4.386,-4.887,-5.275,-4.699,-4.375,-2.731,-5.374,-4.323,-4.874,-2.344,-2.845,-4.995,-4.396,-4.515,-4.837,-4.740,-5.182,-4.878,-5.311,-4.624,-4.876,-4.382,-3.523,-4.998,-3.571,-5.612,-4.715,-4.731,-4.740,-3.354,-4.994,-5.020,-3.997,-4.267,-1.673,-5.280,-4.120,-4.933,-4.487,-4.387,-5.163,-3.564,-5.246,-4.754,-5.501,-4.827,-4.880,-4.877,-4.236,-5.256,-4.136,-4.888,-4.457,-5.285,-4.632,-3.274,-4.170,-2.306,-4.521,-3.420,-2.737,-2.822,-4.491,-2.191,-4.484,-3.771,-4.306,-4.157,-4.286,-3.523,-5.451,-3.541,-4.197,-3.943,-4.802,-4.754,-3.070,-2.815,-3.707,0.000,-2.312,-2.967,-3.422,-3.763,-3.546,-3.976,-3.470,-3.458,-3.441,-4.524,-4.064,-2.511,-4.649,-4.661,-5.201,-3.518,-3.553,-4.658,-4.227,-4.878,-3.649,-3.244,-4.421,-4.964,-3.991,0.000,-5.146,-5.327,-3.308,-4.568,-3.678,-4.004,-4.742,-4.396,-2.612,-4.426,-4.838,-4.747,-4.501,-4.359,-3.280,-4.952,-2.937,-4.203,-5.019,-3.773,-4.489,-2.523,-4.740,-4.501,-5.123,-3.948,-3.204,-3.934,-5.243,-3.793,-4.394,-4.782,-3.816,-4.623,-4.282,-4.857,-3.338,-4.492,-3.565,-3.653,-4.639,0.000,-5.350,-3.111,-4.580,-4.701,-3.097,-2.692,-4.537,-4.871,-4.566,-3.442
E,-8.001,-2.711,-3.316,-2.097,0.000,-2.042,-3.262,-3.069,-4.286,-3.111,0.670,-4.343,-4.438,0.000,-9.059,0.000,-1.798,-10.392,-10.551,-3.755,-7.473,-11.816,0.000,-3.790,-5.602,-6.958,-6.078,-7.246,-6.007,-5.539,-2.800,0.000,-2.431,-2.893,-2.321,-3.370,-2.608,-2.072,-1.838,-2.257,-3.920,-1.628,-3.112,-3.307,-6.466,-8.269,-7.777,-6.351,-12.047,-7.317,-10.018,-6.786,-7.534,0.000,-8.504,0.000,-10.533,-8.798,-9.112,-6.700,-6.604,-7.932,-6.415,0.000,-6.560,-7.373,-6.410,-4.219,-7.590,-5.970,0.000,-8.166,-1.770,-8.946,-4.145,-5.864,-9.263,-8.349,-7.281,0.932,-13.026,-11.663,-5.948,-1.626,-11.149,0.000,-7.219,-9.812,-7.780,-7.981,-10.360,-3.330,-10.202,-10.397,-7.841,-5.682,-8.564,-7.265,-11.707,-9.445,-7.206,-6.160,-14.366,-7.760,-8.595,-10.941,-7.920,-9.722,-1.339,-7.159,-9.844,-8.574,-9.801,-12.760,-11.981,-7.898,-5.957,0.000,0.000,-6.081,-9.313,-3.134,-5.834,-9.161,-1.770,-6.475,-6.003,-12.191,-3.237,-3.517,-10.383,-9.255,0.000,-6.977,-7.439,-7.316,-7.494,-6.142,-13.086,0.000,-7.136,-10.088,-4.434,-3.865,-10.418,-6.979,-7.467,-4.683,-10.080,-5.563,-7.283,-11.194,-12.563,-10.416,-9.190,-13.446,-9.223,-10.738,-15.064,-9.881,-4.462,-9.298,-11.428,-7.816,-5.769,-7.594,-10.435,-9.019,0.000,-11.858,-10.593,-8.078,-10.535,-14.159,-7.043,-9.917,-11.264,0.000,0.000,-7.610,-7.859,-5.725,0.000,-6.832,-7.269,-13.732,-9.872,-5.379,-7.558,-12.401,-12.150,-7.370,-10.836,-10.374,-10.664,-13.413,-15.181,-15.810,-14.766,-10.688,-14.054,-7.956,0.000,0.000,-7.637,-10.621,-13.676,-11.991,-9.063,-14.057,-8.458,-11.399,-12.614,-13.410,-9.756,-10.366,0.000,-10.128,-12.647,-13.714,-14.750,-9.109,-8.155,-12.904,-12.930,-12.572,-10.845,-9.997,-9.060,-3.575,-9.584,-7.679,-8.285,-7.418,-11.692,-8.717,-6.429,-9.447,-6.398,0.000,-8.330,-8.843,-6.625,-5.079,-6.741,-1.825,-6.055,-6.090,-7.613,-4.867,-2.367,-3.775,-8.619,-5.418,-3.538,-4.386,-0.646,-2.577,-8.498,-2.890,-3.874,-4.778,-3.445,-6.627,-6.084,-6.753,-5.188,-3.767,-8.630,-3.883,-6.911,-5.624,-11.010,-7.395,-7.733,-7.239,-12.083,-13.275,-14.395,-7.312,-13.200,-13.581,-14.978,-11.015,-16.667,-12.426,-7.846,-9.797,-13.491,-9.928,-6.831,0.000,-7.126,0.000,-9.325,-6.571,-13.844,-12.193,-8.652,-9.425,-11.480,-6.893,-10.333,-9.876,-11.588,-7.737,-9.502,-9.706,-7.824,-6.231,-8.675,-10.281,-5.926,-6.343,-8.493,-3.843,-4.819,-2.416,-4.090,-4.768,-4.612,-5.023,-3.425,-4.130,-3.279,-2.049,-6.666,-6.065,-2.328,-2.651,-11.624,-12.851,-6.751,-5.903,-6.728,0.000,-8.215,-6.310,-11.435,-12.241,-5.293,-7.893,-14.217,-6.688,-8.486,-9.874,-11.288,-7.489,-5.122,-13.511,-11.775,-6.713,-7.723,-5.720,-7.837,-8.260,-9.697,-7.605,-6.133,-4.899,-6.643,-5.161,-2.808,0.000,-2.339,-4.529,-4.569,-3.513,-4.524,-4.024,-4.487,-3.599,-4.052,-4.914,-4.603,-4.395,-4.282,-3.785,-4.264,-2.735,-3.142,-4.706,-2.738,-3.215,-3.908,-3.008,-4.758,-2.952,-4.267,-4.783,-4.688,-4.519,-5.176,-4.444,-4.955,-4.924,-2.537,-6.144,-4.179,-4.394,-2.886,-3.898,-3.508,-4.883,-4.093,-4.830,-4.657,-4.537,-4.866,-5.368,-4.693,-5.075,-4.372,-3.554,-5.239,-3.251,-5.624,-4.298,-4.256,-4.402,-3.534,-3.841,0.000,-3.270,-4.271,-1.085,-5.091,-3.212,-4.908,-4.028,-3.703,-4.143,-3.725,-5.340,-4.331,-4.693,-4.678,-3.548,-4.695,-3.710,-3.731,-4.427,-4.972,-3.549,-4.668,-5.217,-3.528,-3.944,-2.205,-4.685,-3.655,-1.855,-2.572,-4.224,-1.516,-2.529,-3.804,-3.779,-4.097,-2.614,-3.263,-3.926,-2.555,-3.180,0.000,-4.067,-4.787,-2.682,-2.368,-4.328,-3.413,-1.529,-3.429,-3.805,-3.997,-3.095,-3.703,-3.816,-2.967,-3.203,-3.756,-3.436,-2.059,-4.384,-3.533,0.000,-2.657,-3.255,-2.979,-3.977,-4.470,-3.322,-3.150,-2.750,-3.082,0.000,-2.065,-4.083,-3.580,0.000,-3.230,-3.177,-4.446,-3.001,-4.822,-1.555,-4.091,-4.481,-4.540,-4.240,-3.291,-3.831,-3.874,-3.092,-3.418,-3.987,-3.644,-4.241,-1.912,-4.363,-4.278,-3.498,-2.036,0.000,-2.746,-5.273,-2.574,-4.753,-4.217,-3.828,-4.021,-4.458,-5.633,-3.139,-5.973,-2.862,-4.905,-4.643,-3.440,-4.560,0.000,-3.794,-4.433,-3.413,-1.650,-4.960,-3.908,-4.568,-3.720
D,-9.245,0.000,-3.827,-3.584,-3.929,-2.371,-4.242,-4.010,-4.522,-3.211,-1.805,-5.817,-7.306,-6.228,-10.653,-3.089,0.000,-9.395,-11.682,-5.258,-9.239,-9.886,-6.115,-7.564,-5.718,-7.521,-7.367,-7.526,-6.694,-5.698,-4.496,-5.245,0.000,-4.454,-3.716,-4.499,-4.194,-1.855,-2.911,-2.893,-4.392,-2.576,-3.292,-4.513,-5.516,-10.903,0.000,-6.927,-11.755,-8.261,-11.317,-8.420,-8.623,-7.649,-8.791,-6.666,-10.988,-10.237,-9.069,-7.285,-6.443,-9.259,-9.261,-7.676,-8.906,-11.405,-9.810,-7.256,-8.619,-9.390,-5.744,-9.615,-5.088,-9.973,-6.819,-4.252,-12.484,-9.534,-8.596,0.000,-13.574,-13.156,-4.636,0.000,-12.343,-3.860,-8.575,-9.119,-8.811,-4.806,-8.504,-3.509,-11.627,-10.772,-8.470,0.000,-9.981,-7.285,-11.594,-11.987,-7.319,-6.201,-14.064,-8.537,-8.134,-11.369,-9.667,-11.650,-4.555,-7.921,-10.285,-9.237,-11.965,-13.068,-13.519,-6.035,-7.207,-6.207,-4.954,-8.750,-11.615,-4.941,-8.237,-8.710,-5.864,-6.580,-8.765,-11.252,-6.831,-4.894,-11.923,-13.733,-5.466,-8.994,-7.699,-11.598,-8.496,-6.762,-11.151,-7.176,-5.196,-10.579,-2.876,-5.009,-11.256,0.000,-9.326,0.000,-10.694,-4.994,-8.347,-10.360,-12.117,-12.474,-5.481,-11.071,-9.604,-9.965,-13.438,-11.536,0.000,-10.858,-9.054,-7.537,-5.703,-9.986,-12.638,-10.431,-3.678,-11.836,-10.401,-6.196,-10.088,-14.647,-9.770,-9.898,-8.837,-3.183,-8.277,-8.075,-5.822,-9.820,-6.422,-8.346,-7.007,-9.535,-7.111,-7.586,0.000,-12.389,-10.604,-7.560,-10.528,-10.834,-11.161,-13.977,-14.729,-15.889,-14.375,-9.162,-16.377,-8.550,-8.664,-7.538,0.000,-9.974,-12.813,-12.374,-9.365,-15.528,-9.089,-16.265,-10.968,-15.087,-7.410,-6.911,-8.453,-12.991,-12.037,-10.906,-16.602,-11.400,-9.689,-12.513,-11.711,-9.286,-9.266,-6.447,-10.443,-7.585,-10.852,-8.235,-12.301,-8.194,-11.515,-12.778,0.000,-10.689,-9.917,-6.905,-9.581,-9.331,-9.152,-6.398,-7.482,-3.530,-6.042,-7.729,-9.857,-5.334,-4.659,-5.077,-8.507,-7.807,0.000,-5.811,-5.155,0.000,-8.517,-3.802,-3.307,-4.941,-2.810,-6.836,-5.968,-5.182,-5.005,-3.934,-8.493,-3.379,-8.000,-6.110,-11.667,-8.857,0.000,-7.410,-12.137,-12.209,-14.919,-7.531,-16.595,-13.267,-15.254,-11.997,-15.445,-14.429,0.000,-10.202,-10.961,-10.663,-7.784,-7.681,-7.832,-9.095,-14.856,-5.556,-14.680,-12.929,-9.800,-8.919,-9.670,-5.989,-10.323,-8.254,-11.068,-11.457,-10.074,-10.539,-10.932,-8.444,-8.740,-11.021,-6.576,-8.762,-8.157,-6.434,-5.336,-3.109,-5.055,-4.969,-4.831,-5.066,-3.074,-4.696,-5.909,-1.648,-8.193,-7.081,-5.366,0.000,-8.444,-13.152,-8.034,-7.801,0.000,1.505,0.000,-8.749,-11.266,-13.037,-7.509,-8.002,-15.486,-11.396,-7.358,-10.668,-13.240,-9.637,-9.070,-14.110,-13.136,-7.829,-9.877,-8.343,-9.514,0.000,-9.526,-8.716,-5.792,-6.348,-6.492,-6.921,-4.455,-4.635,-3.196,-4.581,-4.671,-4.950,-4.692,-4.749,-4.457,-4.473,-4.202,-5.860,-4.939,-4.839,-4.928,-4.654,-4.450,-2.893,-3.601,-4.779,-3.463,-3.775,-5.285,0.000,-4.973,-3.967,-4.724,-5.156,-5.764,-5.055,-5.077,-5.313,-5.431,-4.916,-2.610,-6.680,-4.401,-4.450,-2.872,-3.720,-4.247,-5.314,-4.660,-5.060,-4.964,-5.541,-4.934,-5.792,-4.833,-4.687,-4.897,-3.757,-5.425,-3.574,-6.068,-4.978,-4.704,-4.936,-3.894,-4.842,-4.507,0.000,-4.888,-1.552,-5.559,-4.140,-5.181,-4.305,-4.530,-4.812,-3.809,-5.595,-4.702,-5.666,-4.938,-4.902,-5.152,-4.360,-4.679,-4.464,-5.184,-4.483,-4.825,-5.104,-4.013,-3.828,-2.586,-5.684,-3.696,-2.234,-2.616,-4.907,-2.113,-3.443,-3.988,-4.032,-3.968,-3.862,0.000,-4.810,0.000,-3.877,-3.985,-4.186,-4.829,-2.874,-2.903,-4.623,-3.193,-2.655,0.000,-3.973,-4.470,-2.777,-3.984,-3.937,-3.734,-3.534,-4.554,-3.908,-2.466,-4.822,-4.530,-4.489,0.000,-3.400,-3.943,-4.527,-5.029,-3.692,-3.620,-3.545,-4.664,-4.245,-2.480,-5.104,-5.147,-3.724,-3.765,-3.629,-3.870,-3.937,-4.689,-2.415,-5.288,-4.764,-4.418,-3.960,-4.383,0.000,-5.248,0.000,-3.904,-4.216,-3.879,-4.309,-2.455,-5.419,-4.330,-5.210,0.000,-3.879,-3.049,-4.898,-3.697,-4.851,-4.526,-3.816,-4.849,-4.760,-5.141,-3.603,-5.259,-3.476,-4.741,-5.049,-3.553,-5.774,-3.163,-3.865,-4.910,-3.313,-2.124,-5.235,-4.591,-4.496,-3.823
N,-10.099,-3.337,-3.806,-4.342,-4.514,-3.804,-4.920,-5.079,-4.944,-2.700,-3.643,-7.208,-7.788,-8.711,-9.406,-4.581,-5.331,-9.712,-10.287,-3.727,-6.690,-9.046,-7.188,-7.183,-7.460,-5.420,-5.794,-7.414,-7.141,-5.903,-4.678,-6.622,-5.116,-4.628,-4.483,-4.370,-4.548,-1.736,-2.920,-3.075,-3.553,-2.246,0.000,0.000,0.000,-9.845,-6.238,-5.645,-11.557,-10.671,-11.592,-7.839,-5.450,-10.582,-6.236,-9.397,-10.816,-10.698,-8.568,-6.215,-5.429,-9.585,-8.275,-10.273,-8.764,-7.941,-8.940,-4.192,-6.666,-6.944,-8.350,-7.710,-1.895,-8.701,-5.519,-2.878,-8.018,-8.787,-8.718,-3.572,-11.854,-12.538,-3.337,-1.126,-13.219,-6.891,-6.018,-8.361,-6.535,0.331,-6.618,-2.891,-8.112,-9.880,-6.302,-6.588,-8.806,-6.768,-10.888,-8.537,-10.463,-3.816,-13.412,-7.712,0.000,-9.835,-8.367,-12.646,-5.431,-8.459,-10.867,-7.969,-11.915,-12.114,-12.466,0.000,-6.620,-8.355,-6.379,-7.059,-7.840,-4.175,-6.833,0.000,-6.793,-7.582,-7.261,-10.231,-6.397,-6.320,-10.902,-11.201,-8.072,-7.202,-10.479,-9.409,-7.058,-4.888,-7.218,-8.276,-5.225,-9.257,-2.852,-4.900,-8.574,-5.660,-8.037,-6.062,-10.514,-1.810,-6.392,-7.806,-12.051,-9.886,-1.025,-7.930,-8.795,-7.120,-12.167,-9.255,-5.935,-8.999,-7.656,-7.870,-6.783,-8.750,-12.655,-10.391,-6.786,-13.218,-11.045,-5.006,-9.825,-14.070,-11.793,-12.023,-8.832,-2.127,-10.551,-8.861,0.000,-9.946,-10.233,-10.772,-8.980,-9.035,-7.072,-7.400,-6.628,-12.941,-8.331,-8.444,-10.204,-13.337,-14.527,-13.229,-14.567,-15.296,-14.028,-8.290,-13.720,-8.429,-11.761,-10.413,-6.685,-9.757,-11.855,-11.860,-10.949,-14.593,-10.782,-13.566,-8.421,-14.026,-10.220,-4.277,-10.357,-10.768,-10.824,-10.531,-14.435,-10.339,-12.339,-12.638,-10.577,-6.833,-9.520,0.000,-9.658,-8.686,-11.130,-9.606,-12.727,-11.552,-11.008,-11.765,-7.625,-9.747,-9.755,-8.312,-9.694,-8.486,-8.426,-4.070,-7.007,-3.658,-5.598,-8.538,-7.688,-5.507,-4.386,-3.912,-8.024,-6.521,-3.712,-5.301,-5.432,-4.471,-9.237,-4.887,-4.641,-5.653,-4.163,-6.688,-5.772,-6.833,-3.988,-4.463,-9.418,-4.741,-6.659,-5.401,-11.920,-5.356,-7.594,-7.689,-12.287,-9.046,-13.856,-10.053,-15.202,-10.874,-12.150,-8.535,-15.008,-14.310,-4.037,-10.810,-10.673,-9.969,-7.660,-10.394,-10.294,-11.459,-14.431,-6.549,-14.149,-12.350,-9.447,-9.300,-9.578,-5.540,-8.929,-9.773,-11.314,-7.809,-9.921,-8.243,-9.007,-7.044,-8.695,-10.842,-5.509,-6.444,-7.735,-5.358,-5.727,-4.205,-6.061,-5.586,-4.922,-5.665,-4.296,-4.845,-5.626,0.000,-7.716,-6.857,-5.563,-2.523,-7.766,-12.140,-10.047,-7.835,-4.867,-1.255,-6.385,-10.231,-11.138,-12.237,-6.144,-6.972,-14.360,-9.510,-9.935,-9.104,-11.234,-7.338,-8.415,-12.999,-10.230,-6.014,-7.414,-9.275,-11.412,-6.992,-8.993,-9.351,-6.680,-7.483,-6.245,-7.064,-6.470,-6.386,-4.733,-5.989,-5.824,-6.143,-5.768,-5.929,-5.354,-5.737,-5.010,-6.581,-5.801,-5.718,-5.548,-5.552,-4.945,-3.864,-4.688,-5.597,-4.487,-4.108,-6.490,-3.991,-5.337,-5.232,-5.765,-6.173,-6.682,-5.678,-5.872,-6.450,-6.202,-5.799,-3.834,-7.214,-5.358,-5.667,-3.842,-4.384,-5.528,-6.001,-5.758,-6.127,-5.961,-6.580,-5.816,-6.705,-5.843,-5.900,-6.142,-4.933,-6.462,-4.614,-6.860,-6.006,-5.575,-5.840,-4.894,-5.961,-5.444,-4.458,-5.553,-2.675,-6.420,-5.145,-6.262,-5.333,-5.679,-6.125,-4.633,-6.620,-5.689,-6.745,-6.000,-6.197,-6.158,-5.274,-6.144,-5.234,-5.882,-5.574,-6.045,-5.760,-4.523,-4.850,-3.414,-6.029,-4.261,-3.133,0.000,-5.200,-3.081,-4.711,-4.278,-4.790,-5.113,-5.071,-4.311,-6.036,-4.239,-4.901,-4.838,-4.954,-5.242,-3.727,-3.458,-4.990,-3.953,-3.228,-3.615,-4.209,-4.541,-3.513,-4.911,-4.370,-4.229,-4.166,-5.102,-4.607,-3.621,-5.649,-5.519,-5.794,-4.238,-4.212,-5.475,-5.520,-5.915,-4.935,-4.527,-4.981,-6.055,-5.388,-3.901,-5.987,-6.285,-4.624,-5.105,-4.681,-5.120,-5.268,-5.834,-3.779,-5.920,-5.698,-5.644,-5.434,-5.711,-4.565,-6.170,-4.131,-4.913,-5.668,-4.700,-5.575,-3.720,-6.191,-5.354,-6.275,-4.491,-4.445,-4.530,-6.302,-4.936,-5.582,-5.772,-5.077,-5.855,-5.521,-5.842,-4.761,-6.151,-4.221,-5.306,-5.821,-4.772,-6.522,-4.270,-5.109,-5.713,-4.361,-3.499,-5.613,-5.146,-5.413,-4.255
Q,-8.067,-3.399,-3.133,-2.302,-3.558,-2.925,-3.699,-3.702,-3.768,-2.091,-1.046,-5.669,0.000,-7.407,-6.192,-4.638,-5.033,-12.314,-10.660,-2.702,-7.518,-10.567,-6.929,-4.835,-8.316,-3.007,-4.508,-9.024,-7.444,-5.416,-4.144,-5.689,-4.892,-3.607,-2.005,-4.466,-3.977,-3.670,-3.451,-3.153,-4.352,-2.785,-3.806,-5.180,-7.770,-8.480,-10.622,-4.181,-9.696,-10.405,-12.595,-6.055,-5.159,-8.754,-9.361,-6.114,-8.389,-8.144,-6.503,-5.259,-9.068,-8.823,-4.228,-6.706,-6.994,-7.928,0.000,-3.207,-4.990,-4.246,-7.117,-9.099,-0.301,-5.884,-7.761,-8.041,-9.832,-8.485,-8.667,-0.655,-11.874,-10.651,-6.255,-0.403,-10.205,-7.785,-8.424,-10.354,-5.881,-7.889,-11.854,-3.287,-10.975,-9.990,-7.999,-8.719,-5.207,-10.187,-8.790,-8.769,-12.078,-9.320,-10.663,-7.393,-10.093,-12.367,-5.253,-12.661,0.067,-9.609,-9.979,-8.943,-9.306,-11.234,-9.716,-9.208,-8.273,-5.282,-6.794,-6.145,-9.476,-2.897,-5.744,-8.312,-2.284,-8.482,-3.932,-11.352,0.000,-5.868,-9.912,-8.441,-6.006,-3.602,-12.541,-7.293,-6.634,-5.678,-13.498,-5.491,-5.447,-9.742,0.000,-1.323,-11.736,-8.480,-5.469,-8.025,-12.992,-5.317,-4.727,-9.320,-9.285,-4.445,-8.410,-9.698,-10.429,-9.032,-12.503,-6.052,-7.648,-4.898,-11.072,-9.630,-8.106,-5.337,0.000,-4.039,-6.808,-10.523,-9.118,-7.316,-10.258,-10.374,-8.154,-14.025,-10.072,-5.569,-9.312,-6.963,-8.431,-3.859,-8.444,-11.422,-10.584,-11.224,-8.412,-2.108,-10.915,-9.711,-12.288,-4.294,-10.735,-15.325,-15.090,-11.663,-12.724,-12.315,-11.744,-8.877,-10.757,-8.308,-7.801,-9.302,-11.294,-12.826,-11.931,-9.523,-13.776,-10.032,-10.649,0.000,-11.575,-10.681,-11.213,-9.588,-5.565,-6.770,-7.956,-15.034,-10.255,0.000,-12.651,-11.181,-8.267,-13.386,-9.964,-11.330,-9.635,-3.384,-9.271,-7.403,0.000,-7.857,-8.984,0.000,-8.957,0.000,0.000,-6.849,-4.857,-8.114,-4.316,-0.318,-7.370,0.810,0.000,-6.289,-7.433,-4.720,-1.033,-0.911,-7.048,0.000,-4.918,-4.353,-3.802,-4.303,-7.315,-3.270,-4.443,0.000,-4.411,-6.705,-5.388,-6.808,-4.885,-3.049,-7.323,-3.907,-2.562,-4.020,-9.744,-11.316,-11.563,-7.337,-13.117,-13.069,-8.348,-11.035,-6.945,-13.754,-11.163,-6.473,-12.648,-12.039,-12.065,-11.953,-11.489,-8.140,-4.265,-8.183,-12.244,-8.806,0.000,-9.689,-11.466,-10.703,-7.409,-8.612,-13.813,-4.825,-12.201,-12.879,-9.524,-6.757,-11.251,0.000,0.000,-8.481,-4.738,-7.835,-3.737,-7.316,-9.688,-2.688,-3.744,-2.403,-4.539,-4.515,-3.508,-4.677,-3.502,-3.943,-1.106,-2.621,-4.599,-5.827,-1.949,1.028,-12.344,-9.097,-9.475,-3.565,-8.788,-5.647,-13.017,-10.066,-13.875,-10.441,-3.631,-3.637,-11.215,-3.054,-13.274,-12.854,-8.734,-8.584,-9.304,-9.542,-12.628,-6.796,-9.358,0.000,-9.972,-11.578,-9.251,0.000,-5.344,-4.735,-8.737,-3.693,-4.918,-4.555,0.000,-5.211,-4.638,-3.382,-4.311,-4.022,-4.106,-4.326,-3.590,-4.563,-4.547,-4.338,-3.721,-4.202,-3.907,-2.549,-3.599,-4.339,-2.789,-2.439,-4.351,-2.726,-4.154,0.000,-4.190,-4.591,-4.323,-3.973,-4.984,-4.203,-4.379,-4.303,-2.571,-4.911,-4.122,-4.612,-2.377,-2.925,-3.934,-3.915,-3.944,-4.604,-4.451,-4.099,-4.760,-4.844,-4.407,-5.039,-3.789,-3.259,-4.817,-3.308,-4.939,-3.802,-3.912,-4.046,-3.017,-3.649,-3.639,-3.582,-3.753,-1.150,-4.685,-3.127,-4.406,-4.094,0.000,-4.286,-3.390,-4.717,-4.475,-4.464,-4.668,-3.350,-4.407,0.000,-3.901,-3.949,-4.567,0.000,-4.888,-4.548,-2.711,-4.205,-2.080,-3.480,0.000,-2.035,-2.821,-3.853,-1.558,-3.803,-3.488,-4.248,-3.939,-2.758,-3.463,-4.108,-2.479,-3.092,-2.963,-4.421,-4.477,-2.747,-2.271,-3.122,-3.393,-0.935,-2.875,-3.104,-3.216,0.000,-3.628,-3.198,-2.439,-2.956,-3.339,-3.263,-1.763,-4.134,0.000,-3.942,-2.683,0.000,-3.471,-3.564,-4.190,-3.265,-2.784,0.000,-3.002,-3.073,-2.739,-4.047,-3.506,-2.931,-3.639,-3.177,-4.012,-3.593,-4.609,-1.416,-3.017,-4.382,-4.588,-4.416,-2.928,-3.589,-3.419,-2.742,0.000,-4.289,-3.441,-4.397,-2.052,-3.504,-4.366,-3.185,-2.261,-2.755,0.000,-5.350,-2.385,-4.378,-4.181,-3.827,-3.620,-4.016,-5.180,-2.926,-5.247,-2.471,-4.088,-4.300,-3.355,-3.960,-2.982,-4.269,-4.255,0.000,-2.206,-4.463,-3.969,-4.621,-2.978
T,-8.246,-2.372,-2.491,-3.002,-3.122,-3.373,-3.885,-4.592,-4.135,-2.684,-3.091,-5.967,-7.045,-9.933,-9.200,-5.115,-6.830,-7.560,-7.321,-1.735,-5.430,-11.853,-9.164,-7.796,-7.700,-5.309,-6.626,-6.542,-5.924,-5.671,-4.371,-6.562,-5.135,-4.510,-4.975,-4.006,-5.369,-3.229,-2.640,-3.281,-3.948,-1.055,-3.834,-5.962,-4.515,-4.834,-9.207,-6.662,-11.198,-10.005,-8.007,-5.723,-8.186,-9.546,0.000,-10.078,-9.604,-6.592,-6.900,-5.701,0.000,-6.516,-7.131,-9.683,-6.902,-8.503,-9.720,-3.560,-7.957,-6.344,-9.178,-6.121,-2.730,-9.044,-1.949,-3.685,-9.087,-8.748,-5.624,-4.502,-9.198,-8.595,-5.604,-4.524,-12.321,-8.609,-5.226,-7.353,-7.114,-3.629,-5.555,-3.253,-9.145,-6.154,-5.822,-9.324,-8.240,-3.676,-11.432,-10.246,-11.079,-3.428,-10.584,-6.877,-8.429,-8.449,-7.200,-10.513,-4.774,-3.151,-11.439,-6.359,-8.658,-10.822,-11.569,-9.023,0.000,-8.024,-6.961,-5.485,-9.630,-3.687,-7.074,-6.246,-4.926,-8.238,-5.986,-9.128,-6.383,-4.445,-4.894,-9.031,-9.269,-6.950,-9.138,-9.159,-7.044,-3.860,-7.725,-5.988,-6.696,-6.201,-3.815,-2.741,-7.420,-6.161,-7.672,-8.470,-7.012,-3.467,-6.641,0.000,-10.997,-10.636,-4.254,-10.841,-6.451,-7.587,-11.103,-9.723,-7.243,-8.570,-8.699,-8.824,0.000,-8.216,-12.821,-8.849,-6.102,-11.341,-9.652,-9.771,-6.903,-11.775,-7.440,-5.571,-11.227,1.069,-10.134,-9.481,-8.093,-5.407,-10.105,-8.924,-9.312,-13.107,-8.546,-6.221,-10.406,-10.027,-8.877,-11.799,-6.918,-4.617,-7.605,-8.900,-12.962,-12.517,-11.207,-11.170,-10.223,-8.957,-9.889,-12.623,-12.596,-4.788,-11.534,-11.412,-6.144,-10.388,-5.795,-13.651,-8.658,-8.070,-3.592,-7.268,-10.019,-9.621,-13.448,-7.209,-8.942,-11.659,-10.633,-11.904,-13.090,-10.052,-8.420,-6.955,-9.304,-7.708,0.000,-6.162,-9.085,-9.067,-8.881,-10.938,-7.430,-8.459,-8.386,-8.275,-9.653,-5.392,-5.786,-3.148,0.000,-1.169,-4.811,-5.930,-7.978,0.000,-2.588,-3.994,-8.827,-3.890,-5.952,-4.895,-6.885,-5.827,-7.882,-3.611,-2.667,-4.390,-3.868,-5.594,-1.984,-5.027,-2.266,-3.601,-7.663,-5.116,-5.988,-4.856,-10.060,-6.060,-8.473,-8.470,-7.852,-7.572,-10.552,-10.679,-12.021,0.000,-8.666,-8.173,-11.958,-12.659,-8.081,-6.647,-12.585,-8.763,-5.553,-11.296,-10.553,-10.401,-13.725,-4.403,-11.020,-7.040,-5.591,-5.327,0.000,-5.749,-4.727,-5.699,-10.056,-8.659,-7.254,-9.500,-9.124,-9.077,-8.314,-9.718,0.000,-6.361,0.000,-4.433,-4.030,-2.203,-4.358,-3.303,-2.526,-3.415,-2.844,-3.049,-4.542,-2.174,-5.015,-5.918,-2.714,-2.643,0.000,-10.066,-6.817,-4.647,-6.673,-6.205,-11.263,0.000,-5.345,-9.590,-6.837,-8.706,-10.242,-8.212,-7.311,-4.451,-7.878,-8.006,-7.648,-11.971,0.000,-7.816,-8.444,-11.219,-11.478,-9.065,-8.090,-6.135,-6.672,-4.573,-5.181,-5.850,-4.181,-5.013,-3.039,-4.375,-3.959,-4.046,-4.305,-4.061,-3.449,-4.247,-3.192,-4.515,-4.291,-4.005,-3.772,-4.155,-3.793,-2.533,0.000,-4.042,-2.852,-2.624,-4.675,-2.693,-3.310,-3.356,-4.346,-4.476,-4.566,-3.863,-4.117,-4.405,-4.391,-3.542,-1.823,-5.100,-3.777,-4.325,-1.604,-2.090,-3.634,-4.058,-4.167,-4.361,-4.188,-4.177,-3.954,-4.616,-3.911,-3.880,-4.322,0.000,-4.641,-2.953,-4.832,-4.283,-3.761,-4.063,-3.142,-3.560,-3.430,-3.660,0.000,-1.028,-4.270,-3.215,-4.855,0.000,-3.935,-4.381,-2.911,-4.663,-4.118,-4.587,-4.398,-3.948,-4.174,-3.364,-4.631,-3.936,-4.198,-3.880,-4.753,-3.987,-3.053,-3.618,-2.003,-4.169,-2.981,-1.970,-2.287,-4.048,-1.864,-3.981,-3.217,-3.746,-4.488,0.000,-3.164,-3.872,-3.176,-2.885,-3.699,-4.185,-3.866,-2.260,-2.202,-3.583,-3.239,-1.678,-2.465,-2.929,-3.251,-2.894,-3.976,-2.749,-2.785,-2.953,-3.751,-4.041,-2.157,-4.404,-3.437,-4.597,-2.759,-2.503,-3.960,-4.028,-4.351,-3.052,-2.445,-3.330,-4.374,-3.805,-2.561,-4.260,-4.373,-2.871,-3.615,-2.893,-3.559,-3.694,-4.204,-1.647,-3.571,-4.139,-4.079,-4.256,0.000,-3.010,-3.906,-2.496,-2.871,-4.916,0.000,-4.064,-1.963,-3.790,-4.016,-4.435,-2.688,-2.340,-3.242,-4.602,-2.990,-3.858,-4.549,0.000,-4.137,-3.924,-4.188,-3.460,-4.280,-3.261,-3.869,-4.439,-3.687,-3.935,-3.192,-3.815,-4.242,-2.804,-2.523,-4.142,-4.194,-4.682,-2.835
S,-8.427,-1.983,-1.698,-2.588,-2.804,-3.175,-3.741,-4.422,0.000,-1.917,-3.384,-6.555,-6.374,-9.993,-8.653,-3.521,-5.767,-10.579,-9.332,-0.203,-8.669,-9.323,-9.702,-9.100,-6.017,-4.886,-6.987,-7.658,-5.650,-5.431,-3.819,-6.777,-5.150,-4.132,-4.918,-3.411,-4.573,-2.625,-2.101,-2.196,0.000,-0.854,-2.853,-4.909,-5.399,-8.245,-8.833,-5.129,-8.512,-8.747,-10.456,-6.815,-7.922,-10.501,-6.344,-10.889,-6.994,-6.191,-4.903,-4.382,-3.514,-6.138,-6.911,-11.292,-6.117,-10.315,-9.292,-4.970,-6.034,-8.016,-10.826,-7.022,0.000,-8.263,-5.084,0.000,-11.213,-7.078,-7.505,-5.623,-11.394,-9.977,-4.380,-4.036,-10.378,-7.662,-7.875,-6.999,-6.755,0.000,0.000,-3.105,-11.388,-8.948,-6.472,-7.115,-7.431,-6.014,-8.951,-10.448,-8.028,-5.480,-8.025,-8.063,-5.277,-10.366,-7.816,-9.317,-6.194,-4.998,-8.998,0.000,-8.769,-10.978,-10.343,-7.037,-5.943,-8.395,-8.680,-7.373,-11.447,-2.461,-6.401,-4.955,-5.969,-6.420,-7.294,-8.851,-6.139,-4.205,-10.388,-11.321,-9.507,-7.854,-7.188,-10.852,-6.003,0.000,0.000,-6.627,-6.977,-7.569,0.020,-4.260,-8.283,-5.915,-6.356,-8.375,-10.145,0.000,-4.641,-6.684,-10.212,-7.529,-3.884,-10.065,-8.804,-6.468,-7.627,-5.385,-7.575,-6.641,-6.629,-4.785,-3.624,-8.438,-12.152,-7.410,-2.426,-10.371,-6.516,-5.953,-8.113,-9.922,-7.833,-7.842,-6.961,1.826,-10.541,-6.855,-4.176,-5.520,-10.531,-10.786,-5.177,-8.281,-4.480,-6.623,-7.433,-10.124,0.000,-8.411,-9.156,-8.947,-9.157,-10.757,-8.547,-11.306,-10.276,-7.001,-11.033,-7.092,-11.406,-11.843,-10.814,-6.921,-7.238,-8.277,-7.783,-9.805,-6.164,-13.095,-9.834,-8.800,-3.738,0.000,-9.195,-9.025,-11.210,0.000,-10.390,-10.297,-9.275,-9.235,-8.878,0.000,-6.930,-5.424,-7.172,-5.104,-8.887,-7.552,-10.322,-7.838,-6.987,-10.030,-7.652,-8.358,-8.170,-8.871,-8.885,-7.238,-6.405,-1.382,-5.929,0.000,-1.623,-5.537,-8.599,-4.080,-1.990,-2.120,-8.140,-4.005,-5.898,-3.332,-6.747,-4.483,-6.606,-2.407,-2.629,-3.155,-1.030,0.000,-1.152,-4.838,-2.696,-2.901,-6.811,-3.451,-5.565,-3.204,-8.714,-7.078,-8.980,-6.170,-11.404,0.000,-9.041,-7.139,-11.471,-8.935,-5.651,-6.612,-10.498,-11.132,-7.269,-9.569,-8.514,-8.362,-3.406,-11.648,-8.384,-11.392,-12.545,-6.433,-9.685,-8.829,-5.207,-6.926,-5.301,-0.243,-8.084,-7.254,-6.660,-9.007,-9.561,-9.424,-6.143,-8.885,-7.048,-7.320,-4.945,-8.311,-7.072,0.000,-3.797,-2.001,-4.164,-3.801,-2.554,-3.456,-2.151,-2.654,-3.262,-2.116,-5.422,-4.792,-2.503,-0.788,-7.040,-7.814,-7.656,-3.107,-6.947,-3.877,-11.703,-7.729,-8.652,-8.504,-4.408,-8.392,-10.525,-9.652,-9.081,0.000,-10.197,-8.229,-9.642,-9.606,-8.644,-8.063,-9.506,-11.014,-8.794,-9.291,-6.069,-4.243,-6.284,-5.513,-5.631,-5.719,-4.713,-4.232,-2.878,-3.964,0.000,0.000,-3.251,0.000,-2.616,-3.899,-2.263,-4.043,-3.583,0.000,-3.086,-3.926,-3.341,-1.862,-2.992,-3.225,-2.268,-1.842,-4.556,-2.120,-2.807,-3.086,-3.773,-3.636,-3.934,-3.063,-3.544,-3.727,-3.523,-2.821,-1.300,-4.177,-2.881,-3.821,-0.834,-1.272,0.000,-3.020,0.000,-3.489,-3.434,-3.497,-3.313,-3.912,-3.040,0.000,0.000,-2.259,-3.752,-2.207,-4.124,-3.565,-3.345,-3.600,-2.272,-3.271,-3.436,-3.204,-2.868,-0.318,-3.942,-2.640,-3.987,-3.019,-3.282,-4.159,-2.358,-3.928,0.000,-3.937,-3.653,-3.318,-3.465,-2.790,-4.285,-3.194,-3.480,-3.059,-4.182,0.000,-2.070,-3.049,-1.329,-3.232,-2.265,-1.394,-1.735,0.000,-0.895,-3.328,-2.393,-2.951,-3.406,-2.677,-2.520,-3.544,-2.598,-2.464,-3.140,-3.665,-3.447,-1.853,-1.629,-2.687,-2.540,-1.108,-1.623,-2.038,-2.542,-2.304,0.000,-2.029,-1.860,-2.283,-3.111,-3.178,-1.305,0.000,-2.931,-4.246,-2.424,-2.133,-3.586,-3.078,-3.594,-2.358,-1.777,-2.986,-3.962,-2.962,-2.090,-3.847,-3.817,-2.188,-3.384,-2.308,-2.678,0.000,-3.319,-0.957,-2.589,-3.280,-3.172,0.000,-2.397,-2.073,0.000,-1.687,-2.569,-4.243,-2.529,-3.325,-1.275,-3.023,-3.414,-3.689,-2.368,-1.741,-2.830,-4.235,-2.298,-2.973,-3.760,-2.490,0.000,-3.006,-3.537,-2.441,-3.378,-2.416,-2.774,-3.485,-2.624,-3.606,-2.205,0.000,0.000,-1.918,-1.796,-3.063,-3.419,-3.789,-2.116
C,-9.796,-3.996,-4.061,-4.223,-3.791,-5.060,-5.095,-5.866,-5.068,-3.295,-5.041,-8.401,-8.050,-11.667,-6.734,-5.845,-7.686,-12.884,-12.299,-2.905,-10.103,-6.968,-11.591,-9.898,-7.585,-2.246,-6.999,-10.223,-6.995,-6.910,-6.438,-9.125,-7.485,-6.214,-6.296,-6.034,-5.748,-4.309,-4.256,-3.612,-5.156,-3.408,-2.894,-6.221,-7.089,-10.496,-10.733,-5.306,-9.486,-10.074,-13.156,-8.685,-7.525,-12.496,-9.440,-12.230,-9.585,-10.758,-5.636,-4.776,-8.949,-10.700,-7.892,-13.291,-8.867,-12.597,-7.709,-6.032,-5.391,-8.696,-13.573,-10.340,-5.288,-6.904,-8.695,-8.695,-13.530,-5.954,-11.182,-7.738,-14.263,-11.925,-7.058,-5.292,-9.111,-10.713,-9.885,-7.024,-6.968,-7.035,-9.081,-7.300,-14.051,-10.847,-8.287,-10.246,-6.679,-8.515,-8.104,-12.347,-9.873,-7.508,-14.037,-11.683,-7.386,-13.013,-7.013,-11.640,-8.364,-6.451,-7.709,-7.407,-12.191,-13.389,-12.033,-9.994,-9.280,-11.244,-12.057,-10.661,-13.850,-6.219,-9.570,-8.331,-8.230,-8.224,-7.640,-8.350,-7.234,-6.537,-14.361,-12.078,-11.306,-7.897,-9.614,-11.336,-6.977,-5.340,-7.669,-9.529,-8.777,-10.337,-2.234,-6.018,-12.487,-8.752,-7.998,-10.554,-13.281,-6.188,-5.634,-9.775,-11.529,-6.685,-7.610,-11.001,-11.634,-8.694,-7.895,-6.003,-9.998,-5.555,-6.200,-7.389,-7.820,-9.605,-11.519,-7.686,-6.913,-14.019,-5.026,-6.958,-10.626,-12.084,-9.604,-12.498,-6.799,-3.338,-13.623,-6.899,-8.299,-7.768,-13.585,-14.129,-7.796,-6.594,0.000,-8.596,-11.105,-14.717,-8.957,-9.545,-13.441,-13.645,-13.858,-14.093,-9.332,-13.869,-12.238,-7.464,-12.816,-11.343,-14.177,-13.444,-13.724,-12.040,-8.027,-7.001,-12.346,-12.928,-11.493,-12.496,-13.688,-13.285,-11.003,-8.973,-12.523,-7.929,-10.142,-10.251,-13.665,-9.196,-10.657,-8.806,-7.385,-10.128,-12.245,-9.374,-9.317,-6.000,-11.679,-10.506,-10.793,-9.721,-8.659,-10.675,-10.833,-9.338,-10.649,-10.634,-9.002,-9.766,-6.841,-2.059,-8.551,-4.476,-1.705,-9.433,-10.998,-7.068,-3.128,-3.069,-7.668,-5.699,-7.579,-5.990,-7.876,-5.854,-7.948,0.000,-4.997,-5.203,0.000,-5.953,-4.136,-6.574,-4.588,0.000,-8.168,-3.887,-5.510,-2.458,-9.915,-12.044,-11.466,-8.393,-14.234,-10.132,-9.852,-8.654,-13.262,-12.301,-6.874,-5.608,-13.854,-10.807,-10.023,-12.199,-7.445,-10.708,-5.208,-14.211,-9.971,-13.528,-12.481,-9.242,-13.367,-10.066,-7.968,-9.281,-11.203,-1.290,-11.842,-12.000,-8.186,-10.233,-13.197,-10.479,-4.344,-10.813,-5.430,-10.195,-8.616,-10.733,-9.598,-5.668,-5.279,0.000,-5.370,-4.985,-3.815,-4.511,-3.990,-3.707,0.000,-3.376,-5.530,-6.118,-4.386,-1.922,-10.131,-8.095,-11.147,-6.187,-10.748,-7.033,-15.148,-11.961,-10.682,-10.547,-3.645,-8.477,-14.191,-9.237,-13.735,-10.559,-11.550,-10.414,-13.728,-12.159,-12.637,-9.905,-13.224,-11.021,-8.804,-12.177,-10.380,-6.883,-6.737,-7.458,-8.928,-6.180,-6.616,-5.351,-4.846,-5.761,-4.602,-4.515,-4.360,-4.368,-3.700,-5.010,-3.317,-5.193,-4.742,-4.577,-4.486,-5.410,-4.628,-2.973,-4.052,-4.251,0.000,-3.182,-6.066,-3.307,-4.402,-4.374,-4.890,-4.733,-5.230,-4.103,-4.808,-4.907,-4.722,-4.267,-2.367,-5.258,-4.003,-4.904,-1.919,-2.580,-4.729,-4.129,-4.338,-4.521,-4.624,-4.860,-4.588,-5.258,-4.269,-4.548,-4.303,-3.020,-4.756,0.000,-5.380,-4.576,-4.589,-4.682,-3.422,-4.733,-4.828,-4.391,-4.123,-1.454,-5.359,-3.932,-4.914,-4.356,-4.373,-5.483,-3.576,-5.021,-4.476,-5.354,-4.722,-4.464,-4.674,-4.200,-5.597,-4.176,-4.918,-4.143,-5.501,-4.632,-3.213,-4.286,-2.378,-4.367,-3.605,-3.088,-2.960,-4.540,-1.933,-4.499,-3.833,-4.303,-4.257,-4.097,-3.627,-5.383,-3.806,-4.283,-4.166,-5.096,-4.953,-3.072,-3.106,-3.730,-3.466,-2.454,-2.869,-3.603,-4.034,-3.765,-4.389,0.000,-3.451,-3.420,-4.465,-4.093,-2.313,-4.681,-4.451,-5.470,-3.880,-3.609,-4.774,-4.021,-4.683,0.000,-3.067,-4.287,-5.167,-4.009,-3.482,-5.177,-4.996,-3.268,-4.870,-3.572,-3.847,-4.567,-4.256,-2.574,-4.299,-4.669,-4.672,-4.479,-3.956,-3.193,-4.935,-3.016,-4.086,-5.654,-3.555,-4.363,-2.239,-4.421,-4.550,-4.951,-3.695,-3.136,-3.979,-5.496,0.000,-3.942,-4.779,-3.333,-4.364,-3.984,-4.673,0.000,-4.172,0.000,-3.456,-4.402,-2.984,-5.097,-3.039,-4.707,-4.563,-2.988,-2.959,-4.299,-4.583,-4.562,-3.260
G,-8.164,-2.625,-2.773,-2.570,-3.222,-2.381,-2.972,0.000,-3.795,-2.372,-0.884,-5.225,-6.391,-7.238,-7.702,-4.454,-4.586,-11.425,-10.416,-4.325,-9.817,-11.407,-7.485,-7.437,0.000,-4.925,-6.660,-6.976,0.000,-5.223,-4.126,-5.289,-3.308,-2.713,0.000,-3.973,-3.552,-2.562,-1.313,-2.777,-3.947,-1.345,-3.700,-4.347,-7.677,-9.856,-8.281,-6.072,-12.018,0.000,-11.586,-8.410,-9.000,-8.406,-8.750,-7.104,-9.963,-9.156,-8.290,-5.282,-5.715,-8.035,-7.244,-8.233,-7.122,-10.529,-9.363,-4.448,-6.980,-7.400,-7.179,-8.363,-4.025,-6.631,-5.210,-4.997,-10.789,-5.705,-8.069,-4.653,-12.876,-11.355,0.000,-3.648,-8.693,-6.537,-7.869,-9.130,-7.853,-5.935,-5.050,-4.053,-11.775,-10.923,-7.940,-6.940,-7.487,-5.963,-11.302,-9.666,0.000,-6.885,-12.485,-8.361,-6.777,-11.203,-6.134,0.000,-5.655,-4.403,-7.314,-8.158,-10.751,-13.110,-11.580,-7.285,-6.489,-7.405,-7.600,-7.098,-11.280,-4.234,-7.513,-9.640,-5.083,0.000,-8.761,-11.841,-5.444,-5.104,-11.918,-11.408,-7.323,-8.440,0.000,-9.884,-6.932,-5.343,-10.192,-6.508,-7.537,-8.497,-2.366,-5.420,-10.493,-5.175,-7.512,-5.597,-9.110,-3.716,0.000,-9.240,-11.779,-7.935,-6.945,-12.572,-10.413,-10.265,-12.601,-7.442,-6.799,-7.345,-10.069,0.000,-5.133,-7.409,-12.310,-8.175,-3.718,-11.542,-8.155,-7.886,-9.904,-13.617,-8.343,-9.245,-11.125,-2.524,-8.903,-7.992,-8.896,-7.856,-7.809,-9.318,0.000,-12.561,-6.476,-7.953,-5.434,-13.913,-6.836,-8.120,-11.364,-9.606,-8.988,-13.763,-13.903,-15.343,-13.036,-10.760,-13.227,-8.888,-8.123,-8.552,-10.871,-10.351,-12.050,-8.329,-7.780,-13.952,-7.839,-12.516,-12.294,-12.245,-7.173,-7.217,-7.642,-8.854,-12.342,-9.114,-13.629,-9.498,0.000,-11.078,-11.067,-8.437,-10.600,-6.778,0.000,0.000,-9.117,-7.024,-8.772,0.000,-10.617,-9.179,-6.004,-9.680,-7.334,-6.703,-8.754,-8.124,-6.146,-3.268,-6.592,-3.432,-4.065,-6.011,-8.435,-4.367,-1.663,0.000,-8.621,-5.214,-4.232,-4.788,-4.426,-1.552,-7.226,-0.137,0.000,-4.880,-0.649,-4.591,-3.873,-5.717,0.000,-2.599,-7.610,-3.606,-5.977,-4.413,-11.411,-7.616,-6.686,0.000,-11.634,-10.327,-11.762,0.000,-13.856,-11.710,-11.638,-7.708,-14.710,-9.067,-6.017,-7.847,-12.825,-9.923,-6.560,-8.849,0.000,-9.778,-11.442,-6.685,-13.275,-10.350,-7.202,-7.533,-9.645,-3.491,-9.687,-8.115,-10.389,-8.991,-9.089,-11.283,-5.781,-7.881,-6.359,-9.394,-4.223,-7.571,-7.210,-4.176,-4.496,-1.276,0.000,-4.095,-3.140,-3.872,-2.822,-3.208,-2.242,-2.421,-5.810,-5.869,-1.608,-1.629,-9.657,-9.966,-7.509,-5.912,-6.740,-2.867,-9.444,-7.354,-10.977,-9.955,-4.100,-8.308,-13.595,-7.601,-9.010,-9.012,-10.427,-7.126,-7.920,-12.247,-10.561,-6.736,-9.150,-8.170,0.000,-8.067,-9.003,-6.883,-5.821,-4.973,-5.844,-4.703,-3.444,-3.122,-2.293,0.000,-3.428,-2.994,-3.234,-3.190,-3.137,-3.337,-2.616,-4.161,-3.238,-3.280,-3.570,0.000,0.000,-1.682,-2.149,-3.382,-1.649,-2.287,0.000,-2.063,-3.327,-2.427,-3.413,-3.857,-3.856,0.000,-4.154,-3.446,-3.648,-3.371,-1.404,-4.769,-3.098,-3.254,-1.083,-1.891,-2.925,-3.566,-3.205,-3.720,-3.521,-3.717,-3.584,-4.091,-3.073,-3.356,-3.188,-2.391,-4.006,-2.068,-4.495,0.000,0.000,-3.491,-2.085,-3.121,-2.588,-2.200,-2.650,0.005,-3.812,-2.343,0.000,-2.882,-3.051,0.000,-2.832,-3.902,-3.103,-3.916,-3.406,-2.477,-3.257,-2.973,0.000,0.000,-3.872,-2.663,0.000,-3.798,-2.303,-2.880,-1.166,-3.285,-2.555,-1.655,-1.440,-3.393,-1.059,-2.968,-3.125,-3.060,-3.310,-2.025,-2.564,-3.268,-2.221,-2.696,-3.088,0.000,-4.145,-1.730,-1.458,-3.259,-2.639,-0.914,-2.119,-2.651,-3.262,-2.329,-2.532,-3.035,-2.499,-2.215,-3.502,-2.881,-1.009,-3.340,-3.401,-3.137,-2.027,-2.294,-2.544,-2.897,-3.512,-1.957,-2.002,-2.339,-3.049,-2.489,-1.378,-3.327,-3.087,-2.167,-2.727,-2.148,-2.909,-2.423,-3.555,-0.932,-3.166,-3.689,-3.319,-2.594,-2.471,-2.318,-2.890,-1.856,-2.920,0.000,-2.661,-2.995,-0.719,-3.362,-3.191,-3.265,-1.708,-2.101,-2.150,-3.846,-1.922,-3.501,-3.126,-2.134,-3.430,0.000,-4.172,-2.077,-3.948,-2.361,0.000,-3.647,-2.215,-3.693,-2.049,-2.894,-3.563,-2.271,-1.117,-4.164,-3.173,0.000,-2.651
A,-8.202,-1.773,-2.505,-2.547,-2.942,-2.540,0.000,-4.076,-3.853,-2.737,-1.179,0.000,-5.962,-8.406,-10.760,-2.322,-4.458,-8.668,-8.211,-0.375,-8.980,-12.365,-8.391,-6.727,-6.439,-6.460,-7.662,0.000,-4.790,-4.943,-4.052,-5.576,-4.236,-4.147,-4.156,-3.986,-4.745,-3.224,-1.660,-3.301,-4.287,-0.745,-4.404,-6.153,-5.849,-7.413,-9.822,-5.956,-11.428,-9.294,-9.738,-6.079,-9.729,-7.653,-6.109,-8.424,-9.619,-5.119,-6.876,-4.660,-4.863,0.000,-7.355,-8.051,0.000,-10.417,-9.673,-4.851,-8.375,-8.389,-7.136,-6.367,-4.199,-10.423,-2.940,-4.179,-11.937,-9.562,-6.206,-5.001,-11.072,-9.666,-6.282,-5.237,-12.862,-7.931,-8.855,-8.322,-9.662,-7.363,-8.733,-4.326,-12.470,-9.226,-6.637,-8.311,-10.328,0.000,-12.305,-11.538,-8.985,-5.117,-10.820,-7.697,-7.418,-10.274,-10.107,-8.800,-5.463,-1.331,-12.530,-6.514,-7.631,-12.383,-11.983,-8.239,-3.752,-7.551,-5.995,-6.651,-11.325,-2.285,-5.962,-7.216,-5.524,-7.346,-8.497,-10.590,-6.871,-2.374,-8.167,-8.907,-7.588,-7.948,-3.693,-10.416,-6.836,-4.780,-9.295,-6.832,-6.478,-6.576,-3.746,-2.927,-9.928,-5.678,-7.864,-7.184,-6.755,-5.197,-7.361,-7.614,-12.145,-12.381,-8.358,-13.645,-8.939,-9.819,-11.707,-10.704,-8.143,-10.710,-9.831,-7.985,-1.588,-9.098,-13.619,-9.275,-2.485,-11.617,-10.080,-10.101,-8.282,-13.261,-6.337,0.000,-11.710,-0.417,-8.207,-8.365,-9.150,-6.940,-7.736,-8.231,-8.700,-14.251,-8.400,-7.717,-9.671,-11.278,-9.106,-11.211,-8.646,0.000,0.000,-11.404,-13.370,-14.932,-13.338,-12.821,-13.783,-9.052,-8.245,-9.588,-10.880,0.000,-12.596,-13.219,0.000,-12.646,-2.489,-15.373,-11.882,-11.114,0.000,-9.862,-9.904,-12.017,-13.734,-8.129,-11.070,-13.033,-7.756,-12.904,-14.297,-11.236,-8.210,-9.874,-9.510,-7.515,-7.433,-6.678,-9.502,-6.666,-9.504,-11.931,-4.640,-9.117,-9.353,-7.882,-10.129,-7.066,-6.545,0.000,-5.024,-2.771,-4.801,-5.154,-8.977,-3.648,-1.752,-3.498,-8.802,-5.452,-5.425,-4.671,-5.639,-4.857,-7.443,-2.662,-3.151,-4.134,-2.557,-5.491,-2.825,-5.840,-3.916,-3.794,-7.739,-5.366,-6.960,-5.843,-10.978,-7.324,-6.821,-9.269,-9.356,-8.690,-11.732,-10.002,-14.141,-8.116,-11.731,-11.929,-13.387,-14.048,-7.202,-6.022,-13.866,-9.617,-5.525,-9.858,-8.740,-7.850,-13.323,0.000,-12.204,-9.293,-4.388,-6.886,-3.894,-5.360,-7.801,0.000,-10.528,-11.810,-6.565,-10.714,-10.937,-10.403,-8.807,-9.789,-5.546,-6.976,-5.484,-5.499,-4.697,-1.536,-4.123,-3.878,-3.171,0.000,-2.683,-3.057,-3.904,-2.032,-6.558,-5.932,-0.686,-2.758,-7.661,-11.460,0.000,-5.372,-7.371,-4.644,-10.198,-4.949,-5.086,-10.638,-7.658,-9.681,-12.669,-10.612,0.000,-6.578,-10.444,-7.028,-7.032,-12.404,-8.618,-8.910,-9.854,-10.051,-9.619,-7.794,-6.714,-4.709,-3.886,-3.086,0.000,-5.127,-2.588,-3.796,-1.659,-3.183,-3.073,-3.056,0.000,-2.960,-2.643,-3.228,-2.406,-3.984,0.000,-3.217,-3.177,-3.325,-3.418,-1.693,-2.370,-3.266,-2.115,-2.112,-3.768,-2.144,-3.034,-2.312,0.000,-3.570,-3.623,-3.061,-3.651,-3.475,0.000,-2.773,-0.799,-4.801,-2.894,-3.577,-0.728,-1.622,-2.506,0.000,-3.169,-3.541,-3.432,-3.284,0.000,-3.929,-3.007,-3.070,-3.372,-2.423,-3.882,-2.107,-4.357,-3.419,-3.109,0.000,-2.281,-3.069,-2.800,-2.562,-3.092,0.010,-3.911,-2.290,-4.120,-2.738,-2.974,-3.379,-2.419,-4.077,-3.290,-3.729,0.000,-2.952,0.000,-2.531,-3.504,-3.391,-3.651,-2.886,-3.690,-3.623,-2.470,-2.825,-1.356,-3.881,-2.743,-1.288,-1.490,-3.786,-1.056,-3.439,-2.986,-3.258,-3.754,-2.602,-2.505,-3.623,-2.525,-2.674,-3.311,-3.756,-3.793,-1.694,-1.639,-3.619,-2.811,-1.500,-2.452,-2.725,-3.440,-2.547,-3.152,-2.559,-2.592,-2.492,-3.457,0.000,-1.212,-3.739,-3.220,-3.818,-2.116,-2.282,-2.716,0.000,-3.473,-2.265,-1.875,-2.318,0.000,-2.897,-1.632,-3.803,0.000,-2.123,-2.654,-2.118,-2.934,-2.531,0.000,-0.708,0.000,0.000,-3.456,-3.346,-2.687,-2.214,-3.624,-1.835,-2.458,-3.993,-2.938,-3.200,-1.084,-3.507,0.000,-3.763,-1.902,-2.132,-2.334,-3.948,-2.068,0.000,-3.608,-2.468,-3.338,-3.356,-4.064,-2.564,-3.812,-2.565,-3.492,-3.863,-2.781,-3.789,-2.475,-3.158,-3.692,-2.090,-1.488,-4.084,-3.340,-3.996,-2.645
V,-8.272,-2.943,0.000,0.000,-3.447,0.000,-3.978,-4.361,-4.629,-3.517,-2.173,-5.903,-6.948,-8.498,-10.864,-5.075,-6.050,-6.414,-5.243,-3.167,-9.182,-12.020,-7.852,-8.061,-5.913,-7.367,-6.484,-5.157,-5.427,-5.336,-4.563,-5.477,-3.935,-4.252,-4.369,-4.179,-4.693,-3.124,-1.466,-2.874,-4.384,0.659,-3.371,-6.408,-3.239,0.000,-9.618,-7.062,-9.030,-8.428,-7.379,0.000,-9.283,-6.431,-7.023,-8.089,-8.144,-7.301,-7.528,-3.973,-7.716,-6.583,-7.662,-7.451,-6.772,-10.798,-7.992,-4.050,-9.203,-4.816,-6.353,-4.402,-5.006,-10.543,-3.945,-5.729,-11.803,-7.453,0.000,-3.786,-8.063,-7.191,-6.745,-5.936,-12.752,-8.559,-8.443,-9.002,-8.667,-8.229,-11.570,-5.198,-12.305,-6.211,-4.386,-9.158,-10.119,-0.859,-9.896,-11.866,-8.541,0.760,-12.914,-6.356,-9.359,-5.416,-10.073,-9.187,-4.201,-1.583,-10.345,-7.858,0.000,-9.239,-9.244,-9.152,-2.056,-8.510,-7.120,-3.641,-11.231,-3.984,-7.759,-9.507,-5.784,-7.606,-6.863,-11.037,-7.277,-1.626,-7.054,-5.726,-8.293,-7.600,-7.481,-10.522,-6.483,-1.743,-12.004,-7.668,-5.287,-5.298,-5.293,-0.854,-7.337,-5.829,-6.193,-7.743,0.000,-5.563,-8.642,-8.698,-8.970,-13.170,-9.937,-13.542,-5.497,-7.849,-9.296,-9.533,-8.652,-10.988,-9.915,-8.763,-1.572,-8.308,-13.066,-9.100,-5.651,-8.739,-7.024,-10.642,-2.820,-10.229,-4.257,-5.438,-9.789,-2.183,-6.596,-4.919,-9.884,-7.668,-7.947,0.000,-8.686,-13.331,-7.499,-6.731,-10.945,-9.529,-12.687,-10.919,-4.297,-5.825,-8.195,-6.934,-10.263,-10.153,-8.874,-10.915,-9.571,-11.565,-7.866,-8.370,-12.200,-6.859,-10.022,-12.556,-7.018,-9.653,0.000,-13.632,-7.998,-8.030,-6.905,-9.413,-11.299,-12.148,-13.824,-10.876,-8.585,-13.357,-7.109,-11.219,-13.739,-10.381,-11.007,-10.498,-9.461,-8.634,-7.303,0.000,-9.017,-7.148,-7.959,-11.662,-6.337,-9.266,-7.998,-8.396,-8.685,0.000,0.000,-4.348,-3.402,-0.232,-4.087,-6.163,-9.272,-1.079,-3.535,-5.224,-8.255,-3.359,-5.757,-6.014,-5.470,-5.269,-7.133,-4.083,-3.373,-3.784,-2.985,-5.625,-1.195,-4.942,-3.511,-4.136,-6.324,-3.240,-5.994,-4.997,-8.945,-6.520,-7.450,-8.077,-4.748,-10.578,-10.577,-9.653,-10.211,-10.855,-10.505,-11.452,-9.110,-12.786,-7.418,0.000,-11.167,-7.473,0.000,-9.568,-8.018,-8.381,-13.896,0.440,-9.760,-8.180,-7.473,-3.924,-8.022,-5.808,-6.369,-6.885,-8.841,-11.753,0.000,-12.138,-10.486,-11.523,-9.471,-9.391,-3.706,-9.000,-6.056,-6.520,-5.078,-2.157,-4.628,-3.673,-3.462,-4.356,-3.837,-2.533,-4.435,-2.507,-6.233,-5.817,0.000,-2.915,-8.635,-11.810,-6.990,-3.661,-9.251,-5.451,-10.584,-6.933,0.000,-7.235,-8.670,-9.576,-9.926,-9.574,-6.642,-8.178,-8.010,-8.917,-5.680,-10.660,-10.975,-8.348,-11.204,-9.788,-10.046,-8.681,-6.634,-7.682,-4.559,-0.232,-5.320,-6.293,-1.271,-4.956,-2.241,-3.604,-4.134,-4.112,-4.276,-4.275,-3.406,-4.408,0.000,-5.264,-4.439,-4.481,-4.247,-4.446,-4.339,-2.620,-3.317,-4.267,-3.236,-3.103,-4.777,-3.205,-3.736,-3.528,-4.131,-4.386,-4.829,-4.033,-4.513,-4.809,-4.747,-3.948,-2.035,-5.620,-3.591,-4.641,-2.006,-2.792,-3.968,-4.274,-4.089,-4.382,-4.593,-4.758,-4.445,-5.047,-4.112,-4.209,-4.455,-3.300,-4.762,-3.162,-5.276,-4.333,-4.135,-4.531,0.000,-4.168,-3.452,-3.369,-3.462,-0.810,-4.734,0.000,-4.794,-3.725,-3.903,-4.386,0.000,-4.906,-3.967,-4.876,-4.373,-4.257,-4.496,-3.687,-4.431,-4.045,-4.642,-3.861,-4.554,-4.808,-3.386,-3.729,-2.304,-4.737,-3.503,-1.926,-2.400,-4.399,-1.757,-4.057,-3.548,-3.972,-4.090,-3.295,-3.290,-4.155,-3.292,0.000,-3.949,-3.935,-4.241,-2.203,-2.369,-3.691,-3.201,-1.934,-2.801,-3.337,-3.464,-2.919,-3.743,-3.254,-3.012,0.000,-4.119,-3.705,-1.929,-4.445,-3.909,-4.571,-2.874,-2.485,-3.773,-3.972,-4.333,-3.306,-2.781,-3.486,-4.269,-3.702,-2.273,-4.373,-4.419,-3.121,-3.697,0.000,-3.885,-3.623,-4.116,-2.112,-4.262,-3.981,-4.033,-4.239,-3.670,-3.245,-4.501,-2.903,-3.220,-4.417,-3.356,-3.961,-2.122,-4.584,-4.282,-4.585,-2.904,-2.791,-3.008,-4.618,-3.155,-3.836,-4.023,-3.415,-4.414,-4.013,-4.626,-3.491,-4.452,-3.440,-3.977,-4.508,-3.419,-4.648,-3.292,-4.048,-4.371,-2.762,-2.228,-4.283,-3.685,-4.579,-3.028
L,-7.670,-2.566,-2.361,-2.237,-2.500,-3.410,-3.682,-4.107,-3.178,-2.436,-2.567,-6.580,-5.165,-10.387,-8.687,-4.104,-6.923,-8.276,-4.161,-1.387,-9.155,-10.527,-9.756,-8.864,-7.321,-4.941,-6.008,-8.310,-6.199,0.000,-3.768,-5.789,-4.062,-3.174,-3.852,-3.254,-4.272,-3.330,-2.214,-1.853,-4.039,0.095,-2.067,-6.591,-4.941,-2.810,-9.907,-5.617,0.000,-11.256,-8.668,-0.426,-7.246,-10.771,-8.150,-10.408,0.000,-6.090,-5.101,0.000,-6.867,-7.017,-4.905,-9.742,-6.988,-10.898,-6.219,-3.784,-7.329,-4.983,-9.078,-5.221,-4.383,-8.887,-7.273,-6.912,-12.162,-7.485,-1.049,-4.425,-7.046,0.000,-7.244,-5.709,-11.033,-11.262,-9.749,-10.120,-8.085,-8.690,-11.875,-5.601,-12.928,0.000,-5.514,-10.355,-7.426,-5.104,-6.302,-10.918,-12.837,-4.078,-8.128,-4.969,-10.134,-7.036,-7.688,-11.420,-4.284,-6.169,-9.612,-7.022,-4.057,0.000,0.000,-11.692,-4.913,-9.260,-9.334,-1.070,-11.740,0.000,-8.104,-9.574,-5.187,-9.704,-2.482,-10.076,-7.308,-4.928,-5.879,-5.007,-9.467,-7.290,-12.107,-9.455,-5.129,-1.243,-7.715,-7.606,-7.720,-6.961,-4.912,-3.034,-8.813,-7.052,-3.648,-10.853,-8.170,-5.822,-8.214,-8.115,0.000,-8.242,-7.798,-10.331,-7.819,-4.877,-7.289,-7.274,-10.077,-7.870,-8.329,-10.260,-4.547,-6.931,-9.436,-5.779,-7.564,0.000,0.000,-9.279,-4.126,0.000,0.000,-10.942,-9.293,-4.916,-11.616,-3.653,-10.418,-3.905,-11.807,-8.449,-10.663,-12.008,-8.064,-6.543,-13.006,0.000,-10.312,-10.791,-6.156,-11.982,-14.057,0.000,-6.163,0.000,0.000,-8.357,0.000,-7.413,-10.219,-12.732,-14.086,-10.544,-7.109,-9.157,-12.745,0.000,-8.833,-11.953,0.000,0.000,-9.093,-10.320,-10.125,-9.863,-10.227,-10.479,0.000,-9.321,-12.250,-7.078,-9.366,-10.789,-7.985,-10.752,-10.396,-5.148,-8.543,-5.532,-8.358,-9.786,0.000,-9.024,-9.936,-5.721,-5.912,-9.643,-5.695,-5.192,-1.221,-2.699,-5.389,1.181,-0.528,-5.334,-8.679,0.431,-2.621,-3.891,-7.377,1.756,-7.224,-5.878,-6.249,-5.796,0.000,-3.988,-3.726,-2.147,-3.021,-5.113,-2.365,0.000,-3.236,-3.047,0.000,-0.578,-3.982,-3.332,0.000,-8.135,-11.944,-8.795,-7.907,-9.382,0.000,-12.110,0.000,-11.433,0.000,-8.706,0.000,-9.711,-11.334,-8.432,-7.744,0.000,2.867,-11.978,-13.879,-10.915,-9.971,-4.429,0.000,-6.976,-6.900,-6.146,-9.616,-4.534,-8.051,-9.082,-4.691,-10.538,-7.195,-6.776,-5.382,-11.542,-7.303,0.000,-1.596,-9.851,-7.447,-4.752,-3.604,-2.135,-4.294,-2.955,-2.363,-3.005,-2.450,-2.635,-2.028,-2.640,-4.536,-4.182,-2.432,-0.531,-9.519,-7.316,-8.954,2.422,-9.723,-7.915,-14.495,-9.446,-8.644,0.000,-6.080,-8.324,0.000,-7.682,-11.042,-8.946,-6.547,-9.400,-10.598,0.000,-11.405,-7.742,-10.327,-8.903,-10.342,-10.868,0.000,-2.310,-5.707,-3.547,-6.822,-5.391,-3.570,-4.787,-2.110,-3.939,-3.631,-3.334,-3.707,-3.436,-2.998,-4.078,-2.661,-4.071,-4.012,-3.619,-3.125,-3.984,-3.359,-1.960,-3.143,0.000,-2.455,-1.731,-4.534,-2.325,-2.866,-3.323,-3.763,-3.664,-4.095,-3.348,-3.770,-4.089,-3.851,-3.088,-1.731,-4.074,-3.274,-4.117,-1.325,-1.594,-3.588,-3.201,-3.409,-3.728,-3.861,-3.729,-3.715,-4.006,-3.508,-3.705,-3.512,-2.536,-3.850,-2.739,-4.046,-3.590,-3.341,-3.731,-2.387,-3.235,-3.270,-3.069,-2.504,-0.541,-3.964,-2.728,-3.826,-3.095,-3.180,-4.006,-2.469,-3.837,-3.723,-3.978,-3.893,0.000,-3.464,-2.637,-3.830,-3.237,-3.518,-3.154,-4.166,-3.540,-2.093,-3.318,-1.433,0.000,-2.595,-1.854,-2.017,-3.233,-1.024,-3.623,-2.652,0.000,-3.418,-2.625,-2.654,0.000,-2.496,-1.749,-2.858,-3.624,-3.380,-1.841,-1.907,-2.363,-2.588,-0.717,-1.984,-2.276,-2.129,-2.776,-3.227,-2.422,-1.937,-2.408,-3.062,-3.227,-1.342,-3.357,-2.912,-4.084,-1.821,-1.442,0.000,-3.027,-3.410,-2.647,-1.609,-3.130,-3.405,-2.725,-1.973,-3.631,-3.677,-2.153,-3.178,-2.371,-2.709,-3.217,-3.371,-1.226,-2.779,-3.256,-3.398,-3.804,-2.527,-2.397,-3.323,-1.898,-2.346,-4.151,-2.581,-3.535,-1.744,-2.967,-3.534,-3.476,-2.163,-1.554,-2.837,-3.866,-2.188,-3.055,-3.560,-2.900,-3.088,-3.228,-3.502,-2.571,0.000,-1.976,-2.724,0.000,-2.638,0.000,-2.194,-3.319,-3.244,-2.137,-1.727,-3.354,-3.275,-3.836,-1.827
I,-9.460,-3.805,-3.791,-4.404,-3.994,-4.678,-4.866,-5.350,-5.137,-3.926,-3.071,-7.068,-8.009,-10.531,-9.314,-6.470,-7.620,0.000,0.000,-3.202,-7.231,-11.553,-8.548,-8.945,-8.318,-6.142,-5.161,-7.101,-5.982,-5.118,-5.467,-7.056,-5.039,-4.885,-4.875,-4.422,-5.288,-3.339,-2.438,-2.954,-4.273,0.080,-2.629,-6.501,-2.515,-4.131,-10.628,-7.056,-9.912,-10.481,0.000,-3.400,-8.705,-9.519,-7.292,-11.071,-9.024,-8.847,-8.318,-5.122,-8.021,-7.808,-8.057,-9.205,-8.242,-10.021,-8.469,0.000,-9.112,-3.981,-9.765,0.000,-3.487,-9.168,-2.951,-5.084,-10.139,-8.854,-3.376,-4.319,-6.910,-7.185,-6.823,-6.397,-13.896,-10.514,-7.969,-9.570,-8.019,-6.581,-10.849,-5.761,-11.259,-5.527,0.000,-10.718,-8.705,-3.439,-10.340,-11.833,-11.770,4.612,-13.746,-6.466,-9.703,0.000,-7.315,-10.585,-5.482,-4.022,-13.101,-7.822,-6.215,-8.369,-8.879,-10.100,-1.223,-10.376,-8.693,-3.781,-10.097,-5.554,-9.043,-9.896,-7.009,-9.929,-6.909,-9.714,-7.407,0.000,-6.712,-8.077,-10.151,-8.750,-11.492,-9.549,-6.880,-3.210,-8.983,-9.226,-7.631,0.000,-4.299,-1.312,0.000,-6.631,-7.518,-9.543,-3.899,-5.893,-7.616,-6.249,-9.573,-10.889,-7.736,-11.944,0.000,-3.785,-9.186,-7.853,-9.116,-8.706,-9.433,-9.726,-3.488,-9.770,-13.728,-11.052,-8.604,-10.001,-8.055,-11.361,0.000,-10.575,-7.945,-8.556,-11.335,-3.363,-10.843,-6.137,-9.799,-8.895,-11.738,-7.221,-10.162,-12.139,-9.295,-8.646,-12.203,-10.198,-12.230,-13.629,0.000,-9.111,-12.162,-5.571,-11.103,-9.765,-9.052,-10.478,-9.142,-13.045,-11.595,-13.258,-13.813,-7.015,-9.799,-11.799,-9.397,-9.343,-9.080,-13.633,-5.376,-7.456,-7.100,-8.480,-12.354,-10.257,-13.748,-10.518,-9.047,-13.590,-10.863,-11.286,-12.450,-7.936,-11.461,-8.193,-9.949,-8.851,-7.550,-5.152,-11.084,-10.486,-7.546,-12.618,-9.665,-9.676,-8.551,-10.690,-9.706,-2.578,-4.125,-4.100,-3.357,-0.508,-3.295,-7.913,-10.025,-0.896,-4.925,-6.013,-9.309,-2.779,-7.807,-7.365,-7.289,-6.700,-7.737,-5.622,-3.613,-4.400,-3.277,-5.595,-2.520,-5.499,-1.851,-4.816,-7.614,0.000,-6.103,0.000,-8.663,0.000,-10.955,-6.983,0.000,-8.346,-9.572,-11.228,-12.091,-8.594,-8.342,-9.892,-9.430,-13.375,-9.390,-6.126,-10.555,-5.861,-5.397,-11.980,-12.460,-11.343,-15.215,-2.175,-8.878,-8.241,-8.353,0.000,-8.096,-6.280,0.000,-7.683,-8.324,-10.378,-4.983,-11.086,-9.662,-10.653,-8.667,-8.055,-3.300,-9.044,-4.341,-6.745,-5.985,-4.319,-5.657,-4.741,-3.072,-5.433,-4.754,-3.712,-5.154,-4.164,-6.677,-6.028,-4.645,-3.132,-6.680,-11.453,-9.367,-3.868,-9.888,-7.445,-13.079,-8.573,-4.986,-5.566,-8.086,-9.840,-9.164,-9.203,-9.636,-8.770,-6.221,-10.046,-7.740,-10.117,-8.010,-7.003,-10.744,-12.214,-11.435,-10.925,-8.568,-9.152,-7.573,-4.532,-7.882,-8.212,-3.860,-6.607,-4.809,-5.359,-5.370,-5.904,-5.608,-5.783,-4.407,-6.078,-4.565,-6.595,-5.730,-5.562,-5.495,-6.082,-5.311,-3.927,-4.692,-5.353,-4.590,-4.450,-6.700,-4.178,-4.495,-5.462,-5.665,-5.788,-6.565,-5.346,-5.506,-6.295,-6.000,-5.073,-3.443,-6.594,-4.779,-5.914,0.000,-3.543,-5.663,-5.484,-5.391,-5.711,-5.691,-6.216,-5.500,-6.195,-5.269,-5.356,-5.882,-4.566,-6.078,-4.491,-6.595,-5.792,-5.394,-5.761,-4.508,-5.810,-5.288,-4.853,-4.524,-2.340,-5.894,-4.939,-6.114,-4.828,-5.681,-6.161,-4.236,-6.204,-5.125,-6.472,-5.654,-6.108,-5.769,-5.332,-6.472,-5.120,-5.611,-5.669,-6.161,-5.581,-4.358,-4.946,-3.543,-5.899,-4.319,-3.284,-3.498,-5.242,-3.148,-5.232,-3.917,-4.815,-5.230,-4.676,-4.129,-5.216,-4.470,-4.215,-4.837,-4.735,-4.620,-2.874,-3.336,-3.893,-3.862,-2.966,-3.282,-3.857,-3.695,-3.794,-4.909,-3.999,-3.626,-3.966,-4.884,-4.869,0.000,-5.176,-5.083,-6.009,-3.992,-3.039,-5.710,-5.096,-5.369,-4.499,-3.786,-5.021,-6.243,-5.090,-3.703,-5.528,-6.276,-4.175,-5.151,-4.497,-4.776,-5.377,-5.156,-3.687,-5.463,-5.020,-5.087,-5.374,-5.390,-4.157,-5.841,-3.785,-4.399,-6.021,-4.137,-5.065,-3.473,-5.502,-5.174,-6.219,-4.679,-3.489,-4.461,-5.981,-4.750,-4.832,-5.608,-4.646,-5.907,-5.031,-5.402,-4.605,-5.405,-4.746,-4.741,-5.546,-4.625,-6.092,-4.081,-5.017,-5.123,-3.764,-3.568,-4.711,-5.341,-5.455,-3.878
M,0.000,-3.399,-4.081,-3.989,-4.653,-4.662,-4.622,-5.742,-5.700,-4.652,-3.822,-7.682,-7.253,-10.689,-9.448,-6.350,-7.933,-7.707,-6.336,0.000,-5.998,-13.650,-9.452,-7.474,-8.984,-6.643,-6.425,-7.407,-7.858,-6.281,-5.381,-6.406,-4.567,-4.348,-5.105,-4.681,-6.016,-4.695,-3.595,-4.410,-5.389,-0.896,-4.895,-7.585,-4.248,-4.938,-12.219,-7.608,-8.721,-11.034,-8.193,-4.051,-8.949,-9.286,-6.632,-10.553,-8.717,-9.393,-9.900,-6.051,-7.221,-9.105,-7.529,-9.492,-8.784,-9.303,-8.473,-2.792,-9.640,-4.971,-9.153,-4.268,-3.255,-9.476,-3.785,-6.105,-9.386,-9.254,-2.896,-4.237,0.000,-5.932,-7.152,-5.999,-12.929,-11.549,-7.643,-11.027,-8.059,-8.662,-11.257,-5.234,-10.017,-3.893,-5.668,-11.628,-8.809,-3.967,-11.436,-10.562,-11.951,0.000,-14.579,0.000,-10.976,-6.877,-8.668,-8.659,-4.931,0.000,-13.324,-7.952,-7.529,-8.370,-8.794,-11.478,-3.628,-9.459,-8.709,0.000,-6.913,-4.948,-8.408,-9.360,-6.464,-10.149,-5.181,-12.195,-7.398,-4.693,0.000,-6.513,-9.270,-7.715,-11.214,-9.029,-6.477,-3.770,-11.025,-9.217,-8.292,-7.074,-6.618,-3.618,-8.150,-8.492,-6.129,-9.617,-6.635,-5.982,-7.340,-6.416,-9.981,-11.047,-7.838,-14.608,-6.621,-2.430,-11.784,-4.382,-9.808,-9.417,-10.776,-10.326,-4.452,-7.977,-12.800,-8.946,-8.473,-8.817,-7.857,-12.612,-6.494,-10.067,-6.356,-9.136,-12.034,-3.851,-9.542,-8.026,-11.204,-6.810,-10.394,-7.131,-11.915,-15.577,-10.983,-6.539,-13.631,-7.803,-13.019,-14.532,-8.178,-8.874,-12.631,-7.074,-11.629,-10.327,-8.045,-12.515,-8.459,-11.498,-9.442,-12.427,-15.090,-9.785,-12.216,-12.433,-10.355,-7.557,-8.229,-11.827,-8.031,-7.169,-9.174,-10.996,-12.301,-9.836,-15.495,-12.178,-4.989,-12.825,-11.299,-12.470,-14.881,-11.973,-11.524,-7.954,-8.764,-7.553,-4.622,-3.095,-9.138,-10.391,-9.330,-11.174,-10.291,-9.729,-8.362,-9.248,-8.811,-6.282,-4.292,-3.896,-5.482,-1.895,-4.474,-7.294,-8.949,-3.698,0.000,-5.409,-10.508,-0.619,-7.226,-6.769,-6.789,-6.616,-8.595,-4.886,-5.233,-5.504,-5.138,-6.990,-3.989,-6.000,-3.400,-3.654,-8.083,-3.027,-6.371,-3.907,-9.928,-6.680,-10.870,-8.230,-7.736,-9.804,-9.686,-12.904,-9.235,-9.236,-8.888,-9.617,-8.688,-10.802,-11.453,-6.532,-12.681,-8.110,-3.579,-12.062,-13.074,-10.842,-13.248,-4.535,-8.863,0.000,-8.583,-2.416,-8.613,-8.646,-6.484,-9.568,-9.524,-8.958,-5.813,-10.815,-8.819,-10.430,-10.305,-9.379,0.571,-8.310,-5.082,-5.052,-5.400,-2.945,-5.646,-4.739,-3.927,-5.504,-5.213,-4.746,-5.060,-4.618,-6.265,-6.603,-4.193,-3.844,-7.808,-11.075,-9.693,-2.196,-9.084,-8.043,-13.219,-6.326,-7.297,-7.849,-6.920,-10.042,-8.210,-7.335,-10.487,-7.908,0.000,-8.134,-6.483,-9.752,-8.000,-5.080,-8.629,-10.746,-10.918,-11.693,-8.159,-9.018,-7.812,-4.239,-7.529,-7.053,-4.342,-7.017,-3.579,-5.916,-6.126,-5.305,-6.162,-6.012,-5.510,-5.648,-5.359,-6.075,-6.185,-6.257,-5.345,-5.446,-5.343,-4.294,-4.890,-6.195,-4.715,-4.335,-5.906,-4.632,-5.416,-4.798,-6.098,-6.527,-6.376,-6.105,-6.335,-6.302,-6.603,-5.827,-4.059,-7.259,-5.814,-6.231,-4.073,-4.611,-5.203,-6.125,-6.069,-6.453,-6.544,-6.123,-6.070,-6.865,-6.230,-6.150,-6.410,-5.449,-6.775,-5.280,-6.638,-5.901,-5.366,-5.759,-5.296,-5.256,-4.490,-5.111,-5.104,-2.871,-6.055,-4.843,-6.601,-5.245,-5.410,-5.890,-4.827,-6.662,-5.958,-6.121,-6.326,-5.379,-6.224,-4.963,-5.740,-5.593,-5.984,-5.264,-6.182,-5.999,-4.798,-5.323,-3.669,-5.949,-4.814,-3.333,-4.117,-5.449,0.000,-5.257,-4.699,-5.272,-5.545,-4.262,-4.717,-4.765,-4.388,-3.904,-4.780,-5.145,-5.262,-3.735,-3.755,-4.890,-4.664,-2.703,-4.092,-4.679,-4.458,-4.278,-5.241,-4.511,-3.865,-4.592,-4.718,-5.099,-3.629,-6.009,-4.634,-5.538,-4.042,-3.840,-5.037,-5.486,-5.690,-4.967,-4.393,-4.632,-5.190,-5.390,-4.123,-5.397,-5.508,-4.822,-4.928,-4.767,-5.524,-4.872,-5.931,-3.290,-5.294,-5.700,-5.738,-6.227,-4.870,-5.178,-5.339,-4.649,-4.121,-6.291,-5.000,-5.865,-4.129,-5.466,-5.890,-5.603,-3.618,-4.095,-4.795,-6.487,-4.312,-5.585,-5.969,-5.364,-5.532,-5.770,-6.189,-5.070,-6.430,-4.326,-5.665,-6.000,-5.310,-5.380,-4.899,-5.408,-5.881,-4.547,-3.809,-6.050,-5.149,-5.954,-4.418
P,-7.998,-2.225,-2.129,-2.346,-2.850,-3.105,-3.464,-4.490,-3.051,-1.497,-3.800,-5.924,-5.313,-10.591,-8.681,-5.978,-8.116,-11.430,-8.963,-4.072,-11.530,-11.223,-11.480,-9.706,-8.584,-4.771,-6.743,-8.447,-6.464,-3.523,0.000,-6.598,-5.117,-3.601,-4.396,0.000,-4.610,0.000,-2.154,-2.376,-3.873,-1.224,-3.729,-6.264,-7.468,-7.841,-10.924,-5.464,-9.261,-11.735,-11.272,-5.646,-7.025,-9.959,-8.625,-10.038,-6.533,0.000,0.000,-4.160,-5.048,-4.869,-6.685,-10.273,-7.489,-11.415,-9.484,-5.738,-6.457,-8.792,-11.069,-8.882,-6.880,-8.507,-8.192,-7.588,-12.195,-8.414,-7.519,-7.163,-11.711,-9.592,-5.612,-6.362,-12.142,-8.777,-10.246,-10.162,-9.422,-8.122,-9.378,-2.483,-13.469,-8.994,-8.989,-10.433,-7.975,-7.957,-8.828,-11.893,-12.407,-7.284,0.000,-6.787,-8.853,-11.265,-6.813,-10.596,0.000,-4.821,-9.277,-5.899,-8.310,-10.109,-9.414,-12.125,-7.448,-8.991,-11.212,-7.381,-13.776,-5.305,-8.752,-9.860,0.000,-11.510,-7.663,-10.624,-9.433,-7.751,-10.154,-11.930,-14.073,-9.654,-12.108,-11.903,-9.303,-5.496,-8.266,-6.227,-8.255,-8.114,-5.083,-5.333,-10.295,-8.190,-6.821,-10.810,-10.741,-6.469,-6.612,-7.484,-8.307,-6.798,-9.229,-9.704,-10.446,-9.052,-10.409,-9.373,-9.782,-6.929,-10.121,-11.003,-5.348,-9.001,-10.136,-8.995,-7.080,-9.397,-8.939,-10.534,-7.985,-8.282,-9.384,-10.688,-10.548,-3.272,-13.636,-8.584,-11.684,0.000,-12.424,-11.925,-9.386,-12.970,-8.064,-5.765,-12.049,-7.665,-9.409,-9.857,-8.329,-10.588,-10.528,-9.618,-9.947,-8.626,-9.087,-8.870,-9.466,0.000,-9.549,-12.278,-14.022,-8.934,-9.987,-11.103,-10.687,-8.817,-7.913,-11.249,-9.824,-7.592,-8.362,-10.999,-6.986,-10.213,-9.881,-10.568,-8.055,-9.004,-12.961,-9.838,-10.122,-11.261,0.000,-10.920,-11.565,-2.935,-8.733,-7.118,-7.919,-10.846,-6.906,-9.619,-10.560,-5.618,-6.937,-9.719,-7.858,-6.634,-4.778,-3.237,-7.743,-1.602,-3.028,0.000,-9.393,-3.146,-1.793,-4.177,-7.282,-2.743,-6.985,-5.369,-6.347,-6.543,-6.000,-4.109,-3.018,-3.076,-4.134,-5.841,0.000,-4.821,-3.348,-3.184,-6.061,-3.284,-4.504,-4.740,-7.901,-10.423,-10.410,-10.323,-11.334,-8.343,-8.302,-10.232,-8.118,-10.212,-8.135,-8.479,-8.668,-13.142,-10.020,-9.854,-10.976,-8.410,-2.087,-12.239,-13.064,-11.016,-10.161,-7.539,-8.758,-8.304,0.000,-6.689,-7.337,-3.833,-9.858,-8.480,-7.941,-9.464,-9.244,-5.930,-5.805,-10.420,-6.228,-6.834,-4.653,-8.899,-7.501,-3.920,-3.875,-1.355,-3.850,0.000,-1.794,-2.353,-2.491,-2.559,-2.944,-2.132,-5.163,-4.808,-2.452,-0.831,-9.427,-9.587,-6.875,-2.260,-6.482,-6.043,-14.066,-10.766,-10.274,-7.813,-5.783,-8.494,-8.026,-7.818,-11.569,-8.471,-8.909,-8.418,-10.883,-8.420,-10.489,-8.896,-11.066,-8.574,-11.115,-10.419,-6.884,1.248,0.000,0.000,-5.907,-4.065,0.000,-3.973,-1.769,-2.684,-2.874,-2.740,-3.170,-2.729,-2.640,0.000,-2.217,0.000,-3.579,-2.940,-2.372,-3.188,-2.834,-1.424,-2.692,-2.831,-1.667,-0.901,-3.683,-1.654,-2.393,-2.439,-3.265,0.000,0.000,-2.743,0.000,0.000,-3.199,-2.282,-0.940,0.000,-3.052,0.000,-0.442,-0.547,-2.583,-2.508,-3.235,0.000,0.000,-2.716,-3.229,0.000,-2.939,-2.882,-2.588,-2.178,0.000,-2.363,0.000,-2.993,-2.675,-3.275,-1.808,-2.586,-2.851,-2.488,-2.457,-0.277,0.000,-2.276,-3.276,-2.806,-2.672,-3.278,-2.087,0.000,-3.725,0.000,-3.748,-2.745,-3.153,-1.909,-3.100,-3.027,0.000,-2.748,-3.604,-2.815,-1.625,-2.898,-0.979,-2.834,-2.189,-1.597,-1.705,-3.057,-0.977,0.000,-2.753,-3.362,0.000,-2.657,-2.569,-3.440,-2.340,-1.971,-2.666,-3.784,0.000,-1.757,-1.585,-2.475,-2.471,-0.557,-1.759,-1.849,-2.422,-2.370,-3.029,-1.999,-1.850,-2.131,-2.582,-3.225,-1.068,-3.245,-2.734,-3.675,-1.793,-1.989,-2.903,-2.951,0.000,-2.241,-1.167,-2.397,-2.828,-2.567,-1.801,0.000,-3.473,-1.548,-2.542,-1.407,-1.989,-2.613,-3.007,-0.425,-2.257,-3.385,0.000,-3.400,-2.145,-1.859,-2.969,-1.450,-2.008,-3.826,-2.759,0.000,-1.305,-2.192,-3.136,-3.222,-1.682,-1.236,-2.637,0.000,-1.723,-2.946,0.000,-2.521,-2.560,-3.104,0.000,-2.517,-2.910,-1.554,-2.430,-3.444,-2.522,-3.037,-1.882,-2.860,-3.134,-1.918,-1.399,0.000,0.000,-3.705,-1.853
Y,-10.644,-5.022,-4.913,-5.054,-4.771,-5.689,-6.045,-6.199,-5.973,-4.788,-4.948,-8.759,-9.035,-10.276,-9.629,-5.556,-6.960,-11.564,-10.831,-3.541,-10.840,0.000,-9.258,-10.764,-9.626,-4.381,-8.015,-10.960,-7.757,-7.041,-6.575,-9.226,-6.658,-6.268,-6.362,-5.457,-5.967,-3.068,-4.843,-2.979,-4.897,0.000,0.169,-6.377,-4.817,-8.331,-9.545,-5.612,-7.249,-12.472,-12.764,-7.342,-6.274,-10.899,-10.081,-10.746,-10.105,-11.517,-3.949,-3.657,-9.965,-11.651,-10.214,-11.365,-11.230,-13.527,-8.874,-7.024,-6.722,-9.894,-10.967,-10.085,-6.069,-9.730,-9.558,-7.709,-14.259,-9.488,-10.386,-6.268,-13.345,-11.772,-8.054,-4.354,-12.244,-9.732,-11.448,0.000,-9.081,-6.358,-10.143,-6.120,-13.874,-9.645,-7.061,-8.882,-8.983,-10.263,0.000,-13.364,-13.026,-7.295,-14.112,-11.717,-8.121,-11.619,-9.748,-12.490,-7.597,-8.259,-11.007,-8.132,-11.824,-11.145,-11.212,-8.668,-8.214,-9.901,-10.896,-9.652,-12.858,-6.692,-11.023,-7.140,-7.937,-9.151,-9.149,0.000,-7.746,-6.919,-13.346,-13.116,-10.521,-8.510,-13.022,-12.524,-8.308,-5.577,-9.606,-9.589,-6.311,-11.176,-3.104,-5.971,-13.586,-7.857,-9.593,-8.535,-13.618,-6.648,-7.807,-11.071,-9.554,-9.475,-8.747,-7.881,-11.023,-7.751,-7.345,-9.366,-8.795,-9.093,0.000,-10.950,-8.971,-11.826,-12.407,-12.706,-7.369,-14.731,-5.898,-4.508,-11.937,-13.079,-7.153,-14.265,0.000,-4.341,-12.426,0.000,-8.653,-9.960,-11.929,-13.252,-10.514,0.000,-4.158,-7.145,-10.767,-13.245,-10.680,-8.559,-14.440,-15.560,-15.827,-13.544,-11.055,-15.370,-12.777,0.000,-14.662,-12.504,-13.321,-12.061,-10.525,-11.536,-9.209,-10.501,-13.874,-14.168,-11.648,-14.274,-12.060,-14.258,-12.192,-8.869,-12.012,-12.176,-7.590,-11.350,-14.716,-9.936,-13.421,-8.294,-7.590,-12.162,-13.133,-10.728,-13.263,-8.173,-13.604,-11.496,-12.505,-12.771,-8.018,-12.592,-10.317,-7.977,-9.400,-10.982,-9.812,-10.453,-8.158,-5.068,-9.998,-4.491,-4.456,-10.279,-12.520,-8.229,-5.315,-5.974,-7.066,-7.697,-7.604,-7.825,-7.099,-7.397,-9.594,-6.168,-6.201,-6.864,-5.122,-7.503,-5.532,-6.918,-5.791,-4.359,-8.705,-5.515,-6.964,-4.970,-9.334,-12.082,-9.056,-8.364,-14.272,-11.698,-11.954,-11.743,-13.427,-14.505,-10.317,-10.426,-13.946,-15.226,-6.482,-13.524,0.000,-11.563,-5.248,-11.117,-13.142,-11.877,-13.697,-9.348,-14.594,-11.258,-10.330,-10.313,-11.659,-3.555,-10.890,-10.032,-8.740,-11.818,-12.584,-7.570,-9.311,-12.350,-6.911,-11.658,-8.778,-12.318,-11.290,-8.474,-7.413,-5.010,-6.916,-6.639,-5.008,-6.181,-5.734,-5.679,-5.258,-5.139,-7.622,-7.069,-6.074,-3.006,-10.885,-11.672,-12.444,-7.298,-9.658,-6.097,-11.561,-12.997,-11.045,-12.647,-7.427,-7.808,-15.909,-12.389,-13.371,-12.098,-12.790,-12.653,-13.730,-13.322,-14.921,-10.641,-13.958,-9.901,-13.219,-9.841,-11.339,-8.354,-7.014,-8.755,-10.446,-9.041,-8.587,-7.189,-6.962,-7.566,-6.597,-6.639,-6.362,-6.459,-5.970,-6.881,-5.510,-7.485,-6.637,-6.482,-6.426,-7.118,-6.092,-4.596,-5.599,-6.026,-5.286,-5.099,-7.731,-4.957,-6.112,-6.418,-6.755,-6.707,-7.241,-6.187,-6.706,-6.983,-6.592,-6.233,-4.723,-7.286,-5.862,-6.253,-4.235,-4.585,-6.615,-6.249,-6.424,-6.424,-6.329,-7.010,-6.636,-7.193,-6.305,-6.532,-6.471,-5.208,-6.438,-5.201,-7.293,-6.587,-6.336,-6.476,-5.323,-6.490,-6.242,-5.727,-5.957,0.000,-6.853,-5.904,-6.471,-5.975,-6.216,-7.113,-5.390,-6.963,-6.310,-7.201,-6.315,-6.931,-6.481,-6.118,-7.293,-5.871,-6.470,-6.087,-7.017,-6.245,-4.573,-5.672,-4.190,-6.132,-4.879,-3.882,-4.332,-5.691,-3.180,-5.551,-4.777,-5.503,-5.282,-5.185,-4.500,-6.215,-5.050,-4.774,-5.177,-5.814,-5.433,-3.423,-3.907,-4.533,-3.933,0.000,-3.710,-4.288,-4.482,-4.052,-5.419,-4.490,-4.053,-4.379,-5.521,-4.870,-4.049,-5.814,-5.062,-6.132,-4.907,-4.573,-6.093,-5.491,-5.820,-5.019,-4.633,-5.820,-6.514,-5.590,-5.206,-6.526,-6.647,-4.741,-6.334,-5.362,-5.459,-6.066,-5.664,-4.731,-6.114,-6.105,-5.738,-6.015,-5.518,-4.514,-6.638,-4.452,-5.373,-6.585,-4.920,-5.354,-4.162,-6.178,-5.820,-6.663,-5.478,-4.698,-5.664,-7.179,-5.509,-5.886,-6.243,-5.320,-6.243,-5.756,-6.182,-4.731,-5.921,-4.935,-5.141,-5.958,-4.971,-6.607,-4.545,-5.899,-5.786,-4.226,-4.597,-5.364,-5.772,-5.339,-4.800
F,-10.208,-4.095,-4.006,-4.415,-3.737,-5.267,-5.671,-5.845,-4.980,-4.439,-5.477,-8.439,-7.994,-11.726,-11.413,-5.600,-7.811,-9.147,-7.079,-2.701,-11.596,-7.995,-11.438,-11.708,-9.406,-6.367,-8.835,-10.067,-6.820,-6.027,-6.419,-9.068,-6.786,-5.877,-5.886,-4.161,-5.303,-4.079,0.000,-3.022,-4.903,-1.690,-1.336,-6.680,-4.261,-6.379,-10.512,-6.141,-3.652,-12.469,-7.238,-5.499,-9.096,-12.096,-9.409,-13.110,-7.515,-9.492,-5.421,-5.772,-8.161,-9.590,-9.788,-13.298,-9.654,-13.347,-10.531,-7.641,-9.832,-10.201,-12.603,-6.990,-7.259,-12.150,-8.663,-8.197,-15.322,-9.987,-6.245,-7.593,-10.152,-7.842,-9.058,-7.454,-12.941,-12.009,-11.788,-7.076,-10.556,-8.182,-11.501,-7.856,-15.553,-5.921,-7.215,-11.506,-10.562,-7.565,-4.289,-13.889,-12.854,-4.488,-12.489,-10.178,-8.961,-9.032,-11.643,-13.387,-9.271,-7.934,-13.047,-7.079,-8.505,-8.903,-9.589,-11.275,-6.837,-11.349,-12.818,-7.230,-14.926,-7.325,-11.385,-8.034,-9.511,-10.606,-9.039,-6.772,-9.479,-6.598,-10.520,-11.730,-13.124,-10.829,-11.492,-13.235,-8.208,-1.117,-7.099,-10.550,-9.440,-8.319,-5.249,-5.451,-10.827,-8.612,-8.890,-11.953,-9.488,-8.132,-10.139,-9.566,-7.729,-11.752,-9.517,-11.816,-9.292,0.000,0.000,-10.170,-11.250,-10.836,-5.574,-11.528,-6.670,-11.371,-14.126,-12.199,-9.012,-9.507,-0.214,-7.222,-7.097,-9.070,-7.263,-11.911,-6.032,-4.712,-13.139,-4.020,-10.737,-10.220,-12.563,-10.197,-11.426,-9.587,-5.670,-9.472,-13.216,-9.048,-10.656,-11.723,-9.205,-12.846,-14.543,-8.295,0.000,-9.119,-9.758,-6.957,-9.223,-12.241,-14.180,-13.122,-14.045,-10.301,0.000,-11.459,-12.919,-7.682,-9.419,-15.950,-7.902,-8.527,-9.538,-9.953,-14.183,-13.337,-12.262,-10.221,-9.886,-13.555,-11.772,0.000,-9.047,-11.991,-11.880,-12.517,-13.210,-9.856,-12.731,-8.054,-13.230,-12.221,-1.736,-13.031,-11.626,-9.061,-8.315,-12.298,-10.675,-7.315,-6.389,-5.368,-7.817,-3.408,-1.594,-8.613,-12.399,-4.746,-5.704,-6.870,-9.059,-1.974,-9.392,-7.780,-9.042,-8.205,-7.549,-6.080,-5.320,-5.381,-4.599,-5.381,-4.224,-3.537,-4.462,-5.531,-6.852,-4.095,-7.679,-4.524,-5.145,-11.799,-11.110,-9.304,-10.354,-9.369,-6.581,-12.394,-9.659,-12.969,-7.308,-12.250,-9.049,-13.336,-9.926,-10.289,-3.908,-8.582,-1.591,-13.569,-13.782,-14.120,-16.233,-5.443,-9.202,-9.387,-8.769,-6.652,-9.827,-4.683,-9.382,-10.572,0.000,-13.909,-9.691,-10.582,-9.924,-14.083,-9.697,-8.191,-7.246,-13.109,-9.838,-8.151,-6.118,-4.550,-6.504,-5.478,-4.786,-5.632,-2.282,0.000,-5.571,-3.430,-7.337,0.000,-4.742,-3.413,-9.161,-7.740,-10.470,-3.962,-11.394,-9.456,-14.539,-12.276,-8.642,-8.024,-9.149,-10.947,-9.285,-11.885,-11.799,-8.801,-10.212,-12.431,-13.360,-9.127,-13.790,-9.811,-13.871,-13.582,-14.083,-12.619,-8.416,-8.681,-7.643,-6.767,-9.235,-8.619,-6.938,-6.270,-5.329,-5.890,-5.361,-5.844,-5.287,-5.484,-4.471,-6.073,-4.215,-6.302,-5.631,-5.547,-5.304,-6.448,-5.351,-3.711,-5.027,-5.053,-4.602,-3.979,-7.316,-4.110,-4.267,-5.609,-5.752,-5.327,-6.395,-4.898,-5.247,-6.084,-5.693,-4.682,0.000,-6.179,-4.381,-5.767,-2.862,-3.151,-5.813,-5.120,-4.979,-5.297,-5.504,-5.974,-5.292,-5.871,-5.035,-5.436,-5.577,-4.037,-5.517,-4.100,-6.242,-5.682,-5.318,-5.650,-3.985,-5.397,-5.511,-4.759,-4.400,-2.037,-5.778,-4.872,-5.773,-4.714,-5.344,-6.291,-3.983,-5.835,-5.018,-6.164,-5.360,-5.811,-5.458,-4.863,-6.518,-4.700,-5.187,-5.103,-6.130,-5.151,-3.624,-4.815,0.000,-5.512,-3.796,-3.357,-3.408,-4.737,-2.442,-5.048,-3.791,-4.646,-4.950,-4.749,-3.903,-5.576,-4.221,-3.578,-4.768,-5.020,-4.455,-2.811,0.000,-3.837,-3.429,-2.813,-3.072,0.000,-3.735,-3.526,-4.941,-3.533,-3.413,-3.875,-4.820,-4.663,-3.024,-4.724,-4.614,-6.208,-3.579,-2.934,-5.744,-4.744,-4.857,-4.254,-3.183,-5.063,-6.316,-4.488,-3.781,-5.657,-6.207,-3.585,-5.123,-4.331,-4.167,-5.418,-4.840,0.000,-5.144,-4.568,-4.716,-5.271,-4.972,-3.747,-5.903,-3.422,-4.538,-6.043,-3.761,-4.885,0.000,-5.232,-5.112,-5.801,-4.693,-3.085,-4.586,-6.008,-4.380,-4.386,-5.279,-4.361,-5.343,-4.557,-5.005,-4.087,-4.782,-4.316,-3.927,-4.784,-4.186,-5.645,-3.818,-4.868,-4.562,-3.340,0.000,-4.291,-4.623,-4.669,0.000
W,-10.148,-4.184,-4.090,-3.487,-4.444,-4.902,-4.893,-5.130,-4.938,0.000,0.000,-7.365,-7.042,-11.419,-6.133,-5.707,-7.999,-12.669,-9.899,-3.043,-10.181,-11.192,-11.104,-8.756,-7.976,-3.365,-6.320,-10.198,-8.245,-7.273,-5.251,-8.781,-7.622,-5.268,-6.279,-5.878,-5.720,-5.241,-4.592,-4.995,-6.201,-3.299,-5.000,-8.109,-6.904,-9.522,-12.340,-7.315,-11.410,-9.543,-14.079,-7.261,-7.952,-13.299,-10.280,-10.853,-9.747,-11.178,-8.779,-6.647,-8.286,-10.345,-5.281,-11.413,-7.204,-10.137,-7.136,-3.921,-6.211,-5.347,-11.742,-8.712,-4.001,-5.731,-8.349,-9.125,-12.658,0.000,-8.388,-6.712,-13.445,-10.458,-8.138,-6.861,0.000,-12.285,-10.997,-10.515,-6.556,-9.952,-11.756,-6.846,-12.705,-10.861,-9.549,-10.907,-6.383,-10.148,-9.763,-12.124,-10.266,-10.539,-15.211,-11.070,-10.764,-12.667,-5.528,-10.869,-5.930,-9.754,0.000,-10.195,-9.639,-12.412,-10.994,-12.230,-8.610,-10.074,-11.129,-7.688,-11.216,-6.070,-9.763,-10.768,-5.608,-7.728,-5.769,-12.110,-5.793,-6.039,-11.237,-9.123,-9.674,-7.354,-9.809,-9.261,-6.634,-6.242,-11.353,-9.496,-7.795,-10.984,-4.696,-7.148,-12.684,-9.457,-6.169,-10.939,-13.564,-7.118,-6.490,-12.686,-11.606,-5.781,-9.291,-13.168,-12.152,-10.058,-12.430,-2.247,-10.249,-6.310,-11.607,-8.851,-9.043,-7.758,-11.850,-6.583,-9.060,-12.868,-8.866,-9.435,-11.420,-11.715,-8.018,-13.716,-10.917,-4.461,-12.981,-8.181,-10.484,-6.382,-12.736,-12.627,-9.745,-14.087,-6.317,-6.843,-12.537,-12.819,-10.146,-11.223,-14.087,-15.252,-15.047,-13.533,-11.853,-14.736,-12.464,-10.553,-11.565,-11.770,-11.969,-13.348,-15.385,-14.301,-11.538,0.000,-14.355,-12.079,-12.461,-11.064,-15.891,-11.898,-11.424,-10.871,-10.273,-6.712,-12.779,-12.026,-12.454,-7.918,-10.750,-11.566,-10.398,-11.441,-13.766,-10.903,-8.256,-5.614,-9.405,-7.863,-7.858,-7.634,-11.110,-9.032,-10.429,-9.752,-9.128,-9.399,-7.746,-9.901,-5.437,-2.316,-8.247,-4.267,-4.193,-7.945,-8.859,-6.299,-2.612,-2.453,-9.036,-4.174,-6.823,-6.346,-6.332,-4.860,-8.105,-3.350,-5.569,-5.564,-3.973,-4.582,-4.920,-6.927,-4.931,0.010,-8.220,-4.466,-4.253,-4.530,-11.433,-12.153,-12.699,-9.106,-14.904,-13.004,-10.395,-10.080,-11.018,-14.741,-10.638,-6.291,-13.746,0.000,-12.741,-12.338,-12.042,-10.460,-4.563,-13.709,-10.838,-12.626,-9.730,-10.820,-11.964,-10.684,-9.198,-10.919,-13.237,-4.638,-12.729,-13.323,-10.037,-9.484,-12.255,-11.083,-4.228,-9.710,-6.238,-8.592,-5.072,-9.045,-9.580,-4.223,-5.320,-2.118,-5.026,-5.209,0.000,-4.938,-4.405,-4.338,-2.617,-3.990,-4.863,-6.398,-1.081,-0.899,-12.573,0.000,-9.373,-3.924,-10.820,-7.676,-15.524,-11.536,-12.417,-8.924,-2.673,-8.734,-12.071,-6.131,-14.080,-10.454,-10.340,-9.983,-11.272,-10.119,-12.104,-7.963,-11.414,-9.864,-5.616,-13.270,-10.015,-8.394,-7.979,-6.784,-9.036,-5.767,-6.118,-5.928,-4.494,-6.132,-5.483,-3.860,-4.993,-4.861,-4.817,-5.000,-4.076,-5.127,-5.149,-5.042,-4.220,-5.016,-4.549,-3.003,-4.295,-4.891,-3.365,-2.882,-5.218,-3.504,-4.987,-4.027,-5.484,-5.351,-5.072,-5.030,-5.727,-4.692,-5.230,-4.978,-3.373,-5.607,-4.716,-5.106,-2.738,0.000,-4.737,-4.613,-4.666,-5.027,-5.162,-4.798,-5.231,-5.424,-4.967,-5.428,-4.452,-3.863,-5.290,-4.134,-5.375,-4.570,-4.567,-4.597,-3.554,-4.345,-4.136,-4.358,-4.245,-1.838,-5.285,-3.529,-4.769,-4.666,-4.119,-5.395,-4.121,-5.243,-5.118,-4.967,-5.168,-3.826,-5.136,-3.978,-5.161,-4.834,-5.173,-3.715,-5.658,-5.221,0.000,-4.873,-2.764,-4.193,-3.946,0.000,-3.528,-4.454,-2.429,-4.912,-4.390,-4.994,-4.789,-3.395,-4.245,-4.692,-3.857,-3.809,-4.205,-5.362,-5.358,0.000,-3.328,-4.146,-4.300,-1.592,-3.528,-3.719,-4.054,-4.113,-4.661,-4.047,0.000,-3.737,-4.250,-4.117,-2.568,-5.023,-4.154,-4.848,-3.866,-4.113,-4.497,-4.432,-4.679,-3.747,0.000,-4.193,-4.217,-4.037,-3.917,-4.442,-4.132,-3.635,-4.732,-3.629,-4.599,-4.217,-5.007,-2.348,-3.731,-5.132,-5.097,-4.979,-3.463,-4.112,-4.088,-3.523,-4.154,-5.474,-4.059,-4.668,-2.761,-4.047,-5.047,-4.082,-2.769,-3.476,-4.592,-6.249,-3.091,-4.853,-4.796,-4.307,-4.314,-4.887,-5.832,-3.568,-5.744,-3.193,-4.595,-5.015,-4.081,-4.717,-3.813,-5.237,-5.060,-3.810,-3.565,-5.321,-4.275,-5.096,-3.663
