,M 1,D 2,G 3,K 4,K 5,C 6,S 7,V 8,W 9,M 10,F 11,L 12,P 13,L 14,V 15,F 16,T 17,L 18,F 19,T 20,S 21,A 22,G 23,L 24,W 25,I 26,V 27,Y 28,F 29,I 30,A 31,V 32,E 33,D 34,D 35,K 36,I 37,L 38,P 39,L 40,N 41,S 42,A 43,E 44,R 45,K 46,P 47,G 48,V 49,K 50,H 51,A 52,P 53,Y 54,I 55,S 56,I 57,A 58,G 59,D 60,D 61,P 62,P 63,A 64,S 65,C 66,V 67,F 68,S 69,Q 70,V 71,M 72,N 73,M 74,A 75,A 76,F 77,L 78,A 79,L 80,V 81,V 82,A 83,V 84,L 85,R 86,F 87,I 88,Q 89,L 90,K 91,P 92,K 93,V 94,L 95,N 96,P 97,W 98,L 99,N 100,I 101,S 102,G 103,L 104,V 105,A 106,L 107,C 108,L 109,A 110,S 111,F 112,G 113,M 114,T 115,L 116,L 117,G 118,N 119,F 120,Q 121,L 122,T 123,N 124,D 125,E 126,E 127,I 128,H 129,N 130,V 131,G 132,T 133,S 134,L 135,T 136,F 137,G 138,F 139,G 140,T 141,F 142,A 143,V 144,E 145,F 146,R 147,H 148,Y 149,R 150,Y 151,E 152,I 153,V 154,C 155,S 156,E 157,Y 158,Q 159,E 160,N 161,F 162,L 163,S 164,F 165,S 166,E 167,S 168,L 169,S 170,E 171,A 172,S 173,E 174,Y 175,Q 176,T 177,D 178,Q 179,V 180
K,-9.890,-2.917,-3.361,0.000,0.000,-4.055,-3.844,-4.376,-6.866,-4.429,-7.790,-11.053,-14.936,-10.823,-10.830,-11.125,-10.867,-12.712,-11.164,-12.889,-11.912,-13.106,-13.581,-12.124,-16.068,-11.298,-11.853,-13.593,-7.666,-9.997,-12.025,-9.358,-2.828,-2.956,-2.967,0.000,-7.660,-4.918,-6.136,-4.832,-3.353,-3.565,-3.297,-3.216,-3.338,0.000,-3.012,-4.086,-2.855,0.000,-2.660,-3.339,-9.458,-11.322,-12.234,-13.249,-4.008,-10.900,-11.286,-5.085,-2.832,-8.582,-9.076,-3.269,-10.394,-12.619,-9.693,-16.824,-12.230,-10.450,-12.169,-12.090,-12.358,-11.409,-14.409,-15.331,-13.749,-12.759,-12.155,-11.419,-9.346,-11.052,-11.323,-10.578,-10.185,-7.844,-8.724,-4.418,-6.928,-6.920,0.000,-4.011,0.000,-4.463,-3.697,-3.372,-2.452,-5.125,-10.816,-9.351,-3.708,-12.184,-9.113,-10.012,-10.946,-14.631,-11.333,-10.204,-12.133,-12.172,-11.826,-10.242,-14.496,-10.481,-11.899,-11.887,-10.860,-10.949,-10.637,-11.445,-8.517,-3.756,-2.893,-3.973,-3.353,-0.581,-2.601,-7.528,-9.052,-6.176,-9.754,-10.044,-9.332,-6.878,-9.186,-8.894,-10.649,-10.221,-9.955,-9.068,-6.123,-4.170,-5.252,-3.840,-2.734,-2.814,-3.546,-2.785,-3.036,-3.018,-2.562,-2.711,-2.513,-3.062,-2.634,-3.656,-3.029,-2.635,-3.104,-2.957,-3.066,-3.472,-4.147,-3.681,-3.644,-4.219,-3.222,-3.634,-4.316,-3.908,-3.375,-3.094,-3.837,-3.373,-2.619,-3.068,-3.186,-3.001,-2.689,-3.140
R,-10.237,-3.339,-3.013,-3.355,-3.428,-3.691,-3.225,-4.024,-6.210,-4.323,-7.784,-10.451,-13.556,-10.574,-10.631,-10.377,-10.136,-12.775,-10.842,-12.386,-11.636,-12.343,-11.816,-11.699,-13.917,-11.183,-11.790,-13.440,-8.053,-10.089,-11.934,-9.822,-2.937,-2.423,-3.431,-3.285,-7.646,-4.341,-5.745,-4.834,-3.317,-3.740,-3.588,-3.282,0.000,-3.155,-3.033,-4.315,-2.871,-4.162,-2.417,-3.090,-8.530,-9.436,-11.545,-11.168,-4.244,-10.063,-9.189,-5.185,-2.259,-8.029,-8.917,-3.702,-10.288,-10.281,-9.497,-14.598,-10.970,-10.760,-11.762,-10.726,-13.755,-9.061,-13.299,-14.188,-12.674,-12.007,-11.781,-11.335,-8.411,-10.587,-9.805,-9.843,-9.823,0.000,-7.390,-3.982,-6.747,-6.558,-2.876,-4.113,-3.487,-4.510,-2.370,-3.651,-1.881,-5.235,-10.034,-9.712,-4.192,-10.995,-7.317,-10.000,-10.240,-13.108,-10.123,-8.539,-11.387,-11.352,-10.407,-10.113,-11.778,-10.714,-11.705,-11.713,-10.506,-10.212,-10.566,-10.803,-8.159,-4.054,-3.391,-4.171,-3.643,-1.369,-2.919,-7.257,-7.390,-6.546,-9.503,-7.116,-9.655,-5.948,-9.045,-10.323,-10.166,-8.695,-9.092,-7.080,-4.646,-3.995,-4.138,-3.375,-2.403,-2.905,0.000,-2.960,-3.287,0.000,-2.379,-2.943,-3.019,-3.267,-3.088,-3.982,-3.342,-3.094,-3.418,-3.218,-3.246,-3.532,-4.156,-3.912,-3.592,-4.304,-3.407,-3.928,-4.276,-4.198,-3.582,-3.416,-4.121,-3.491,-2.850,-3.286,-3.516,-3.295,-3.059,-3.457
H,-12.019,-4.898,-4.628,-5.290,-5.098,-4.953,-4.621,-5.301,-6.115,-5.101,-7.677,-9.350,-11.308,-9.249,-10.067,-8.597,-7.951,-12.227,-9.525,-9.740,-9.865,-12.297,-13.490,-10.720,-14.591,-12.259,-11.883,-9.976,-8.324,-10.554,-12.520,-9.987,-2.803,-1.381,-2.955,-2.525,-7.173,-4.523,-4.367,-5.075,-3.319,-4.453,-4.417,-3.387,-3.961,-3.724,-3.175,-4.538,-3.599,-5.247,0.000,-2.431,-9.399,-7.852,-11.638,-11.905,-4.861,-11.311,-11.843,-4.401,-1.134,-8.737,-10.071,-4.516,-9.798,-11.889,-10.400,-13.472,-10.758,-8.710,-11.423,-10.248,-11.387,-10.687,-12.206,-14.190,-10.269,-10.345,-10.439,-8.391,-6.848,-9.510,-8.008,-7.568,-9.764,-7.783,-3.142,-3.075,-5.758,-6.547,-3.477,-4.843,-4.523,-4.345,-3.971,-4.579,-3.490,-6.699,-10.411,-8.077,-5.525,-12.233,-7.961,-9.942,-11.185,-12.050,-7.404,-8.604,-12.354,-8.241,-8.740,-10.660,-14.178,-10.406,-10.079,-11.423,-11.101,-10.941,-7.681,-10.477,-7.726,-4.326,-3.960,-3.943,-2.514,-2.911,-3.616,-7.917,0.000,-4.501,-10.885,-11.187,-11.340,-7.605,-11.060,-9.960,-10.196,-10.762,-8.845,-9.267,-6.243,-5.485,-4.608,-4.455,-2.823,-3.747,-3.785,0.000,-3.425,-3.339,-3.205,-3.170,-3.628,-3.629,-3.395,-4.612,-3.705,-3.535,-3.877,-4.094,-3.699,-3.752,-4.482,-4.435,-3.956,-4.747,-3.907,-4.464,-4.609,-4.871,-4.095,-3.918,-4.807,-3.865,-3.321,-3.825,-4.249,-3.689,-3.643,-3.944
E,-9.782,-2.398,-3.829,-4.719,-4.714,-4.596,-5.828,-7.203,-8.040,-6.949,-10.210,-11.558,-14.127,-11.181,-11.370,-9.891,-8.742,-11.599,-9.664,-10.223,-8.804,-11.187,-10.998,-10.119,-14.462,-11.005,-9.855,-13.142,-8.236,-11.372,-11.186,-9.468,0.000,-3.205,-3.611,-4.035,-7.796,-5.426,-6.083,-4.137,-2.707,-3.046,-3.035,0.000,-2.999,-3.175,-2.594,-3.974,-3.194,-4.184,-2.632,-4.159,-10.166,-11.240,-13.232,-13.354,-5.914,-9.935,-9.645,-3.904,-2.822,-9.276,-9.547,-0.578,-11.671,-12.662,-10.624,-16.028,-11.813,-6.772,-10.454,-10.335,-13.461,-10.989,-10.265,-12.786,-12.435,-10.294,-9.616,-8.214,-7.671,-10.638,-8.800,-9.816,-10.851,-10.437,-8.140,-6.520,-6.637,-7.427,-3.398,-3.583,-5.000,-5.479,-4.564,-5.466,-5.132,-7.619,-11.757,-9.534,-7.630,-11.768,-8.114,-11.152,-11.394,-11.856,-8.247,-9.211,-11.502,-6.154,-7.842,-10.426,-11.492,-8.838,-9.114,-12.062,-10.945,-8.861,-11.072,-11.727,-7.920,-3.206,-2.961,-4.472,-2.375,0.000,0.000,-7.532,-9.466,-5.754,-9.699,-7.734,-9.890,-5.691,-8.715,-8.595,-11.182,-8.947,-9.164,-7.724,-5.548,-4.511,-4.487,-4.003,0.000,-3.328,-3.585,-3.385,-3.357,-3.043,-2.813,0.000,-2.689,-3.468,-2.730,-3.602,0.000,-2.599,-3.266,0.000,-3.091,-3.371,-4.067,-3.465,-3.090,-3.837,0.000,-3.263,-3.815,-3.490,0.000,-2.885,-3.247,0.000,-2.070,-2.978,-2.925,-3.073,-2.751,-3.289
D,-10.395,0.000,-4.640,-5.360,-5.158,-5.163,-6.021,-7.563,-8.757,-7.311,-11.138,-13.485,-13.695,-11.997,-12.085,-10.420,-8.391,-12.979,-11.615,-10.008,-9.790,-12.465,-10.853,-12.131,-16.506,-11.513,-10.382,-12.989,-10.593,-12.723,-12.074,-10.785,-4.842,0.000,0.000,-4.394,-8.447,-5.350,-4.803,-4.632,-2.858,-3.696,-3.665,-3.279,-3.111,-3.220,-2.498,-3.192,-3.313,-4.837,-3.187,-4.316,-10.999,-10.467,-14.017,-11.588,-3.152,-11.063,-9.732,0.000,0.000,-9.369,-10.835,-4.985,-9.684,-11.480,-12.399,-15.442,-10.674,-11.417,-11.664,-10.677,-7.854,-12.046,-10.316,-12.386,-12.188,-11.210,-9.786,-7.095,-7.729,-10.444,-7.925,-10.320,-11.668,-11.719,-7.228,-7.467,-8.113,-8.538,-4.896,-3.604,-5.804,-5.745,-4.966,-5.126,-5.081,-8.114,-12.760,-7.500,-7.970,-12.170,-8.353,-11.332,-11.907,-11.603,-7.270,-9.276,-12.579,-4.831,-8.122,-11.455,-11.457,-9.380,-8.952,-13.372,-12.041,-9.723,-8.465,-12.594,-7.763,-4.088,-2.287,-3.506,0.000,-5.000,-3.786,-7.446,-8.198,-3.887,-10.070,-8.617,-9.075,-5.742,-10.878,-8.354,-10.776,-8.012,-8.745,-7.716,-4.998,-4.927,-5.133,-4.379,-3.041,-3.649,-3.606,-2.888,-3.370,-3.209,-3.068,-3.435,-3.223,-3.652,-3.156,-4.199,-3.595,-2.957,-3.808,-3.831,-3.275,-3.651,-4.319,-3.828,-3.306,-4.365,-3.610,-3.631,-4.046,-4.192,-3.737,-3.208,-3.990,-3.549,-2.486,-3.452,-3.512,0.000,-3.069,-3.662
N,-11.073,-3.835,-4.115,-4.510,-4.477,-4.593,-4.297,-5.695,-6.762,-4.549,-8.015,-10.605,-12.151,-8.908,-8.709,-8.167,-6.420,-10.251,-9.134,-8.219,-7.515,-10.348,-11.632,-9.566,-14.901,-10.205,-8.637,-11.621,-8.877,-10.786,-11.532,-9.839,-3.149,0.819,-0.713,-3.950,-7.897,-4.637,-5.406,-5.149,0.000,-4.302,-3.871,-3.239,-3.500,-3.608,-2.913,-3.563,-3.628,-5.066,-3.057,-2.919,-10.490,-9.944,-11.639,-9.427,-3.689,-10.230,-10.885,-4.100,-2.374,-9.062,-10.747,-5.090,-6.501,-10.362,-10.931,-14.740,-8.656,-10.852,-10.446,-8.357,0.000,-10.110,-8.981,-11.477,-10.231,-9.144,-7.937,-6.830,-5.813,-7.393,-4.596,-7.105,-9.170,-9.654,-6.275,-5.047,-7.018,-6.491,-4.080,-3.987,-4.739,-4.931,-4.303,0.000,-3.581,-6.387,-10.598,0.000,-5.318,-10.347,-6.455,-10.003,-10.428,-9.876,-7.557,-7.314,-10.575,-5.711,-5.986,-10.749,-12.463,-7.781,-8.288,-11.630,-10.700,-10.384,0.000,-11.343,-8.086,-4.748,-3.430,0.000,-2.706,-4.489,-3.704,-7.170,-8.315,0.000,-9.740,-9.862,-8.954,-6.550,-10.330,-6.846,-10.389,-9.314,-7.753,-8.046,-4.830,-5.075,-5.280,-4.470,-2.673,-3.472,-3.705,-3.125,-3.393,-3.247,-3.086,-3.076,-3.089,-3.507,-3.010,-4.178,-3.298,-2.814,-3.701,-3.453,0.000,-3.557,-4.359,-3.904,-3.653,-4.597,-3.568,-3.725,-4.378,-4.391,-3.704,-3.100,-4.292,-3.480,-2.697,-3.475,-3.550,-3.248,-3.039,-3.581
Q,-10.903,-4.032,-3.844,-4.907,-4.778,-4.633,-4.592,-5.858,-6.275,-5.248,-8.176,-9.227,-11.981,-10.066,-10.280,-8.361,-8.643,-11.717,-8.821,-10.341,-9.372,-12.155,-13.523,-9.436,-13.918,-12.047,-11.133,-13.080,-7.326,-10.299,-12.001,-9.440,-2.074,-2.447,-3.513,-3.249,-7.789,-5.041,-5.906,-4.769,-3.337,-3.909,-3.693,-3.597,-3.658,-3.548,-3.249,-4.547,-3.530,-4.505,-2.989,-3.895,-8.333,-10.377,-12.150,-13.231,-5.872,-9.919,-11.643,-4.555,-2.415,-8.625,-9.382,-1.789,-11.586,-12.806,-10.215,-14.730,-11.219,0.000,-10.429,-9.358,-13.066,-9.721,-11.231,-14.325,-11.804,-9.680,-9.931,-9.186,-7.008,-9.632,-8.880,-8.294,-8.942,-8.371,-7.471,-3.823,0.000,-6.783,-3.197,-4.274,-3.960,-4.853,-3.619,-4.338,-3.558,-6.517,-10.448,-8.979,-5.647,-11.814,-7.454,-9.720,-11.630,-12.977,-8.444,-9.126,-11.525,-8.706,-9.165,-10.366,-14.150,-8.384,-10.083,-11.073,-10.308,-10.865,-10.648,-10.565,0.000,-4.291,-4.304,-5.073,-1.816,-3.411,-3.832,-7.977,-8.720,-5.424,-10.817,-10.544,-10.901,-7.636,-9.536,-9.342,-11.162,-10.998,-9.486,-9.258,-6.218,-4.408,-2.213,-4.252,-3.005,-3.471,-2.954,-3.440,-3.374,-3.264,-2.945,-2.974,-3.095,-3.575,-3.177,-3.965,-3.485,-3.182,0.000,-3.560,-3.459,-3.518,-4.092,-4.028,-3.661,-4.110,-3.552,-4.151,-4.284,-4.041,-3.599,-3.594,-3.962,-3.615,-2.892,0.000,-3.671,-3.310,0.000,-3.770
T,-10.434,-3.030,-3.686,-4.380,-4.198,-3.462,-4.060,-4.620,-6.077,-1.955,-4.854,-6.764,-8.808,-4.799,-4.361,-4.916,0.000,-4.900,-4.608,0.000,-2.564,-3.523,-7.722,-5.610,-12.545,-3.803,-5.381,-12.187,-6.310,-7.537,-7.796,-7.336,-2.856,-4.206,-4.340,-4.761,-6.526,-4.108,-5.898,-4.349,-2.908,-3.641,-1.587,-2.719,-2.243,-3.326,-2.784,-3.983,-3.146,-4.757,-1.514,-3.087,-8.284,-10.173,-9.651,-8.828,-2.729,-5.941,-10.739,-1.556,-3.578,-8.634,-7.798,-4.810,-6.157,-8.738,-7.187,-13.082,-8.597,-9.473,-5.815,-5.752,-9.176,-6.422,-4.584,-6.780,-8.469,-4.984,-3.560,-4.827,-3.540,-3.643,-3.340,-5.327,-6.497,-9.402,-7.433,-4.164,-6.703,-6.050,-5.212,-4.486,-5.887,-4.443,-4.025,-3.955,-3.799,-4.997,-6.637,-6.700,-3.617,-2.807,-3.113,-7.720,-5.497,-6.096,-6.793,-4.436,-5.760,-4.423,-4.731,-5.772,-10.483,-5.920,0.000,-7.654,-7.782,-8.833,-8.625,-10.197,-9.441,-3.334,0.000,-4.590,-3.662,-2.984,-1.620,-3.865,-10.112,-5.282,-5.886,-9.573,0.000,-4.447,-5.785,0.000,-8.929,-5.981,-5.918,-5.942,0.000,-3.823,-4.511,-3.477,-2.391,-3.187,-3.351,-2.997,-3.340,-3.018,-2.538,-2.939,-2.896,-3.414,-2.944,-3.969,-3.284,-2.888,-3.315,-3.511,-3.112,-3.413,-4.121,-3.937,-3.400,-4.197,-3.431,-3.787,-4.173,-3.981,-3.403,-3.152,-4.003,-3.382,-2.537,-3.298,0.000,-3.134,-2.935,-3.326
S,-10.380,-2.627,-2.696,-3.566,-3.298,-3.168,0.000,-3.750,-5.333,-2.785,-4.951,-6.570,-8.397,-5.943,-4.388,-5.434,-2.627,-5.743,-4.851,-3.427,0.000,-4.775,-7.079,-7.118,-11.646,-5.660,-5.638,-11.705,-6.376,-9.580,-6.790,-8.386,-1.814,-3.242,-2.996,-4.345,-7.546,-3.954,-4.916,-4.296,-2.592,0.000,-2.291,-2.655,-2.585,-2.957,-2.513,-3.511,-2.732,-4.138,-2.055,-3.110,-8.019,-8.710,-10.296,0.000,-4.303,-4.548,-8.352,-2.388,-2.958,-7.669,-8.095,-4.051,0.000,-7.173,-9.349,-10.415,0.000,-10.173,-7.838,-6.582,-8.869,-7.594,-3.764,-5.701,-8.501,-5.108,-5.028,-5.699,-3.605,-5.639,-3.857,-6.287,-7.404,-8.992,-6.400,-3.694,-6.356,-6.529,-4.726,-3.701,-5.177,-4.014,-3.565,-2.697,-2.089,-5.307,-8.512,-5.957,-5.329,0.000,-2.463,-8.938,-5.502,-4.413,-6.232,-4.129,-5.958,-2.211,0.000,-6.359,-7.949,-7.567,-4.539,-8.820,-9.265,-6.913,-6.874,-8.858,-8.164,-3.666,-3.432,-3.763,-2.916,-3.403,-2.617,-5.961,-9.226,-4.745,-7.727,-7.310,-6.823,0.000,-7.813,-5.592,-9.408,-5.926,-6.336,-3.959,-3.259,-3.806,-3.932,-2.924,-1.700,-2.501,-2.923,-2.419,-2.483,-2.218,-2.199,-1.920,-2.359,-2.680,-2.293,0.000,-2.646,-2.487,-2.615,-3.052,-2.664,-2.682,-3.150,0.000,-2.544,0.000,-2.491,0.000,-3.132,0.000,-2.552,-2.585,0.000,-2.592,-2.022,-2.350,-3.092,-2.463,-2.413,-2.881
C,-11.321,-3.379,-3.161,-3.961,-3.058,0.000,-2.486,-3.154,-4.360,-3.145,-4.719,-6.691,-10.716,-6.310,-4.921,-4.028,-4.168,-5.952,-4.586,-6.990,-4.401,-5.784,-9.276,-7.363,-10.906,-5.426,-6.831,-10.990,-6.810,-9.231,-8.371,-9.257,-4.524,-5.030,-5.775,-5.915,-6.959,-1.386,-7.165,-5.842,-3.201,-4.983,-3.767,-2.637,-0.744,-3.012,-2.688,-4.789,-3.817,-6.301,-2.367,-3.727,-9.474,-9.130,-11.140,-8.315,-7.006,-7.646,-10.145,-5.618,-3.556,-9.534,-10.640,-6.866,-9.144,0.000,-9.067,-11.335,-8.600,-11.748,-8.539,-4.658,-11.155,-7.843,-6.643,-8.452,-7.988,-5.184,-5.154,-5.654,-4.285,-5.166,-2.195,-5.983,-7.193,-8.889,-6.012,-3.972,-7.401,-6.769,-5.961,-6.507,-6.163,-4.083,-3.749,-5.191,-3.854,-5.773,-8.259,-7.607,-5.670,-4.892,-4.330,-8.667,-6.003,-5.246,-6.265,0.000,-5.736,-3.257,-2.503,-6.591,-9.587,-8.332,-5.789,-7.927,-8.752,-9.727,-7.605,-8.401,-10.927,-5.346,-4.676,-6.108,-6.757,-6.923,-6.274,-7.293,-10.541,-7.247,-8.073,-7.382,-9.787,-4.446,-8.235,-6.790,-9.809,-6.893,-4.710,-5.937,-3.021,-4.247,-4.819,-3.970,-2.218,-3.753,-3.953,-3.415,-3.440,-3.165,-3.320,-2.916,-3.662,-3.662,0.000,-4.409,-3.585,-3.656,-3.635,-4.225,-3.735,-3.806,-4.346,-4.434,-3.841,-4.383,-3.685,-4.388,-4.348,-4.697,-3.869,-3.786,-4.642,-3.672,-3.308,-3.505,-4.338,-3.566,-3.459,-4.145
G,-10.191,-2.335,0.000,-3.947,-3.633,-3.814,-3.824,-3.994,-6.577,-4.130,-5.160,-6.903,-10.741,-6.259,-4.909,-6.372,-2.901,-5.821,-6.190,-6.354,-4.972,-6.201,0.000,-8.745,-12.175,-6.281,-7.946,-13.123,-7.197,-10.976,-8.506,-10.586,-3.264,-4.325,-3.089,-3.529,-8.638,-5.943,-6.000,-4.672,-3.363,-4.066,-3.807,-3.030,-2.662,-2.886,-2.585,0.000,-2.872,-3.678,-2.483,-5.053,-9.658,-10.959,-12.959,-9.846,-7.018,-5.230,0.000,-3.655,-5.060,-9.402,-9.439,-5.193,-9.221,-8.479,-10.172,-13.489,-6.722,-10.493,-7.864,-6.003,-10.820,-7.744,-4.363,-6.290,-8.458,-5.691,-4.683,-5.686,-4.235,-7.287,-4.878,-6.913,-7.995,-9.444,-7.503,-3.144,-7.727,-8.117,-5.924,-5.015,-4.308,-4.852,-4.578,-4.848,-4.234,-5.145,-9.670,-8.310,-6.315,-4.437,0.000,-10.203,-6.048,-4.674,-4.015,-3.049,-6.647,-4.762,-4.672,-5.640,0.000,-9.059,-6.958,-10.199,-10.211,0.000,-9.501,-11.334,-9.226,-5.241,-3.999,-5.374,-4.453,-4.297,-4.645,-7.176,-9.935,-6.494,-9.011,0.000,-9.065,-0.168,-8.669,-7.413,-10.367,0.000,-5.919,0.000,-3.105,-4.149,-4.615,-3.201,-2.452,-3.194,-3.530,-3.197,-3.582,-3.015,-2.821,-3.034,-3.240,-3.468,-3.227,-4.119,-3.541,-3.305,-3.611,-3.632,-3.393,-3.639,-4.334,-4.052,-3.497,-4.331,-3.531,-3.904,-4.111,-4.308,-3.723,-3.465,-4.060,-3.445,-2.750,-3.338,-3.688,-3.283,-3.176,-3.654
A,-9.779,-1.338,-3.759,-4.229,-4.156,-3.601,-3.520,-3.480,-5.949,-2.885,-3.787,-5.901,-8.912,-4.052,-3.964,-5.230,-2.555,-4.114,-4.255,-3.690,-2.092,0.000,-5.901,-5.672,-12.320,-3.752,-5.232,-12.337,-5.283,-8.089,0.000,-6.329,-1.831,-3.413,-3.183,-4.701,-6.406,-4.550,-5.857,-4.670,-3.273,-3.698,0.000,-3.131,-3.220,-3.411,-3.069,-4.313,-3.276,-4.126,-2.406,0.000,-7.419,-10.554,-9.693,-8.216,-5.748,0.000,-6.639,-1.497,-4.266,-7.648,-6.929,0.000,-8.049,-8.353,-6.745,-12.738,-6.263,-9.321,-6.421,-6.375,-10.580,-6.684,0.000,0.000,-8.172,-4.862,0.000,-4.503,-3.463,-5.234,0.000,-5.650,-6.137,-9.869,-6.791,-2.404,-6.650,-5.109,-5.281,-5.127,-5.923,-4.374,-4.240,-4.577,-4.502,-4.795,-6.691,-8.111,-5.378,-3.400,-2.454,-8.267,-4.829,0.000,-6.339,-4.084,-5.342,0.000,-2.923,-4.725,-8.608,-6.812,-5.145,-7.390,-7.806,-4.819,-8.877,-9.415,-8.998,-3.361,-3.651,-5.133,-2.517,-3.111,-2.336,-4.176,-9.742,-5.192,-5.625,-7.166,-4.251,-2.343,-6.745,-1.713,-9.695,-3.788,-5.625,-4.195,-2.056,-3.683,0.000,-2.544,-2.237,-3.411,-3.603,-3.236,-3.696,-3.120,-2.790,-2.995,-3.111,-3.563,-3.052,-4.226,-3.524,-3.198,-3.569,-3.606,-3.292,-3.627,-4.369,-4.038,-3.533,-4.384,-3.560,-3.864,-4.339,-4.096,-3.592,0.000,-4.040,-3.523,-2.677,-3.552,-3.462,-3.297,-3.061,-3.464
V,-9.764,-2.424,-3.150,-3.260,-3.912,-2.715,-3.328,0.000,-5.272,-2.060,-2.767,-5.347,-9.132,-2.415,0.000,-4.136,-4.103,-3.181,-3.223,-7.551,-1.891,-4.310,-8.784,-3.411,-11.428,-3.147,0.000,-11.610,-4.794,-5.180,-7.400,0.000,-2.272,-3.724,-4.252,-3.959,-3.182,-3.506,-5.921,-4.211,-2.885,-3.646,-3.509,-3.327,-2.990,-3.201,-3.040,-4.215,0.000,-4.771,-1.984,-1.880,-7.990,-10.228,-7.049,-11.571,-4.472,-8.333,-9.859,-2.823,-3.545,-8.491,-7.367,-3.552,-11.054,-8.993,0.000,-12.029,-10.353,-9.157,0.000,-5.965,-11.455,-5.432,-7.925,-8.875,-7.495,-5.621,-3.370,-4.260,0.000,0.000,-3.429,0.000,-4.544,-9.935,-7.008,-3.057,-6.542,-3.229,-5.508,-6.200,-6.005,0.000,-4.023,-5.089,-4.571,-4.568,-3.424,-7.478,-3.656,-3.277,-4.191,-6.295,0.000,-7.160,-5.993,-4.503,-4.148,-7.722,-6.173,-4.677,-11.258,-6.251,-6.760,-4.606,-3.269,-9.281,-8.688,-8.634,-10.362,-2.241,-3.130,-5.650,-3.389,-3.081,-1.559,-3.021,-10.518,-5.088,0.000,-8.629,-7.409,-2.308,-3.653,-4.599,-7.878,-4.695,-4.722,-6.955,-1.756,-2.650,-4.432,0.000,-1.686,-3.002,-3.245,-2.676,-3.313,-2.689,-2.681,-2.695,-2.850,0.000,-2.793,-3.905,-3.102,-2.838,-3.291,-3.484,-2.983,-3.337,-4.201,-3.785,-3.257,-4.103,-3.258,-3.570,-4.002,-3.998,-3.476,-3.153,-3.842,-3.194,-2.448,-3.234,-3.491,-2.991,-2.931,0.000
L,-9.692,-2.900,-2.361,-2.998,-3.496,-2.314,-2.701,-2.276,-2.890,-1.322,-2.523,0.000,-9.147,0.000,-2.626,-1.806,-3.830,0.000,-1.792,-8.119,-3.805,-4.116,-10.815,0.000,-10.182,-4.694,-7.344,-10.125,-3.246,-4.841,-9.074,-4.482,-1.755,-3.451,-3.807,-3.013,-4.258,0.000,-4.914,0.000,-2.342,-3.384,-3.143,-2.941,-2.439,-3.010,-2.897,-3.386,-3.060,-4.945,-2.033,-2.031,-8.068,-7.952,-6.962,-11.111,-3.706,-9.160,-11.675,-4.029,-1.016,-7.792,-8.114,-2.428,-10.532,-10.462,-3.635,-9.038,-9.643,-8.277,-4.637,-2.635,-12.533,-3.676,-9.676,-11.460,-6.405,0.000,-4.544,0.000,-3.052,-4.744,-4.626,-3.146,0.000,-8.416,-6.061,-3.215,-5.481,0.000,-5.037,-6.087,-5.259,-3.000,0.000,-5.296,-4.177,-5.088,0.000,-8.081,-4.138,-2.743,-4.112,0.000,-4.537,-6.746,0.000,-4.380,0.000,-8.908,-5.957,-4.007,-11.113,-3.770,-7.117,0.000,0.000,-11.090,-10.249,-8.278,-9.468,0.000,-3.628,-5.279,-3.477,-3.293,-2.936,-2.617,-8.922,-3.575,-5.614,-9.810,-9.558,-1.106,0.000,-6.390,-6.742,-7.027,-4.608,-7.027,-2.534,-1.614,-3.596,-3.020,-1.049,-2.607,-2.446,-2.171,-2.738,-2.025,-1.894,-2.002,-2.500,-2.400,-2.170,-3.170,-2.515,-2.260,-2.389,-2.939,-2.551,-2.666,0.000,-3.270,-2.807,-3.202,-2.676,-3.210,0.000,-3.340,-2.817,-2.705,-3.299,-2.713,-2.099,-2.424,-3.132,-2.433,-2.462,-3.005
I,-10.344,-3.713,-3.479,-3.506,-4.190,-2.977,-3.701,-3.217,-5.387,-2.125,-3.097,-5.662,-9.681,-2.779,-3.444,-3.843,-4.807,-3.490,-3.276,-8.102,-3.227,-4.424,-10.401,-3.493,-11.598,0.000,-6.261,-11.796,-4.426,0.000,-8.703,-4.461,-2.579,-4.425,-5.016,-4.321,0.000,-4.025,-6.244,-4.472,-2.753,-3.892,-3.489,-3.506,-3.174,-3.499,-3.472,-4.641,-3.730,-5.304,-2.539,-1.843,-8.891,-8.606,0.000,-11.220,0.000,-9.763,-12.277,-3.710,-3.107,-9.118,-9.084,-3.643,-11.042,-10.619,-2.787,-12.139,-10.578,-9.679,-2.740,-5.238,-10.864,-4.915,-9.387,-11.145,-7.739,-6.023,-3.791,-4.480,-3.529,-3.280,-4.254,-2.944,-4.221,-9.840,-7.465,0.000,-6.690,-4.050,-5.962,-6.963,-6.719,-3.796,-4.308,-5.636,-4.854,-5.366,-3.297,-7.617,0.000,-3.603,-4.905,-5.902,-3.826,-8.209,-6.222,-4.058,-3.914,-9.239,-6.778,-4.945,-12.450,-6.832,-7.749,-4.759,-6.148,-11.734,-8.813,-9.031,-10.962,-4.194,-4.345,-6.352,-4.556,-3.436,-2.214,0.000,-10.177,-5.308,-3.848,-10.184,-9.011,-2.788,-4.502,-6.689,-5.316,-5.423,-3.916,-7.375,-2.101,-2.880,-4.823,-3.470,-1.462,-3.066,-3.094,-2.400,-3.220,-2.673,-2.564,-2.642,0.000,-3.139,-2.679,-3.885,-2.991,-2.735,-3.317,-3.362,-2.927,-3.292,-4.142,-3.757,-3.441,-4.211,-3.284,-3.514,-4.140,-4.205,-3.531,-2.950,-4.098,-3.226,-2.597,-3.140,-3.532,-2.978,-2.952,-3.429
M,0.000,-3.028,-3.675,-4.091,-4.108,-3.669,-4.501,-4.702,-4.725,0.000,-5.204,-6.429,-11.662,-5.908,-5.575,-3.859,-5.706,-6.105,-4.764,-8.066,-4.746,-5.934,-10.734,-2.681,-12.112,-6.010,-7.633,-11.872,-5.158,-5.942,-9.398,-7.010,-3.014,-4.506,-5.241,-5.193,-6.874,-5.314,-7.350,-5.572,-4.303,-4.859,-4.350,-4.384,-4.039,-4.574,-4.309,-5.192,-4.687,-6.352,-3.303,-3.620,-10.325,-10.316,-9.194,-13.285,-5.385,-9.947,-12.307,-4.464,-3.348,-10.042,-9.766,-3.380,-11.974,-11.684,-5.787,-11.364,-10.602,-9.282,-5.300,0.000,-12.874,0.000,-9.522,-11.432,-7.668,-3.055,-4.717,-3.848,-4.428,-4.832,-5.277,-4.690,-6.142,-10.192,-7.932,-4.328,-7.113,-5.531,-6.210,-7.091,-6.667,-4.930,-5.309,-6.413,-5.831,-6.600,-5.852,-8.641,-5.518,-5.358,-5.165,-6.877,-7.008,-7.854,-6.220,-5.800,-5.919,-9.490,-7.579,-6.317,-12.030,0.000,-7.272,-6.041,-6.798,-11.539,-10.728,-8.438,-10.025,-4.748,-4.902,-6.374,-4.075,-4.028,-3.759,-4.946,-10.608,-5.357,-6.349,-10.508,-9.382,-2.113,-5.025,-6.275,-7.210,-7.517,-5.629,-7.845,-3.957,-3.102,-5.516,-4.168,-2.980,-4.211,-4.251,-3.855,-4.542,-3.891,-3.277,-3.794,-3.492,-4.193,-3.740,-4.735,-4.167,-3.636,-4.203,-4.178,-4.080,-4.463,-5.359,-4.934,-4.653,-5.176,-4.491,-4.708,-5.409,-4.927,-4.449,-4.161,-4.823,-4.530,-3.518,-4.343,-4.206,-3.994,-3.890,-4.444
P,-10.886,-3.284,-3.704,-4.726,-4.753,-4.100,-4.453,-4.758,-6.833,-4.853,-6.748,-7.539,0.000,-6.959,-5.489,-8.106,-6.987,-8.904,-8.212,-9.258,-3.667,-10.109,-11.732,-9.225,-14.621,-10.810,-10.958,-15.142,-10.998,-13.453,-13.030,-12.095,-7.916,-8.331,-6.624,-6.177,-7.665,-6.269,0.000,-4.630,-2.717,-3.233,-3.363,-3.442,-3.299,-2.987,0.000,-4.289,-3.234,-4.207,-2.439,-1.344,0.000,-11.141,-10.887,-10.855,-8.600,-10.119,-10.470,-6.672,-6.787,0.000,0.000,-4.725,-10.646,-12.156,-9.902,-13.823,-10.309,-12.013,-11.162,-10.021,-15.075,-10.724,-10.278,-12.066,-12.367,-8.457,-6.991,-11.046,-7.951,-8.315,-9.131,-9.565,-10.333,-11.787,-10.231,-8.477,-9.157,-9.163,-8.253,0.000,-6.626,-4.417,-4.141,-3.468,0.000,-6.354,-8.809,-9.881,-8.818,-6.446,-7.319,-11.665,-8.957,-9.062,-10.339,-8.021,-10.167,-9.343,-8.475,-10.063,-12.913,-9.668,-9.337,-12.909,-11.310,-10.611,-12.907,-12.921,-6.783,-5.517,-5.741,-6.596,-5.902,-2.447,-3.194,-5.270,-9.153,-10.914,-11.107,-9.813,-9.037,-7.267,-10.217,-9.308,-11.209,-7.831,-7.601,-7.518,-4.785,-4.046,-4.416,-4.032,-2.754,-3.556,-3.492,-3.346,-3.579,-3.253,-2.888,-3.224,-3.424,-3.552,-3.236,-4.224,-3.756,-3.359,-3.403,-3.869,-3.504,-3.488,-4.111,-4.100,-3.592,-4.141,-3.611,-4.263,-4.319,-4.071,-3.648,-3.719,-4.217,-3.736,-2.955,-3.484,-3.794,-3.554,-3.353,-3.715
Y,-11.957,-4.765,-4.178,-4.769,-4.983,-4.256,-3.657,-3.878,-4.094,-3.983,-5.262,-5.975,-12.334,-7.627,-8.145,-6.271,-6.142,-9.006,-6.617,-9.614,-7.296,-9.544,-13.286,-8.398,-11.048,-9.319,-11.603,0.000,-6.270,-8.789,-11.408,-8.164,-2.910,-2.420,-3.073,-4.384,-6.923,-4.567,-5.843,-3.253,-2.109,-4.076,-4.086,-4.280,-3.924,-3.923,-3.692,-4.928,-3.906,-5.905,-2.753,-1.447,-10.033,0.000,-11.160,-11.414,-6.060,-10.319,-12.059,-4.858,1.015,-9.685,-10.843,-5.339,-10.603,-9.843,-8.643,-9.619,-10.467,-12.339,-10.240,-9.951,-12.771,-8.934,-12.667,-14.074,-7.367,-8.559,-9.594,-6.231,-5.839,-7.847,-6.317,-6.723,-8.541,-8.847,-0.901,-4.040,-6.119,-6.001,-5.634,-6.231,-6.330,-4.205,-4.086,-5.948,-4.183,-5.803,-9.317,-8.917,-4.980,-10.032,-7.872,-8.602,-8.265,-10.022,-5.924,-7.321,-10.624,-9.409,-7.668,-7.687,-14.590,-11.090,-10.153,-9.501,-10.514,-11.723,-9.470,-8.129,-10.517,-4.888,-3.629,-4.522,-3.408,-4.093,-4.027,-7.816,-6.846,-3.870,-9.271,-11.117,-11.436,-5.761,-9.750,-9.227,-6.820,-8.941,-6.742,-8.257,-6.470,-5.234,-3.825,-4.345,-2.305,-3.567,-3.652,-2.938,0.000,-2.947,0.000,-2.762,-3.285,-3.320,-2.989,-4.257,-3.332,0.000,-3.609,-3.883,-3.503,-3.769,-4.371,-4.166,-3.822,-4.295,-3.691,-4.082,-4.416,-4.568,-3.858,-3.505,-4.438,-3.747,0.000,-3.543,-4.094,-3.505,-3.376,-4.034
F,-11.194,-3.306,-2.934,-3.457,-4.067,-3.154,-3.206,-2.677,-3.024,-2.732,0.000,-3.729,-10.913,-4.884,-3.643,0.000,-2.813,-4.436,0.000,-7.561,-3.587,-5.107,-11.179,-4.053,-10.012,-5.915,-9.621,-5.593,0.000,-6.447,-10.137,-7.340,-2.957,-3.513,-3.566,-4.231,-6.052,-4.110,-5.716,-4.041,-2.676,-4.065,-4.068,-3.914,-3.762,-3.741,-3.846,-4.464,-3.784,-5.742,-3.060,-1.138,-9.507,-5.477,-9.625,-10.859,-6.132,-10.294,-11.951,-4.868,-1.015,-9.519,-10.409,-5.173,-10.672,-10.295,-4.585,0.000,-9.949,-9.512,-5.811,-6.043,-13.230,-5.860,-9.386,-11.362,0.000,-4.461,-6.249,-3.275,-3.694,-4.972,-4.719,-4.615,-5.979,-9.659,0.000,-3.924,-6.220,-5.379,-6.308,-6.999,-6.482,-3.756,-4.452,-6.165,-4.598,-5.548,-5.676,-9.024,-5.455,-3.588,-5.660,-5.587,-5.686,-4.196,-4.457,-4.907,-5.166,-8.056,-5.850,0.000,-10.638,-7.738,-7.909,-6.143,-8.176,-11.233,-9.552,0.000,-11.253,-5.362,-3.640,-5.286,-4.149,-4.636,-3.834,-6.239,-9.728,-4.837,-6.799,-9.872,-10.258,-3.521,-5.079,-7.606,0.000,-7.118,0.000,-7.067,-4.408,0.000,-3.409,-3.732,-1.264,0.000,-3.171,-2.540,-3.105,-2.359,-2.732,-2.336,-3.228,-3.074,-2.705,-3.825,-2.969,-3.020,-3.049,-3.721,-3.145,0.000,-3.899,-3.815,0.000,-3.871,-3.000,-3.760,-3.782,-4.157,-3.234,-3.201,-4.060,-3.074,-2.802,-2.884,-3.993,-3.042,-2.952,-3.653
W,-11.991,-4.135,-3.677,-3.677,-4.230,-3.487,-2.933,-3.329,0.000,-3.696,-4.686,-6.414,-13.351,-8.229,-7.178,-5.986,-5.108,-8.388,-3.127,-10.543,-6.240,-7.294,-12.281,-8.485,0.000,-9.973,-11.599,-10.665,-7.216,-8.277,-11.826,-9.564,-3.444,-5.057,-5.188,-4.577,-7.707,-5.303,-7.361,-5.550,-3.176,-3.497,-4.388,-5.180,-4.268,-4.234,-5.262,-5.870,-4.709,-6.417,-4.057,-3.591,-11.232,-8.686,-12.396,-12.710,-8.541,-11.516,-11.270,-6.193,-3.713,-10.673,-11.545,-6.346,-12.547,-11.110,-9.059,-9.587,-11.828,-12.746,-10.477,-9.676,-16.552,-8.908,-12.370,-14.822,-8.223,-8.517,-9.835,-8.500,-4.311,-8.736,-8.304,-7.305,-8.686,-9.238,-5.976,-5.429,-7.519,-6.334,-7.722,-7.080,-7.201,-4.765,-0.996,-6.356,-4.067,0.000,-8.587,-11.394,-5.040,-8.754,-8.052,-9.438,-7.182,-10.044,-7.799,-5.752,-9.542,-11.039,-5.667,-7.889,-11.769,-12.084,-10.169,-7.927,-11.000,-11.636,-12.583,-9.379,-11.917,-5.544,-5.522,-6.214,-5.574,-4.825,-4.610,-8.085,-11.285,-6.097,-8.642,-8.733,-12.546,-5.438,-9.439,-11.267,-10.428,-8.985,-8.231,-8.557,-5.943,-4.430,-5.316,-4.115,-2.560,-3.958,-4.341,-4.310,-4.291,-4.170,-3.753,-3.741,-4.385,-4.326,-4.136,-4.951,-4.478,-4.516,-4.244,-4.681,-4.550,-4.807,-5.379,-5.295,-4.875,-4.995,-4.599,-5.152,-5.218,-5.259,-4.692,-4.661,-5.042,-4.602,-4.155,-4.177,-4.905,-4.255,-4.258,-4.813
