,M 1,D 2,G 3,K 4,K 5,C 6,S 7,V 8,W 9,M 10,F 11,L 12,P 13,L 14,V 15,F 16,T 17,L 18,F 19,T 20,S 21,A 22,G 23,L 24,W 25,I 26,V 27,Y 28,F 29,I 30,A 31,V 32,E 33,D 34,D 35,K 36,I 37,L 38,P 39,L 40,N 41,S 42,A 43,E 44,R 45,K 46,P 47,G 48,V 49,K 50,H 51,A 52,P 53,Y 54,I 55,S 56,I 57,A 58,G 59,D 60,D 61,P 62,P 63,A 64,S 65,C 66,V 67,F 68,S 69,Q 70,V 71,M 72,N 73,M 74,A 75,A 76,F 77,L 78,A 79,L 80,V 81,V 82,A 83,V 84,L 85,R 86,F 87,I 88,Q 89,L 90,K 91,P 92,K 93,V 94,L 95,N 96,P 97,W 98,L 99,N 100,I 101,S 102,G 103,L 104,V 105,A 106,L 107,C 108,L 109,A 110,S 111,F 112,G 113,M 114,T 115,L 116,L 117,G 118,N 119,F 120,Q 121,L 122,T 123,N 124,D 125,E 126,E 127,I 128,H 129,N 130,V 131,G 132,T 133,S 134,L 135,T 136,F 137,G 138,F 139,G 140,T 141,L 142,T 143,C 144,W 145,I 146,Q 147,A 148,A 149,L 150,T 151,L 152,K 153,V 154,N 155,I 156,K 157,N 158,E 159,G 160,R 161,R 162,V 163,G 164,I 165,P 166,R 167,V 168,I 169,L 170,S 171,A 172,S 173,I 174,T 175,L 176,C 177,V 178,V 179,L 180,Y 181,F 182,I 183,L 184,M 185,A 186,Q 187,S 188,I 189,H 190,M 191,Y 192,A 193,A 194,R 195,V 196,Q 197,W 198,G 199,L 200,V 201,M 202,C 203,F 204,L 205,S 206,Y 207,F 208,G 209,T 210,F 211,A 212,V 213,E 214,F 215,R 216,H 217,Y 218,R 219,Y 220,E 221,I 222,V 223,C 224,S 225,E 226,Y 227,Q 228,E 229,N 230,F 231,L 232,S 233,F 234,S 235,E 236,S 237,L 238,S 239,E 240,A 241,S 242,E 243,Y 244,Q 245,T 246,D 247,Q 248,V 249
K,-8.932,-3.026,-2.953,0.000,0.000,-4.193,-4.201,-3.837,-7.782,-5.380,-7.328,-12.170,-16.023,-11.283,-10.853,-13.222,-12.052,-13.420,-12.504,-13.792,-12.628,-12.527,-14.335,-12.338,-16.545,-12.238,-12.083,-14.634,-8.839,-10.614,-11.959,-9.010,-2.917,-2.592,-3.421,0.000,-8.288,-4.903,-6.088,-4.833,-3.832,-3.933,-3.362,-3.464,-3.289,0.000,-3.258,-4.091,-2.968,0.000,-2.833,-3.649,-7.790,-10.537,-13.224,-14.403,-4.129,-11.119,-11.701,-6.054,-3.016,-8.203,-10.019,-3.970,-11.005,-13.809,-9.432,-17.835,-12.398,-10.449,-13.088,-12.437,-13.398,-11.396,-15.306,-15.751,-13.194,-12.964,-13.150,-11.285,-9.740,-11.475,-12.552,-10.653,-9.850,-7.922,-10.358,-5.126,-7.101,-7.944,0.000,-3.653,0.000,-4.164,-2.908,-3.175,-2.166,-5.779,-10.951,-11.924,-4.681,-13.353,-10.645,-10.952,-11.680,-15.084,-12.521,-10.536,-11.819,-13.101,-13.375,-10.346,-15.822,-11.491,-11.835,-11.653,-10.966,-12.061,-11.307,-10.334,-8.510,-3.269,-2.107,-2.946,-2.506,-1.249,-2.399,-8.294,-11.253,-5.145,-10.027,-13.081,-12.679,-6.418,-12.153,-13.935,-16.139,-7.354,-13.868,-13.745,-11.589,-15.434,-12.531,-15.161,-14.043,-12.446,-14.037,-11.462,-8.357,-11.532,-13.792,-5.841,0.000,-6.358,-3.478,-4.085,0.000,-2.773,-3.522,-5.644,-3.309,-3.147,-8.414,-7.995,-8.571,-5.333,-7.892,-7.232,-9.540,-11.384,-11.263,-8.595,-8.010,-8.405,-10.056,-10.652,-7.876,-8.336,-9.577,-8.094,-5.737,-6.909,-6.370,-6.136,-2.543,-2.557,-2.808,-3.408,-2.145,-2.897,-1.868,-4.247,-9.535,-8.359,-3.346,-11.162,-6.265,-14.206,-11.359,-13.699,-11.932,-10.303,-10.548,-10.813,-11.510,-10.849,-13.507,-11.515,-13.112,-12.691,-13.353,-13.563,-8.045,-11.091,-13.302,-2.390,-4.090,-5.007,-0.932,-5.904,-2.644,-6.874,-4.842,-3.437,-3.251,-3.862,-2.705,-3.294,-3.999,-3.500,-3.155,-3.663,-4.475,-2.889,-4.055,-4.045,-3.944,-3.905,-4.098,-3.972,-2.383,-3.565,-3.503,-2.237,-2.370,-3.232,-2.930,-2.627,-4.336
R,-9.236,-3.409,-2.722,-3.420,-3.333,-3.767,-3.536,-3.575,-7.123,-5.062,-7.325,-11.540,-14.551,-10.724,-10.588,-12.038,-11.040,-13.423,-11.886,-13.487,-12.323,-11.808,-12.589,-11.999,-14.395,-12.340,-11.983,-13.975,-9.085,-10.904,-11.859,-9.495,-2.979,-2.243,-4.337,-3.589,-8.360,-4.230,-5.995,-4.996,-3.814,-4.170,-3.840,-3.604,0.000,-3.228,-3.192,-4.354,-2.930,-3.809,-2.500,-3.304,-6.823,-8.881,-12.672,-12.107,-4.184,-10.342,-9.988,-6.335,-2.586,-7.580,-9.461,-4.292,-10.994,-11.345,-9.038,-15.870,-10.821,-10.467,-12.294,-10.905,-14.685,-10.341,-14.013,-14.677,-12.024,-12.292,-12.676,-11.196,-8.533,-11.015,-10.973,-10.073,-9.706,0.000,-8.667,-4.735,-6.624,-7.418,-3.911,-3.854,-3.645,-4.352,-2.089,-3.490,-1.774,-6.086,-10.442,-12.237,-5.116,-12.210,-9.341,-10.725,-10.517,-13.617,-11.824,-9.139,-11.456,-11.939,-11.293,-10.161,-13.371,-11.632,-11.805,-11.628,-10.751,-11.408,-11.075,-9.886,-8.329,-3.523,-2.879,-3.440,-3.340,-2.019,-2.649,-7.760,-9.409,-5.423,-9.813,-10.017,-12.992,-5.896,-11.972,-13.918,-14.844,-6.655,-12.797,-11.743,-10.485,-14.861,-11.377,-14.445,-12.845,-11.887,-13.591,-10.415,-7.668,-11.661,-13.089,-4.618,-3.693,-6.549,-4.556,-4.163,-3.559,-2.806,-3.447,-5.919,0.000,0.000,-7.853,-6.827,-7.897,-4.759,0.000,-7.136,-7.855,-11.108,-9.808,-7.501,-8.533,-8.714,-9.784,-10.707,-7.712,-8.296,-9.947,-8.336,-5.851,-7.058,-6.808,-6.142,-2.747,-3.082,-3.206,-4.019,-2.270,-3.253,-2.270,-4.937,-9.448,-7.355,0.000,-9.125,-8.302,-11.956,-11.306,-13.372,-12.002,-10.520,-10.963,-11.704,-13.004,-10.669,-13.184,-11.376,-12.030,-12.302,-12.472,-13.631,-7.487,-11.470,-12.145,0.000,-3.437,-5.172,0.000,-5.290,-3.051,-7.069,-4.458,-3.194,-3.282,-3.552,-2.862,-3.323,-3.722,-3.251,-3.008,-3.568,-4.759,-2.700,-4.459,-3.995,-4.390,-4.311,-4.650,-4.299,-3.304,-4.279,-3.762,-2.580,-3.073,-3.501,-3.033,-3.077,-5.030
H,-10.818,-4.896,-4.231,-5.119,-4.746,-4.954,-4.404,-4.205,-6.998,-5.269,-7.223,-10.149,-11.931,-10.522,-9.854,-9.998,-9.144,-12.136,-9.957,-10.510,-10.204,-11.457,-13.699,-11.040,-14.392,-12.714,-11.780,-9.959,-9.294,-11.417,-12.595,-9.427,-2.880,-1.634,-4.288,-3.083,-7.463,-3.899,-4.667,-5.317,-3.510,-4.600,-4.408,-3.416,-3.924,-3.787,-3.322,-4.453,-3.442,-4.707,0.000,-3.144,-7.811,-7.251,-12.560,-12.883,-4.022,-11.547,-12.240,-5.057,-1.804,-8.687,-10.586,-5.336,-10.013,-12.634,-9.644,-13.985,-10.436,-8.589,-12.242,-10.224,-11.960,-11.513,-13.935,-14.194,-9.752,-11.036,-11.497,-8.604,-7.403,-9.994,-8.679,-7.734,-9.891,-8.092,-4.036,-4.206,-5.379,-6.981,-3.653,-4.190,-4.219,-3.790,-3.148,-4.250,-2.726,-7.103,-10.641,-9.767,-5.811,-12.729,-9.475,-9.724,-10.992,-12.114,-8.614,-8.522,-12.005,-8.706,-8.970,-10.549,-14.567,-10.978,-8.663,-11.078,-11.657,-11.705,-7.303,-9.651,-8.121,-4.718,-4.139,-2.948,-2.447,-3.566,-3.529,-8.342,0.000,-4.372,-10.603,-13.811,-13.486,-6.294,-13.077,-11.578,-13.177,-8.122,-11.113,-12.974,-8.000,-13.523,-8.008,-12.421,-11.238,-11.109,-7.682,-10.197,-6.840,-10.827,-11.921,-3.550,-6.601,-7.082,-4.812,-5.121,-4.832,-3.884,-4.245,-5.572,-4.659,-4.503,-9.363,-7.236,-8.698,-4.803,-10.637,-8.008,-9.497,-11.711,-7.689,-7.195,-6.034,-4.923,-7.321,-9.601,-6.346,-7.110,-9.710,-8.370,-5.048,-6.886,-7.002,-6.019,-2.371,-2.788,-3.166,-4.030,-2.397,0.000,-1.425,-4.581,-9.777,-8.401,-5.149,-10.082,-7.016,-11.405,-10.046,-12.311,-10.342,-9.227,-9.125,-7.754,-9.432,-9.965,-8.783,-6.048,-13.345,-11.570,-9.145,-11.336,-7.433,-9.504,-9.998,-1.766,0.000,-4.492,-2.039,-5.063,-4.028,-7.445,-4.178,-3.272,-4.071,-3.178,-3.447,-4.391,-4.552,-4.066,-3.245,-3.976,-5.135,-3.273,-5.280,-4.799,-5.096,-4.575,-5.765,-4.969,-4.076,-5.278,-4.163,-3.286,-3.969,-4.784,-2.787,-3.557,-5.361
E,-9.318,-2.367,-3.773,-4.845,-4.658,-4.898,-5.938,-6.157,-9.086,-7.021,-9.731,-12.471,-15.372,-11.607,-11.319,-12.351,-9.550,-11.718,-11.038,-11.239,-9.135,-10.568,-11.339,-10.696,-14.986,-11.460,-9.818,-14.098,-9.158,-12.090,-11.113,-8.946,0.000,-3.243,-3.804,-4.114,-8.288,-5.345,-5.943,-4.093,-3.078,-3.227,-2.851,0.000,-2.855,-3.119,-2.614,-3.823,-3.045,-4.026,-2.640,-4.343,-8.422,-10.216,-13.649,-14.034,-4.355,-9.941,-10.163,-4.744,-2.936,-8.797,-10.584,-0.691,-11.155,-13.465,-9.986,-16.497,-11.324,-7.269,-10.938,-10.785,-13.740,-10.948,-11.458,-12.690,-12.009,-10.896,-10.693,-8.317,-8.706,-11.236,-9.869,-10.025,-11.163,-11.385,-9.787,-6.721,-6.972,-8.626,-2.614,-2.850,-4.325,-4.646,-3.203,-5.345,-5.226,-8.264,-11.862,-12.410,-8.393,-12.775,-9.003,-11.862,-11.666,-12.110,-8.465,-9.395,-11.298,-6.888,-9.896,-10.246,-12.515,-9.100,-8.616,-11.877,-10.676,-10.002,-11.570,-10.911,-8.224,-3.221,-2.893,-3.482,-1.777,0.000,0.000,-8.562,-11.953,-5.414,-9.975,-10.583,-12.309,-5.767,-11.326,-10.150,-15.477,-6.676,-11.379,-10.477,-9.118,-13.405,-8.688,-11.709,-13.049,-10.854,-8.728,-9.934,-8.887,-11.214,-13.651,-7.811,-8.147,-6.808,-5.293,-4.474,-3.881,-2.695,0.000,-3.690,-5.771,-6.019,-9.238,-8.585,-10.493,-6.739,-12.712,-9.376,-10.790,-11.216,-10.134,-8.327,-5.154,-2.423,-8.895,-8.834,-5.485,-6.376,-8.919,-7.419,-3.788,-6.205,-6.913,-6.473,-2.893,-2.756,-3.359,-3.260,-2.695,-3.806,-2.298,-4.553,-8.726,-8.842,-4.592,-9.376,2.375,-12.522,-9.058,-11.270,-8.493,-9.230,-8.627,-7.133,-7.321,-8.526,-10.284,-5.082,-11.196,-11.985,-12.615,-11.615,-9.803,0.000,-13.351,-4.912,-4.096,-5.589,-1.277,-6.007,0.000,-7.207,-5.366,-4.087,-3.156,0.000,-2.321,-2.995,0.000,-2.879,-2.612,-3.115,-3.941,-2.046,-3.580,0.000,-3.466,-2.637,-3.594,0.000,-2.045,-3.161,0.000,-1.561,-2.880,-3.008,-2.550,-2.970,-4.779
D,-9.835,0.000,-4.624,-5.373,-5.047,-5.568,-5.941,-6.297,-9.965,-7.484,-10.716,-14.467,-14.907,-12.167,-11.622,-12.730,-8.864,-13.165,-12.381,-10.841,-10.190,-11.659,-11.101,-12.831,-16.725,-12.201,-10.348,-13.701,-11.340,-13.627,-12.100,-10.357,-4.576,0.000,0.000,-4.931,-8.877,-5.111,-5.178,-4.652,-3.074,-3.849,-3.452,-3.320,-3.043,-3.146,-2.666,-3.320,-3.363,-4.407,-3.188,-4.542,-9.823,-9.558,-14.677,-12.455,-1.587,-11.129,-10.228,0.000,0.000,-9.572,-11.850,-5.796,-9.991,-11.669,-11.594,-16.090,-10.555,-11.259,-11.600,-10.804,-7.668,-11.961,-11.495,-11.712,-11.887,-11.999,-10.685,-8.339,-9.316,-10.951,-9.429,-10.491,-12.415,-12.615,-8.930,-8.091,-8.252,-9.710,-4.730,-3.008,-4.914,-4.611,-3.393,-5.050,-4.789,-8.413,-12.836,-9.331,-8.396,-12.775,-8.563,-11.584,-11.728,-11.173,-8.673,-9.168,-12.476,-6.021,-9.309,-11.192,-12.008,-9.905,-8.298,-13.385,-11.668,-10.536,-8.670,-12.078,-8.289,-3.868,-2.398,-3.286,0.000,-4.355,-4.074,-8.444,-10.615,-4.041,-9.821,-10.762,-11.995,-5.864,-13.700,-10.544,-15.880,-6.345,-12.424,-10.990,-8.658,-14.488,-8.415,-12.265,-13.459,-11.974,-11.104,-9.719,-9.942,-13.079,-13.502,-8.770,-9.583,-7.746,-5.755,-5.940,-4.934,-3.743,-4.449,-4.602,-6.515,-6.653,-10.184,-9.312,-11.630,-8.103,-13.669,-9.801,-11.837,-12.475,-10.016,-8.094,-6.025,-6.267,-8.175,-9.461,-6.574,-7.576,-9.369,-7.759,-4.432,-6.981,-7.355,-6.781,-3.694,-2.600,-3.201,-3.245,-3.081,-4.590,-1.736,-5.708,-10.431,-8.836,-5.729,-9.612,-4.640,-11.682,-9.476,-12.864,-7.913,-9.012,-7.111,-7.953,-9.442,-7.843,-10.324,-7.891,-12.180,-11.845,-12.628,-11.900,-10.064,-6.055,-13.556,-5.322,-3.424,-6.765,-1.767,-5.889,-4.317,-7.837,-5.945,-4.431,-4.580,-3.943,-2.574,-3.717,-3.904,-3.061,-2.884,-3.626,-4.045,-1.998,-4.067,-3.406,-3.598,-2.424,-4.352,-3.836,-1.998,-3.848,-3.676,-2.104,-3.830,-3.739,0.000,-3.402,-4.702
N,-10.048,-3.932,-3.711,-4.519,-4.360,-4.666,-4.173,-4.522,-7.573,-4.775,-7.687,-11.375,-12.748,-9.188,-8.262,-9.873,-7.023,-10.429,-9.740,-8.701,-7.660,-9.399,-11.498,-10.373,-14.868,-10.616,-7.918,-11.959,-9.551,-11.625,-11.229,-9.444,-3.168,0.360,-2.483,-4.415,-8.357,-4.197,-5.539,-5.220,0.000,-4.289,-3.744,-3.367,-3.334,-3.633,-3.201,-3.621,-3.620,-4.568,-3.131,-3.492,-9.164,-8.954,-12.634,-10.678,-3.303,-10.540,-11.202,-4.527,-2.623,-9.552,-11.927,-6.186,-7.027,-10.564,-10.409,-15.285,-8.713,-10.409,-11.178,-7.812,0.000,-10.402,-10.339,-10.980,-9.922,-9.658,-8.493,-7.102,-6.783,-7.576,-5.147,-6.927,-9.377,-9.888,-7.161,-5.820,-7.271,-7.211,-3.615,-3.334,-4.319,-4.008,-2.985,0.000,-3.027,-6.508,-10.702,0.000,-5.615,-10.442,-5.882,-10.034,-10.215,-9.726,-7.529,-7.379,-10.347,-5.772,-5.926,-10.530,-12.425,-8.165,-7.251,-11.494,-10.253,-11.072,0.000,-10.532,-8.137,-4.327,-3.224,0.000,-2.994,-4.471,-3.703,-7.814,-10.331,0.000,-9.231,-11.933,-10.146,-5.985,-11.875,-9.264,-13.874,-7.216,-10.187,-10.671,-6.423,-12.678,-5.889,-10.392,-11.763,-9.299,-9.956,-7.494,-8.140,-10.449,-8.675,-6.400,-6.914,-5.973,0.000,-4.835,-4.482,0.000,-3.925,-4.488,-5.111,-4.261,-8.234,-7.365,-8.832,-5.208,-10.763,-7.487,-10.213,-10.344,-7.316,-6.685,-5.761,-3.688,-6.121,-7.883,-5.881,-6.747,-8.605,-7.608,-4.129,-6.715,-6.797,-6.579,-2.843,-2.583,-3.230,-3.555,-3.014,-3.804,-1.767,-4.699,-8.853,-8.615,-4.889,-8.013,-7.031,-12.281,-8.992,-10.873,-6.071,-8.245,-6.219,-7.097,-9.377,-7.847,-9.940,-8.285,-12.321,-9.576,-10.845,-10.680,-8.321,-9.945,-11.551,-3.597,-2.922,-4.942,-1.051,-5.938,-3.697,-7.589,-5.322,-4.149,-4.618,-3.931,-2.775,-3.884,-3.777,0.000,-2.948,-3.735,-4.375,-2.776,-4.344,-3.957,-3.848,-3.641,-4.677,-4.070,-2.592,-4.282,-3.802,-2.191,-3.702,-3.590,-3.044,-3.287,-4.556
Q,-10.122,-4.011,-3.485,-4.758,-4.556,-4.592,-4.611,-4.971,-6.998,-5.271,-7.517,-9.627,-12.497,-10.458,-10.190,-10.169,-9.789,-11.648,-9.807,-11.044,-9.482,-11.289,-13.767,-9.444,-14.197,-12.290,-10.807,-13.379,-8.297,-11.022,-11.888,-8.723,-2.228,-2.538,-4.254,-3.446,-8.205,-4.828,-5.803,-4.772,-3.632,-4.074,-3.686,-3.659,-3.580,-3.573,-3.299,-4.394,-3.378,-4.194,-2.969,-4.133,-5.142,-9.522,-12.993,-14.258,-4.828,-10.426,-12.084,-6.009,-3.092,-8.406,-10.147,-2.227,-11.539,-13.818,-9.697,-15.229,-10.771,0.000,-11.923,-9.399,-13.626,-10.149,-13.038,-14.251,-11.317,-10.060,-11.089,-9.270,-7.334,-9.928,-9.750,-8.472,-8.811,-8.386,-8.529,-4.006,0.000,-6.900,-2.626,-3.789,-3.733,-4.349,-2.781,-4.027,-3.479,-7.212,-10.274,-11.084,-6.253,-12.583,-9.135,-9.834,-11.802,-13.292,-8.485,-8.969,-10.841,-9.269,-10.156,-10.230,-14.864,-8.563,-9.357,-10.545,-10.458,-11.766,-11.113,-9.417,0.000,-4.188,-4.190,-4.120,-2.032,-3.551,-3.440,-8.655,-10.889,-5.198,-10.749,-13.557,-12.715,-6.468,-11.101,-11.064,-14.196,-7.861,-10.920,-11.952,-8.526,-12.927,-8.131,-12.370,-12.414,-9.886,0.000,-9.879,-8.170,-9.603,-12.064,-5.205,-5.004,-6.549,-4.764,-4.054,-3.824,-3.041,-3.503,-4.767,-4.720,-4.653,-8.730,-7.734,-9.328,-4.705,-10.490,-7.732,-9.336,-10.544,-8.768,-7.335,-6.121,-3.308,-8.131,-9.243,-5.316,-6.699,-9.692,-8.299,-4.687,-7.222,-6.844,-6.209,-2.529,-3.218,0.000,-4.308,-2.749,-3.727,-2.476,-4.714,-9.830,-8.497,-4.645,-10.155,0.000,-12.638,-10.316,-11.068,-9.936,-9.038,-9.406,-6.858,-9.162,-10.119,-10.393,-7.753,-12.982,-12.360,-10.708,-11.543,-8.939,-7.845,-11.820,-2.708,-4.250,-4.707,-1.711,-5.425,-3.274,-7.489,-4.455,-3.398,-2.068,-3.463,-2.916,0.000,-3.810,-3.549,-2.890,-3.334,-4.524,-2.614,-3.999,-4.086,-4.545,-3.937,-4.277,-4.087,-3.449,-4.185,-3.752,-2.369,0.000,-3.671,-2.676,0.000,-4.902
T,-9.295,-2.938,-3.281,-4.349,-4.102,-3.441,-4.190,-4.001,-6.368,-2.227,-4.717,-7.399,-9.584,-4.192,-3.645,-6.612,0.000,-5.011,-5.187,0.000,-2.745,-3.435,-7.155,-6.735,-12.054,-4.128,-4.455,-12.021,-6.179,-7.777,-7.547,-6.994,-2.310,-3.223,-5.294,-4.579,-6.914,-3.809,-5.724,-4.167,-3.146,-3.660,-1.553,-3.051,-2.322,-3.215,-2.777,-3.863,-3.115,-4.178,-1.931,-3.404,-7.340,-9.279,-10.284,-8.748,-2.905,-4.883,-10.343,-2.825,-3.225,-8.271,-9.209,-5.451,-6.177,-8.712,-6.828,-13.347,-8.046,-8.919,-5.864,-5.759,-8.599,-6.889,-5.213,-6.644,-7.463,-4.956,-3.674,-3.985,-3.899,-3.480,-4.119,-5.456,-6.539,-9.270,-8.589,-4.458,-6.943,-7.073,-3.506,-4.266,-5.010,-3.892,-3.221,-4.105,-3.351,-5.302,-6.982,-7.738,-3.717,-2.555,-3.078,-8.275,-4.829,-6.220,-6.589,-4.337,-5.831,-4.189,-4.913,-5.037,-10.566,-6.078,0.000,-7.804,-6.660,-9.257,-8.863,-9.780,-10.532,-3.008,0.000,-3.737,-3.577,-3.324,-1.922,-3.377,-13.082,-4.741,-4.699,-10.613,0.000,-3.639,-6.762,0.000,-11.180,-3.733,-5.102,-8.446,0.000,-7.428,0.000,-6.545,-7.513,-4.539,-10.427,-2.829,-3.922,-7.118,0.000,-5.249,-7.273,-3.813,-4.696,-3.288,-3.486,-2.963,-3.088,-5.184,-4.141,-3.524,-5.080,-5.277,-5.903,-1.401,-7.653,-4.375,-5.605,-5.463,-4.225,-2.769,-3.100,-3.672,0.000,-2.531,-2.810,-4.653,-4.893,-4.423,-1.486,-4.506,-4.120,-5.621,-2.622,-2.663,-3.019,-3.948,-2.964,-4.167,-1.935,-3.720,-6.057,-6.042,-1.780,-3.783,-6.791,-11.163,-2.780,-6.836,-4.410,-4.064,-4.128,-4.762,-7.624,-2.900,-8.424,-8.521,-7.075,0.000,-10.460,-6.023,-5.715,-10.038,-10.880,-3.937,-4.183,-1.921,-1.277,-3.471,-1.798,-5.399,-3.833,-2.937,-3.495,-3.666,-2.428,-3.387,-3.712,-3.242,-2.866,-3.473,-4.260,-2.438,-3.980,-3.891,-3.889,-3.824,-4.068,-3.600,-2.745,-3.967,-3.363,-1.889,-3.520,0.000,-2.540,-2.783,-4.442
S,-9.269,-2.627,-2.564,-3.573,-3.298,-3.432,0.000,-2.878,-6.056,-3.144,-5.031,-7.508,-9.085,-4.989,-3.418,-6.690,-2.506,-5.838,-5.362,-4.310,0.000,-4.399,-7.035,-8.086,-11.460,-6.686,-5.244,-11.763,-6.568,-10.226,-6.299,-8.131,-1.076,-2.519,-4.129,-4.622,-8.044,-3.663,-4.931,-4.237,-2.891,0.000,-2.164,-2.893,-2.661,-2.954,-2.661,-3.467,-2.809,-3.688,-2.209,-3.280,-7.033,-8.180,-11.470,0.000,-3.745,-5.208,-8.222,-3.764,-2.921,-7.609,-8.843,-4.595,0.000,-6.570,-8.565,-11.153,0.000,-9.796,-7.790,-7.315,-8.237,-8.246,-4.074,-5.311,-7.807,-5.096,-5.092,-5.091,-4.055,-5.784,-4.060,-6.472,-7.878,-9.140,-7.591,-4.516,-6.461,-7.600,-3.761,-3.514,-4.476,-3.383,-2.631,-3.218,-2.170,-5.466,-9.202,-6.835,-5.379,0.000,-1.575,-9.187,-4.825,-4.393,-5.846,-4.027,-6.448,-2.194,0.000,-5.669,-7.883,-7.863,-3.498,-8.924,-8.280,-7.286,-7.630,-8.108,-9.173,-3.341,-3.031,-3.219,-3.020,-3.667,-2.712,-5.495,-11.831,-4.896,-6.614,-7.768,-6.827,0.000,-8.525,-5.771,-12.223,-4.454,-6.445,-6.381,-4.756,-9.046,-3.992,-7.113,-7.625,-5.652,-11.072,-2.063,-4.399,-8.693,-6.368,-5.035,-6.966,-4.681,-2.355,-3.977,-3.452,-3.081,-3.166,-4.152,-4.151,-3.372,-5.643,-4.496,-7.281,-1.915,-7.884,-5.085,-5.844,-5.946,0.000,-2.928,0.000,-2.939,-3.830,-3.432,-3.273,-4.913,-5.867,-4.125,-1.389,-4.780,-4.081,-5.099,-2.447,-2.579,-2.669,0.000,-2.423,-3.494,-1.815,-4.887,-3.752,-5.239,-2.422,-3.200,-7.146,-10.749,-3.023,-8.569,-3.045,-5.406,-4.262,-6.789,-7.891,0.000,-7.964,-8.327,-6.036,-4.263,-9.571,-5.639,-6.782,-9.934,-10.427,-1.970,-2.704,-3.547,-0.432,-3.875,-2.310,-6.430,-3.753,-2.517,0.000,-3.088,-1.933,-2.756,-3.439,-2.803,-2.091,-2.698,0.000,-1.394,0.000,-2.566,0.000,-2.313,0.000,-2.704,-2.146,0.000,-2.341,-1.359,-2.742,-3.233,-2.210,-2.364,-3.890
C,-10.220,-3.071,-2.690,-3.853,-3.368,0.000,-2.923,-2.742,-4.801,-3.891,-4.663,-7.463,-11.386,-5.731,-4.590,-5.703,-4.456,-6.026,-5.278,-7.512,-4.538,-5.455,-9.494,-8.478,-10.515,-7.379,-6.656,-10.906,-6.768,-10.196,-8.711,-9.052,-4.106,-4.310,-6.662,-5.944,-8.250,-1.761,-7.104,-5.917,-3.105,-4.693,-3.676,-2.999,-1.023,-2.861,-2.976,-4.684,-3.747,-5.508,-2.677,-4.075,-8.088,-8.613,-12.000,-8.048,-6.493,-6.532,-10.059,-6.933,-3.751,-9.624,-11.203,-7.169,-9.750,0.000,-8.506,-11.789,-8.912,-10.709,-8.484,-4.644,-10.501,-8.927,-7.410,-7.960,-7.320,-5.534,-5.514,-4.935,-4.285,-5.986,-2.167,-5.946,-7.784,-8.761,-6.392,-4.929,-7.863,-7.543,-4.969,-6.039,-6.116,-4.518,-3.790,-5.735,-3.994,-6.607,-9.138,-8.840,-5.831,-6.040,-5.062,-8.612,-5.512,-5.498,-6.429,0.000,-6.383,-2.449,-2.156,-6.128,-9.643,-8.334,-5.136,-8.372,-8.118,-10.022,-8.395,-8.573,-11.567,-4.003,-4.650,-4.962,-6.819,-7.559,-6.471,-6.786,-13.304,-7.727,-7.840,-7.889,-9.215,-3.913,-8.844,-5.825,-10.954,-5.477,-5.001,-8.175,-5.327,-8.217,-3.726,0.000,-5.832,-6.275,-11.487,-4.950,-4.051,-9.858,-9.093,-2.943,-7.757,-6.253,-4.209,-5.580,-5.937,-3.966,-4.932,-6.529,-4.421,-4.641,-6.188,-5.461,-7.013,-1.092,-7.511,-4.300,-5.259,-5.688,-4.438,-3.503,-3.028,-2.965,-4.700,-4.730,0.000,-5.568,-6.503,-4.780,-2.207,-5.451,-5.013,-6.079,-4.033,-3.387,-4.355,-5.690,-3.602,-5.605,-4.648,-6.521,-6.474,-8.072,-2.693,-0.937,-8.347,-9.401,-3.752,-7.354,-2.274,-4.649,0.000,-6.343,-6.863,-3.806,-6.976,-7.691,-7.497,-6.209,-9.685,-7.699,-6.012,-10.693,-10.072,-3.668,-3.912,-3.906,-3.418,-2.076,-4.168,-6.930,-4.016,0.000,-4.283,-4.522,-3.584,-4.689,-5.252,-4.744,-4.070,-4.906,-5.755,-4.279,-6.126,-5.826,-5.952,-5.187,-6.244,-5.566,-4.615,-6.073,-4.604,-3.836,-5.040,-5.685,-4.372,-4.528,-5.215
G,-9.405,-2.304,0.000,-4.053,-3.582,-3.848,-3.729,-3.104,-6.986,-4.369,-5.072,-7.866,-11.239,-5.247,-4.284,-7.663,-2.184,-6.181,-6.846,-7.531,-5.153,-6.020,0.000,-9.512,-11.641,-7.807,-7.863,-13.322,-7.341,-11.520,-7.802,-10.397,-2.660,-3.613,-2.907,-4.768,-9.322,-5.881,-5.938,-5.007,-3.530,-4.097,-3.654,-3.167,-2.569,-2.812,-2.585,0.000,-2.845,-3.329,-2.496,-4.849,-8.225,-10.228,-13.658,-10.167,-6.071,-6.198,0.000,-5.202,-5.021,-9.437,-10.604,-5.506,-9.226,-8.905,-9.463,-13.924,-6.494,-10.524,-7.027,-6.986,-10.319,-8.505,-3.130,-5.849,-7.882,-5.824,-4.041,-3.898,-4.640,-7.615,-3.164,-7.185,-8.530,-9.243,-8.661,-3.888,-7.999,-9.168,-5.414,-4.349,-4.393,-4.205,-3.523,-4.965,-3.999,-4.974,-10.352,-9.750,-6.642,-5.623,0.000,-10.703,-5.765,-3.787,-3.425,-3.100,-7.595,-3.783,-4.920,-4.714,0.000,-8.928,-5.592,-10.027,-8.545,0.000,-10.027,-10.841,-9.173,-4.716,-3.541,-4.578,-4.158,-4.451,-4.369,-7.658,-12.950,-6.135,-8.143,0.000,-9.789,-0.811,-9.524,-7.040,-12.436,0.000,-6.616,0.000,-5.744,-9.125,-5.818,-7.966,-7.950,-6.912,-12.556,-5.474,-2.612,-10.779,-11.128,-6.808,-7.978,-5.977,-3.719,-5.151,-4.347,-2.760,-3.526,0.000,-5.290,-4.789,-7.867,0.000,-7.229,-2.667,-9.659,-5.461,-6.180,-7.711,-6.255,-4.029,-3.911,-4.134,-5.708,-5.076,-4.099,-4.925,-5.595,-3.974,-2.823,-3.650,-4.726,-6.031,-3.303,-3.095,-3.304,-4.140,-3.340,-4.434,-3.259,-5.541,-6.352,-7.593,-1.572,-5.218,-6.374,-10.260,0.000,-10.116,-5.451,-5.334,-5.613,-8.297,-9.189,-3.577,-8.452,-8.663,0.000,-8.791,-13.043,-7.214,-8.218,-10.203,-13.596,-1.675,-2.678,-6.240,-2.269,-5.789,-4.640,-7.984,-5.556,-4.211,-4.400,-3.969,-2.817,-3.702,-4.097,-3.174,-3.095,-3.972,-4.663,-2.928,-4.637,-4.024,-4.412,-3.727,-4.830,-4.441,-3.195,-4.182,-3.794,-2.754,-3.927,-4.260,-3.530,-3.744,-5.501
A,-8.884,-1.389,-3.660,-4.470,-4.162,-3.675,-3.870,-3.164,-6.230,-3.046,-3.839,-6.764,-9.792,-3.614,-3.526,-6.941,-2.693,-4.312,-4.935,-5.232,-2.145,0.000,-6.343,-7.284,-11.945,-4.992,-5.264,-12.364,-5.408,-8.265,0.000,-5.977,-1.382,-2.425,-4.596,-4.640,-6.676,-4.313,-5.744,-4.613,-3.507,-3.844,0.000,-3.256,-3.133,-3.324,-2.964,-4.128,-3.326,-4.273,-2.512,0.000,-6.242,-9.851,-10.392,-7.968,-5.105,0.000,-5.774,-3.783,-3.971,-7.316,-7.668,0.000,-7.855,-9.107,-6.463,-12.896,-6.109,-8.973,-6.095,-7.104,-9.564,-7.344,0.000,0.000,-7.169,-5.074,0.000,-3.189,-3.745,-5.342,0.000,-5.821,-6.633,-9.860,-8.125,-3.072,-7.181,-6.839,-3.570,-4.816,-5.332,-4.009,-3.405,-5.145,-4.551,-5.057,-8.015,-10.131,-5.700,-4.634,-2.026,-9.037,-4.867,0.000,-5.756,-4.246,-5.872,0.000,-3.737,-3.997,-8.491,-6.827,-3.963,-7.759,-6.872,-4.951,-9.387,-9.575,-9.683,-3.042,-3.590,-4.207,-2.912,-3.725,-2.563,-3.582,-11.900,-5.117,-4.789,-7.294,-4.147,-1.747,-7.561,-2.847,-10.953,-2.374,-4.460,-5.969,-4.271,-6.558,-2.743,-5.040,-7.074,-4.913,-11.235,0.000,0.000,-8.303,-9.011,-5.312,-7.906,-4.106,-2.352,-4.350,-4.522,-3.441,-3.427,-4.727,-4.413,-3.536,-4.513,-2.958,-5.925,-1.173,-8.753,-4.100,-5.144,-5.663,-4.577,0.000,-3.036,-2.717,-4.695,-3.678,-3.062,-4.183,-4.945,-3.713,-1.409,-4.077,-3.914,-5.600,-2.756,0.000,-3.672,-4.781,-2.822,-4.829,-2.895,-3.605,0.000,0.000,-0.664,-3.738,-5.679,-10.225,-1.676,-7.145,-1.826,-3.589,-3.306,-6.135,-7.601,-2.274,-7.337,-7.728,-4.249,-5.696,-10.445,0.000,-5.771,-9.639,-11.177,-2.590,-4.475,-2.885,-2.808,-4.105,-3.960,-5.757,-4.694,-3.256,-4.154,-4.227,-2.743,-3.881,-4.098,-3.604,-3.019,-3.981,-4.686,-3.044,-4.837,-4.339,-4.672,-4.125,-4.784,-4.117,0.000,-4.229,-3.759,-2.395,-3.998,-3.801,-2.949,-2.824,-3.962
V,-8.534,-2.627,-2.871,-3.740,-3.978,-2.543,-3.650,0.000,-4.994,-1.700,-2.650,-5.635,-10.051,-2.473,0.000,-5.870,-4.809,-3.418,-4.108,-8.075,-2.362,-4.000,-9.410,-5.469,-10.844,-3.420,0.000,-11.259,-4.491,-5.255,-7.478,0.000,-1.896,-2.984,-5.419,-3.387,-3.224,-3.061,-5.664,-4.156,-3.118,-3.692,-3.634,-3.421,-2.967,-3.185,-2.997,-3.985,0.000,-4.483,-2.227,-2.282,-6.654,-9.330,-7.416,-11.776,-4.136,-7.789,-10.134,-4.640,-2.865,-8.095,-8.584,-3.988,-11.366,-10.839,0.000,-12.200,-9.914,-8.179,0.000,-6.047,-11.470,-6.415,-8.442,-8.409,-6.295,-5.716,-3.906,-3.147,0.000,0.000,-3.938,0.000,-4.601,-9.838,-7.564,-3.226,-7.434,-4.835,-2.851,-5.594,-5.364,0.000,-3.591,-5.749,-4.278,-5.155,-4.616,-9.650,-3.851,-5.042,-5.325,-7.137,0.000,-7.683,-6.854,-4.977,-4.235,-8.092,-7.136,-3.934,-11.670,-5.989,-5.679,-5.154,-3.163,-9.638,-8.647,-8.951,-11.272,-2.372,-3.240,-4.484,-3.211,-3.404,-1.832,-2.458,-13.977,-4.465,0.000,-10.423,-6.872,-1.843,-5.014,-5.122,-9.121,-2.861,-3.786,-9.132,-3.510,-4.562,-5.684,-5.757,-6.315,-3.655,-11.222,-5.901,-1.823,-5.578,-9.633,-4.388,-8.586,0.000,-5.956,-3.513,-4.793,-3.770,-3.691,-5.796,-3.825,-3.950,0.000,-4.655,-4.335,0.340,-8.228,0.000,-3.765,-5.284,-5.881,-1.777,-1.559,-3.297,-4.032,-2.929,-3.419,0.000,0.000,-3.718,-2.095,-3.183,-3.107,-5.100,-2.695,-2.968,-3.531,-4.969,-2.915,-5.347,-2.544,-3.314,-7.406,-6.584,-0.180,0.000,-6.276,-9.538,-2.214,-4.371,0.000,-1.942,-3.131,-2.737,-6.421,-1.785,-6.579,-6.596,-7.156,-5.615,-9.331,-6.044,0.000,-8.903,-8.851,-4.911,-5.729,-0.386,-3.789,-2.088,-3.580,-3.165,0.000,-2.435,-3.439,-3.825,-2.522,-3.932,-3.137,-3.600,-2.944,-3.712,-4.505,-2.851,-5.197,-4.419,-4.611,-3.984,-4.900,-4.227,-3.257,-4.431,-3.173,-2.286,-3.808,-3.649,-2.627,-3.080,0.000
L,-8.473,-2.954,-2.034,-3.380,-3.632,-2.004,-2.992,-2.564,-2.843,-1.244,-2.370,0.000,-9.956,0.000,-2.743,-3.184,-5.172,0.000,-2.693,-8.410,-3.650,-3.691,-11.348,0.000,-9.563,-4.489,-7.200,-9.689,-3.034,-5.193,-9.249,-3.763,-1.635,-2.941,-5.039,-2.857,-4.423,0.000,-4.834,0.000,-2.688,-3.362,-3.343,-3.013,-2.553,-3.070,-2.891,-3.424,-3.005,-4.317,-2.231,-2.328,-7.035,-7.394,-7.503,-12.045,-3.867,-8.823,-12.001,-5.707,-0.670,-7.317,-8.509,-2.240,-11.236,-11.743,-3.451,-9.435,-9.927,-6.548,-5.233,-2.429,-13.281,-4.781,-10.350,-11.593,-5.261,0.000,-5.172,0.000,-2.398,-4.773,-4.845,-2.627,0.000,-8.288,-6.431,-3.264,-6.181,0.000,-2.560,-5.503,-4.859,-2.866,0.000,-5.686,-4.072,-5.776,0.000,-10.721,-4.591,-4.621,-6.385,0.000,-4.391,-6.855,0.000,-4.478,0.000,-9.491,-7.268,-3.548,-11.332,-4.016,-6.361,0.000,0.000,-11.443,-9.903,-8.174,-9.942,0.000,-4.000,-4.512,-3.928,-3.523,-2.705,-3.344,-12.401,-3.141,-6.010,-12.250,-9.711,-0.022,0.000,-7.535,-7.650,-3.995,-2.445,-10.052,-4.199,0.000,-5.264,-7.419,-4.547,-2.242,-8.380,-6.479,-3.263,0.000,-10.309,0.000,-7.631,-3.575,-6.613,-2.740,-4.538,-3.257,-3.350,-5.993,-3.377,-3.367,-3.341,-5.077,-4.261,1.947,-6.952,-1.467,-2.868,0.000,-5.129,-1.697,-1.446,-3.466,-3.902,0.000,-1.902,-2.278,-4.241,0.000,-1.388,-4.157,-3.589,0.000,-1.946,-2.964,-3.203,-5.054,-2.473,-4.417,-2.292,-4.308,-8.526,-6.974,-0.625,-4.548,-7.160,-8.856,-2.983,0.000,-5.211,-1.110,-1.374,-2.466,0.000,-2.047,-5.027,-5.875,-7.675,-5.553,-7.217,-6.618,-3.407,-7.767,-6.017,-4.587,-5.143,-0.798,-3.832,-1.812,-4.278,-4.401,-2.492,-1.434,-3.161,-3.928,-2.273,-3.613,-3.183,-3.508,-2.566,0.000,-4.161,-2.263,-4.847,-4.150,-4.517,0.000,-4.324,-3.845,-2.919,-4.578,-3.025,-1.772,-3.583,-2.970,-2.237,-3.028,-2.120
I,-8.645,-4.012,-3.032,-3.918,-4.409,-2.878,-4.029,-3.332,-5.229,-2.071,-2.955,-5.846,-10.726,-2.957,-3.414,-5.703,-5.814,-3.819,-4.194,-8.277,-3.464,-4.122,-10.939,-4.901,-10.948,0.000,-5.863,-11.166,-4.033,0.000,-8.555,-4.203,-2.361,-3.989,-6.182,-3.743,0.000,-3.647,-5.911,-4.394,-2.986,-3.712,-3.587,-3.519,-3.121,-3.405,-3.421,-4.372,-3.619,-4.759,-2.708,-2.012,-7.379,-7.646,0.000,-11.748,0.000,-9.597,-12.684,-5.177,-2.430,-8.770,-10.102,-4.315,-11.744,-11.719,-2.807,-12.401,-10.511,-8.594,-3.834,-5.558,-11.468,-5.561,-10.260,-10.765,-6.500,-6.114,-4.695,-3.737,-3.333,-3.211,-5.070,-2.684,-3.849,-9.768,-7.810,0.000,-7.377,-4.825,-3.237,-6.157,-6.033,-3.849,-4.112,-6.110,-4.340,-5.969,-4.227,-9.817,0.000,-5.321,-6.437,-6.508,-3.529,-8.577,-7.251,-4.816,-4.149,-9.764,-7.863,-4.191,-12.760,-6.969,-6.347,-5.012,-6.778,-12.058,-8.817,-9.430,-11.676,-4.038,-4.700,-5.277,-4.457,-3.738,-2.356,0.000,-14.251,-4.489,-4.826,-12.277,-9.938,-2.082,-5.189,-7.153,-7.663,-3.274,-3.606,-10.182,-4.111,-4.621,-5.657,-6.956,-6.074,0.000,-10.350,-6.683,-2.236,-4.472,-9.678,-4.071,-8.954,-3.526,-7.224,0.000,-5.278,-4.234,-4.191,-6.727,-3.930,-3.674,-3.192,-5.404,0.000,1.130,-8.377,-2.933,0.000,-4.609,-5.969,-1.426,-1.147,0.000,-3.394,-2.682,-3.388,-3.056,-3.111,-3.702,-2.472,-3.422,0.000,-4.947,-3.099,-3.188,-3.646,-5.345,0.000,-5.520,-2.658,-3.785,-8.574,-7.921,-0.267,-4.252,-7.317,-9.900,-2.044,-3.905,-4.040,-1.500,-2.680,-1.552,-5.917,-2.284,-6.684,-6.629,-7.890,-5.756,-9.538,-5.937,-2.825,-9.024,-8.267,-5.098,-5.943,-0.253,-3.793,-1.755,-3.867,0.000,-3.063,-2.331,-3.996,-4.158,-2.738,-4.255,-3.441,-3.968,-3.037,-3.959,-4.839,-3.049,-5.731,-5.074,-4.905,-4.199,-5.597,-4.854,-3.291,-5.378,-3.556,-2.439,-4.181,-3.914,-2.975,-3.436,-2.815
M,0.000,-3.046,-3.134,-4.306,-4.156,-3.325,-4.872,-4.814,-5.124,0.000,-5.082,-6.629,-12.331,-5.816,-5.662,-5.908,-6.556,-6.328,-5.760,-8.156,-4.649,-5.705,-10.937,-2.880,-11.895,-6.075,-7.615,-11.670,-5.097,-6.535,-9.541,-6.284,-2.852,-3.849,-6.188,-4.961,-7.160,-5.277,-7.190,-5.628,-4.663,-4.856,-4.492,-4.175,-3.941,-4.530,-4.364,-4.997,-4.557,-5.917,-3.387,-4.053,-8.521,-9.513,-9.719,-13.859,-5.188,-9.741,-12.222,-6.130,-3.210,-9.758,-11.026,-4.094,-12.430,-12.936,-5.878,-11.540,-10.535,-8.147,-6.396,0.000,-13.144,0.000,-9.872,-11.118,-7.055,-3.506,-5.533,-2.566,-4.151,-5.045,-5.645,-4.405,-5.797,-10.155,-8.627,-4.368,-7.822,-5.977,-3.847,-6.479,-6.317,-4.791,-5.074,-6.674,-5.785,-7.362,-6.228,-10.995,-5.972,-6.492,-6.916,-6.962,-6.750,-7.934,-5.758,-5.488,-5.844,-9.773,-8.673,-5.668,-12.231,0.000,-6.146,-6.128,-6.530,-11.687,-10.931,-8.686,-10.370,-4.432,-5.029,-5.470,-4.413,-4.310,-3.511,-5.082,-14.086,-4.550,-6.469,-12.315,-10.043,-1.394,-4.549,-7.667,-8.548,-4.894,-4.106,-10.262,-4.411,-6.236,-6.713,-7.199,-7.405,-3.591,-10.298,-7.057,-5.150,-6.162,-10.711,-4.883,-7.684,-3.545,-6.583,-3.288,-5.700,-3.823,-4.202,-6.142,-4.867,-4.321,-5.025,-6.197,-6.267,-0.879,-9.078,-3.724,-6.187,-6.244,-6.699,-4.365,-3.906,-4.596,-5.726,-5.573,-3.377,-3.260,-6.166,-5.617,-2.927,-5.300,-5.492,-5.548,0.000,-4.307,-4.518,-5.832,-3.968,-5.723,0.000,-5.075,-9.291,-8.687,-1.946,-5.942,-7.047,-9.990,-4.144,-5.615,-6.019,0.000,-4.067,-4.173,-6.559,-4.481,-7.231,-7.663,-8.191,-7.285,-9.554,-7.482,-5.660,-9.086,-9.014,-5.340,-6.043,-2.596,-4.715,-3.786,-4.887,-5.658,-4.437,-3.272,-4.505,-5.173,-3.606,-4.606,-4.017,-4.488,-3.959,-4.858,-5.659,-3.819,-5.812,-5.352,-5.475,-5.194,-5.344,-4.914,-3.779,-5.272,-4.525,-2.907,-4.736,-3.037,-3.389,-3.917,-3.703
P,-9.584,-3.100,-3.603,-4.610,-4.641,-3.838,-4.376,-4.247,-7.172,-4.817,-6.358,-8.461,0.000,-6.881,-4.641,-9.084,-7.476,-9.390,-9.052,-9.400,-3.498,-9.495,-12.465,-10.375,-14.630,-11.149,-10.372,-14.917,-11.323,-14.040,-13.390,-11.723,-7.930,-8.495,-7.367,-6.598,-8.118,-6.182,0.000,-4.848,-2.845,-3.506,-3.425,-3.548,-3.317,-3.118,0.000,-4.434,-3.279,-3.767,-2.497,-1.151,0.000,-10.940,-12.124,-11.889,-7.623,-10.242,-10.803,-7.141,-6.759,0.000,0.000,-4.974,-11.544,-12.058,-7.546,-14.464,-8.869,-11.348,-11.860,-10.165,-15.518,-11.404,-11.128,-12.049,-11.861,-8.678,-7.707,-11.007,-8.714,-8.086,-9.706,-9.847,-10.570,-12.250,-11.361,-9.106,-8.994,-10.372,-7.218,0.000,-5.319,-3.860,-3.634,-4.051,0.000,-6.732,-9.531,-12.540,-9.036,-7.237,-7.789,-12.047,-9.460,-8.984,-11.320,-8.185,-10.596,-9.440,-8.844,-9.641,-13.145,-10.620,-9.386,-13.073,-11.260,-11.131,-13.366,-12.656,-8.376,-4.939,-5.228,-5.442,-5.467,-3.042,-2.614,-4.816,-13.181,-10.528,-10.958,-12.746,-10.385,-6.678,-12.437,-10.607,-14.849,-4.885,-8.272,-12.026,-7.639,-11.256,-10.383,-11.287,-12.270,-10.322,-12.615,-9.690,-8.714,-11.791,-13.204,-8.069,-9.411,-7.630,-3.984,-4.095,-2.592,-3.103,-2.867,-6.083,-4.497,-4.855,-8.559,-5.341,-6.592,0.000,-11.603,-8.411,-7.441,-9.413,-7.526,-5.995,-4.859,-6.942,-6.639,-6.466,-3.959,-7.078,-7.363,-6.160,-3.936,-6.251,-3.708,-5.975,-3.460,-3.503,-2.690,-4.712,-3.285,-4.372,-2.104,-5.287,-7.791,-8.279,-4.541,-8.281,-9.590,-15.781,-7.912,-12.291,-8.827,-7.163,-8.570,-8.922,-11.971,-7.181,-12.778,-13.171,-11.433,-10.546,-14.792,-12.871,-8.870,-13.115,-12.785,-4.725,-5.773,-5.719,-2.134,-6.083,-5.056,-7.698,-4.823,-2.038,-4.382,-4.139,-1.949,-3.516,-3.675,-3.009,-2.166,-3.487,-3.596,-2.456,-3.737,-3.446,-3.816,-3.763,-3.831,-3.503,-3.050,-3.426,-3.241,-2.099,-3.559,-3.438,-2.852,-3.352,-4.351
Y,-10.664,-4.874,-3.953,-5.060,-5.093,-4.275,-3.926,-3.662,-4.928,-4.425,-4.791,-7.002,-13.000,-8.363,-8.289,-7.455,-7.442,-8.888,-6.411,-9.976,-7.901,-9.342,-13.805,-9.506,-10.350,-10.465,-11.548,0.000,-7.047,-9.635,-11.658,-7.938,-2.818,-2.119,-4.733,-4.509,-7.557,-4.383,-6.137,-5.316,-2.733,-4.266,-4.247,-4.343,-3.998,-4.123,-3.976,-4.710,-3.787,-5.259,-2.836,-2.353,-8.291,0.000,-11.488,-11.894,-4.787,-10.206,-12.322,-5.331,0.780,-9.282,-11.573,-5.766,-11.407,-10.685,-7.941,-9.714,-10.176,-11.576,-10.616,-10.087,-13.249,-10.002,-13.667,-13.878,-6.852,-9.223,-10.570,-6.238,-5.766,-8.535,-6.689,-6.763,-8.815,-9.001,-1.020,-5.109,-6.543,-6.636,-5.097,-5.417,-5.942,-4.048,-3.967,-5.896,-3.707,-6.354,-9.847,-10.728,-5.089,-10.910,-8.866,-8.276,-8.571,-10.520,-7.784,-7.823,-10.685,-9.548,-7.714,-7.259,-14.998,-11.509,-8.911,-9.823,-11.437,-12.152,-9.751,-7.479,-10.870,-4.550,-4.430,-3.057,-3.339,-4.503,-4.123,-7.361,-8.827,-2.798,-7.988,-13.526,-13.309,-3.265,-10.980,-9.161,-9.030,-6.164,-8.041,-11.964,-8.370,-11.171,-7.254,-10.933,-7.029,-9.640,-12.212,-9.061,-3.066,-10.503,-12.825,0.148,-7.866,-6.748,-4.920,-4.678,-5.619,-3.279,-4.099,-6.214,-3.509,-3.599,-7.514,-6.786,-5.136,-2.482,-11.675,-6.414,-8.197,-10.262,-7.790,-6.605,-5.207,-6.365,-7.226,-8.541,-5.185,-5.098,-7.189,-5.602,0.000,-5.603,-5.719,-4.803,-2.696,-2.819,-3.008,-4.904,-2.797,-4.271,-2.620,0.000,-8.767,-9.113,-4.349,-6.662,-9.596,-5.807,-8.018,-10.620,-9.649,-7.409,-8.335,-6.519,-5.776,-8.621,0.000,-3.902,-11.189,-9.544,-6.226,-10.212,-4.295,-9.643,-6.055,-2.458,-3.680,0.000,-3.159,0.000,-4.919,-6.994,-4.071,-3.480,-4.879,-4.427,0.000,-4.930,-4.902,-4.652,-3.754,-4.508,-5.324,-3.776,-5.670,-5.323,-5.440,-4.303,-5.684,-4.669,-4.116,-5.695,-4.465,0.000,-4.688,-4.970,-3.764,-4.162,-5.057
F,-9.795,-3.328,-2.795,-3.954,-4.444,-3.273,-3.671,-2.941,-3.524,-3.166,0.000,-4.192,-11.676,-4.869,-3.676,0.000,-3.667,-4.268,0.000,-7.894,-3.869,-5.130,-11.777,-5.458,-9.613,-6.737,-9.557,-4.774,0.000,-7.435,-10.536,-6.875,-2.830,-3.071,-5.370,-4.204,-6.420,-4.158,-5.904,-4.628,-3.188,-4.132,-4.268,-4.104,-3.894,-3.918,-4.040,-4.296,-3.772,-5.088,-3.086,-2.104,-8.030,-5.506,-10.162,-11.542,-5.362,-10.273,-12.264,-5.829,-0.654,-9.213,-11.296,-5.345,-11.177,-11.221,-4.829,0.000,-9.807,-8.322,-5.833,-5.798,-13.875,-7.036,-10.033,-11.608,0.000,-4.731,-6.915,-3.587,-3.571,-5.519,-4.716,-4.497,-6.327,-9.679,0.000,-4.646,-7.200,-5.957,-4.949,-6.344,-6.272,-3.744,-4.604,-6.503,-4.436,-6.099,-6.826,-11.504,-5.568,-5.266,-7.214,-4.725,-5.437,-4.273,-5.585,-4.978,-5.588,-8.454,-6.547,0.000,-11.003,-8.297,-6.933,-6.601,-8.752,-11.660,-9.443,0.000,-11.773,-4.894,-4.839,-3.815,-4.279,-5.002,-3.979,-5.952,-11.984,-3.934,-6.707,-11.594,-11.480,-0.566,-5.655,-7.342,0.000,-4.357,0.000,-10.718,-6.125,-5.628,-5.173,-7.617,-4.037,-4.439,-11.971,-7.429,-2.688,-7.633,-12.480,-1.824,-8.685,-5.931,-6.104,-3.642,-5.961,-4.002,-4.486,-7.080,-3.508,-3.654,-5.916,-5.590,-5.131,-0.196,-9.985,-2.605,-4.668,-5.451,-5.817,-2.687,-2.115,-5.018,-4.659,-4.515,-2.999,-3.016,-5.299,-4.180,-0.927,0.000,-4.263,-3.455,-2.386,-3.189,-3.072,-5.317,-3.186,-5.223,-3.316,-4.922,-7.812,-8.880,-2.464,-3.570,-9.698,-8.186,-3.413,-5.587,-6.699,-2.809,-4.292,0.000,-3.723,-3.355,-1.518,0.000,-8.107,-5.646,0.000,-7.984,-2.854,-9.168,0.000,-4.298,-5.218,-1.301,-4.321,-2.319,-4.959,-5.193,-2.895,-2.114,-4.454,-4.456,-3.017,-4.760,-4.303,-4.593,0.000,-4.455,-5.228,0.000,-6.016,-5.142,-5.462,-4.126,-6.026,-5.036,-3.894,-5.740,-3.932,-3.272,-4.545,-4.899,-3.712,-3.889,-3.595
W,-10.998,-3.933,-3.458,-4.131,-4.474,-3.319,-3.379,-3.443,0.000,-4.299,-4.137,-7.119,-14.003,-8.228,-7.081,-7.494,-7.292,-8.216,-3.520,-10.700,-6.484,-6.161,-12.560,-9.554,0.000,-10.642,-11.862,-10.720,-7.534,-8.638,-10.828,-9.227,-3.250,-4.524,-6.137,-5.017,-8.308,-5.433,-7.515,-5.840,-3.302,-2.587,-3.765,-5.395,-4.063,-4.449,-5.211,-5.402,-4.555,-5.639,-4.068,-4.225,-9.463,-8.978,-13.368,-13.191,-7.722,-11.639,-11.732,-7.113,-3.499,-10.085,-12.209,-6.491,-12.904,-12.199,-8.503,-10.363,-11.640,-11.971,-10.423,-9.633,-17.098,-9.875,-12.693,-14.961,-8.835,-8.571,-10.439,-8.377,-4.354,-9.118,-8.275,-7.141,-8.698,-9.224,-6.235,-6.426,-7.587,-7.445,-7.598,-6.680,-7.052,-4.895,-3.041,-6.621,-4.004,0.000,-9.081,-14.423,-6.204,-9.680,-9.734,-10.024,-5.948,-10.313,-9.242,-5.781,-9.664,-11.053,-5.819,-7.235,-12.653,-12.777,-9.631,-8.279,-12.063,-12.258,-12.823,-9.020,-12.648,-4.922,-5.514,-5.391,-5.485,-5.358,-4.703,-7.570,-13.751,-5.795,-7.718,-11.483,-14.328,-4.325,-10.349,-11.439,-12.143,-6.662,-8.620,-11.838,-9.122,-10.672,-11.258,-12.158,0.000,-8.803,-14.596,-9.045,-3.757,-11.259,-14.296,-1.205,-5.833,-7.648,-6.652,-2.669,-6.231,-3.639,-4.280,-6.325,-3.541,-3.175,-7.380,-7.077,-5.412,-2.322,-10.262,-5.508,-7.761,-9.188,-6.642,-4.996,-4.767,-6.683,-7.337,-8.483,-5.419,-6.299,-8.204,-7.466,-5.881,-7.125,-6.788,-6.434,-3.256,-3.979,-3.639,-5.836,-3.641,-4.987,-4.354,-5.136,-10.025,-9.789,-4.586,-6.446,-11.203,0.000,-7.930,-10.242,-9.915,-7.244,-7.671,-8.526,-9.890,-8.038,-8.254,-8.718,-10.111,-10.661,-9.560,-11.166,-5.753,-11.047,-9.813,-3.897,-5.855,-5.658,-4.968,-5.512,-6.396,-8.809,-5.388,-5.096,-5.874,-6.127,-4.624,-5.765,-5.729,-5.938,-5.115,-5.717,-6.941,-5.449,-7.035,-7.153,-7.265,-6.227,-7.108,-6.606,-5.826,-7.247,-5.932,-4.889,-5.857,-6.264,-5.686,-5.484,-6.187
