,M 1,A 2,L 3,R 4,S 5,I 6,K 7,S 8,I 9,A 10,G 11,S 12,C 13,L 14,C 15,S 16,R 17,Q 18,R 19,R 20,C 21,G 22,S 23,S 24,A 25,A 26,I 27,F 28,P 29,E 30,G 31,I 32,F 33,R 34,C 35,L 36,S 37,P 38,K 39,F 40,G 41,Q 42,E 43,F 44,P 45,E 46
K,-8.912,-3.787,-3.924,-3.766,-3.662,-3.082,0.000,-3.409,-3.447,-4.185,-3.949,-4.137,-3.412,-4.464,-2.790,-4.322,-4.275,-3.025,-3.911,-4.264,-3.101,-3.979,-3.865,-4.331,-4.360,-3.880,-3.893,-3.893,-4.256,-3.590,-3.181,-3.929,-3.861,-4.294,-2.655,-4.157,-4.042,-3.326,0.000,-2.669,-4.038,-3.035,-2.777,-3.024,-4.086,-3.475
R,-8.663,-3.229,-3.359,0.000,-3.113,-2.266,-2.145,-3.188,-2.661,-3.494,-3.367,-3.233,-2.304,-2.983,-2.078,-3.032,0.000,-2.104,0.000,0.000,-2.323,-2.943,-3.221,-3.582,-3.771,-3.481,-2.920,-3.055,-3.353,-3.023,-3.044,-3.070,-3.050,0.000,-2.057,-3.478,-3.578,-2.695,-2.565,-2.813,-2.827,-2.514,-2.756,-3.104,-3.318,-3.057
H,-10.157,-4.563,-4.687,-4.585,-4.550,-4.037,-3.619,-4.778,-4.093,-4.668,-4.748,-4.552,-3.776,-4.377,-3.491,-4.324,-4.664,-3.521,-4.650,-4.507,-3.508,-4.278,-4.576,-4.837,-5.136,-5.176,-4.212,-4.212,-4.499,-4.066,-4.696,-4.250,-4.259,-4.118,-3.255,-4.721,-4.599,-4.298,-3.593,-4.063,-4.078,-3.883,-3.778,-4.280,-4.345,-4.177
E,-9.235,-4.327,-3.944,-4.284,-3.993,-3.034,-3.384,-3.938,-3.447,-4.496,-4.076,-4.382,-3.386,-4.628,-3.148,-4.359,-4.269,-3.468,-4.385,-4.643,-3.310,-4.319,-4.080,-4.162,-4.303,-3.791,-3.624,-3.938,-4.243,0.000,-3.713,-3.953,-3.934,-4.333,-3.049,-4.308,-4.416,-3.127,-2.761,-3.320,-4.023,-3.156,0.000,-3.758,-4.008,0.000
D,-9.613,-4.466,-4.066,-4.427,-4.447,-3.610,-3.451,-4.420,-3.694,-4.541,-4.245,-4.372,-3.347,-4.341,-3.412,-4.393,-4.339,-3.605,-4.528,-4.498,-3.360,-4.293,-4.204,-4.275,-4.586,-4.387,-3.552,-4.037,-4.309,-3.408,-4.274,-3.739,-4.085,-4.038,-3.164,-4.396,-4.567,-3.734,-2.758,-3.706,-4.198,-3.494,-3.363,-4.161,-4.188,-3.612
N,-9.624,-4.076,-4.323,-4.184,-4.179,-3.907,-3.585,-3.956,-4.051,-4.403,-4.364,-4.244,-3.688,-4.451,-3.330,-4.532,-4.600,-3.208,-4.205,-4.392,-3.311,-4.197,-4.143,-4.714,-4.883,-4.661,-4.085,-4.167,-4.642,-3.739,-3.773,-3.973,-4.258,-4.386,-2.977,-4.484,-4.146,-4.187,-3.365,-3.064,-4.202,-3.509,-2.739,-3.231,-4.450,-3.859
Q,-9.478,-4.225,-4.352,-4.217,-3.964,-3.226,-3.367,-4.161,-3.545,-4.326,-4.347,-4.416,-3.707,-4.385,-3.073,-4.135,-4.402,0.000,-4.390,-4.488,-3.167,-4.060,-4.255,-4.381,-4.493,-4.195,-4.065,-3.963,-4.040,-3.588,-3.773,-4.310,-4.040,-4.178,-2.966,-4.314,-4.343,-3.484,-3.512,-3.519,-3.817,0.000,-3.590,-3.941,-3.979,-3.751
T,-8.710,-3.813,-4.065,-3.984,-4.096,-3.143,-3.201,-3.738,-3.114,-3.807,-3.884,-4.177,-3.135,-4.210,-2.913,-4.349,-4.294,-3.205,-4.128,-4.399,-2.791,-3.918,-4.188,-4.017,-4.197,-4.232,-3.616,-3.786,-3.875,-3.080,-3.527,-3.901,-3.958,-4.102,-2.908,-4.507,-4.158,-3.689,-3.269,-2.748,-3.853,-3.006,-3.110,-3.299,-3.667,-3.689
S,-8.418,-3.300,-3.276,-3.226,0.000,-2.522,-2.134,0.000,-2.486,-2.947,-3.077,0.000,-2.332,-3.058,-2.213,0.000,-3.357,-2.294,-3.542,-3.476,-2.209,-2.785,0.000,0.000,-3.489,-3.594,-2.850,-2.930,-3.089,-2.452,-3.156,-3.127,-2.948,-3.123,-2.267,-3.395,0.000,-3.099,-2.528,-2.526,-2.709,-2.622,-2.585,-2.911,-3.041,-3.002
C,-9.633,-4.610,-4.288,-4.423,-4.473,-3.653,-3.176,-4.844,-3.804,-4.311,-4.294,-4.191,0.000,-3.778,0.000,-4.058,-4.264,-3.105,-4.454,-4.259,0.000,-3.803,-4.225,-4.634,-4.819,-4.833,-3.842,-3.995,-4.437,-3.697,-4.655,-4.046,-3.934,-4.007,0.000,-4.432,-4.498,-4.180,-3.537,-4.064,-3.723,-3.929,-3.831,-4.313,-4.415,-4.001
G,-8.702,-3.830,-3.318,-3.856,-3.710,-2.275,-2.548,-3.596,-2.685,-3.893,0.000,-3.636,-2.400,-3.436,-2.795,-3.575,-3.551,-2.880,-3.875,-3.905,-2.736,0.000,-3.526,-3.491,-3.761,-3.276,-2.665,-3.605,-3.612,-2.795,0.000,-3.121,-3.366,-3.604,-2.607,-3.767,-4.256,-2.668,-2.465,-3.130,0.000,-2.651,-2.961,-3.735,-3.538,-3.056
A,-8.282,0.000,-3.283,-3.471,-3.668,-2.400,-2.360,-3.373,-2.336,0.000,-3.094,-3.621,-2.369,-3.534,-2.424,-3.765,-3.519,-2.861,-3.773,-3.858,-2.316,-3.351,-3.567,-3.098,0.000,0.000,-2.670,-3.226,-3.313,-2.187,-3.259,-3.274,-3.370,-3.500,-2.605,-3.937,-3.823,-2.964,-2.374,-2.726,-3.385,-2.476,-2.876,-3.309,-3.256,-2.854
V,-8.756,-3.820,-3.733,-3.812,-3.956,-2.907,-2.890,-3.866,-3.026,-4.169,-3.507,-3.900,-2.657,-4.150,-2.813,-4.111,-3.751,-3.041,-4.138,-4.083,-3.136,-3.737,-3.782,-3.775,-4.113,-3.852,-2.993,-3.644,-3.936,-3.092,-3.697,-3.384,-3.791,-3.725,-2.880,-4.137,-4.033,-3.292,-2.548,-3.335,-3.507,-3.094,-2.916,-3.477,-3.761,-3.078
L,-7.230,-3.128,0.000,-3.152,-3.221,-2.450,-2.199,-3.459,-2.643,-3.447,-3.156,-3.296,-2.230,0.000,-2.130,-3.257,-3.197,-2.225,-3.568,-3.330,-2.534,-2.860,-3.317,-3.487,-3.654,-3.517,-2.825,-2.782,-3.245,-2.933,-3.166,-2.949,-3.007,-2.930,-2.150,0.000,-3.088,-2.800,-2.326,-2.921,-2.409,-2.699,-2.400,-2.897,-3.024,-2.761
I,-9.015,-3.653,-3.875,-3.675,-3.876,0.000,-3.072,-3.729,0.000,-4.053,-3.667,-3.783,-2.870,-4.024,-2.796,-4.240,-4.023,-2.916,-3.964,-3.914,-3.037,-3.630,-3.707,-3.996,-4.331,-4.200,0.000,-3.852,-3.995,-3.505,-3.498,0.000,-3.924,-3.747,-2.719,-3.995,-3.946,-3.790,-2.897,-2.988,-3.642,-3.139,-2.486,-3.098,-3.899,-3.447
M,0.000,-5.074,-5.040,-5.276,-5.074,-4.174,-4.562,-5.017,-4.259,-5.412,-5.039,-5.374,-4.150,-5.731,-4.052,-5.320,-5.084,-4.034,-5.170,-5.547,-4.247,-5.210,-5.220,-5.094,-5.362,-5.136,-4.825,-4.767,-4.969,-4.622,-4.487,-5.113,-4.997,-5.287,-3.966,-5.779,-4.839,-4.546,-4.559,-4.227,-4.650,-4.145,-4.146,-4.241,-4.836,-4.767
P,-8.648,-3.512,-4.100,-3.720,-4.061,-2.894,-2.686,-3.791,-2.781,-3.537,-3.791,-4.241,-2.783,-3.819,-2.608,-4.026,-3.877,-3.099,-4.163,-4.093,-2.706,-3.535,-4.274,-3.640,-3.799,-4.104,-3.308,-3.394,0.000,-2.906,-3.713,-3.905,-3.655,-3.487,-2.660,-4.071,-3.815,0.000,-2.864,-2.986,-3.000,-2.838,-3.177,-3.550,0.000,-3.331
Y,-9.978,-4.639,-4.713,-4.738,-4.623,-4.298,-3.871,-4.900,-4.493,-4.687,-4.819,-4.627,-3.946,-4.745,-3.742,-4.616,-4.845,-3.621,-4.757,-4.747,-3.821,-4.505,-4.610,-5.064,-5.237,-5.215,-4.328,-4.464,-4.619,-4.188,-4.801,-4.298,-4.378,-4.252,-3.498,-4.811,-4.503,-4.500,-3.701,-4.140,-4.213,-4.130,-3.565,-4.344,-4.485,-4.260
F,-9.167,-3.854,-3.930,-3.578,-3.984,-3.493,-2.535,-4.305,-3.417,-3.811,-3.686,-3.663,-2.734,-3.602,-2.804,-3.927,-3.855,-2.794,-4.255,-3.761,-3.105,-3.302,-3.699,-4.111,-4.231,-4.161,-3.303,0.000,-3.664,-3.247,-3.793,-2.968,0.000,-3.294,-2.596,-3.447,-3.474,-3.749,-2.666,0.000,-2.982,-3.216,-2.608,0.000,-3.694,-3.145
W,-10.561,-5.121,-4.859,-5.242,-4.775,-3.707,-3.835,-5.165,-4.371,-5.151,-5.059,-5.100,-3.982,-4.871,-4.120,-4.670,-4.763,-3.732,-5.055,-5.170,-4.339,-4.785,-5.098,-5.466,-5.478,-5.115,-4.701,-4.646,-4.954,-4.679,-4.891,-4.994,-4.519,-5.059,-4.007,-5.423,-5.095,-4.361,-4.322,-4.854,-4.187,-4.437,-4.716,-4.938,-4.883,-4.742
