,M 1,W 2,R 3,D 4,S 5,L 6,C 7,A 8,A 9,A 10,G 11,Y 12,A 13,L 14,G 15,A 16,G 17,T 18,R 19,L 20,R 21,S 22,V 23,L 24,S 25,S 26,R 27,K 28,L 29,Q 30,P 31
K,-7.841,-2.846,-4.530,-3.374,-4.449,-4.911,-3.483,-5.044,-5.231,-5.073,-4.916,-2.954,-4.989,-4.688,-4.440,-4.593,-4.560,-3.672,-4.598,-4.291,-4.573,-4.323,-3.984,-4.398,-4.238,-4.176,-4.069,0.000,-3.293,-3.342,-3.662
R,-6.241,-1.722,0.000,-1.921,-3.029,-3.309,-2.226,-3.752,-4.080,-3.836,-3.412,-1.674,-3.344,-3.346,-3.105,-3.526,-3.380,-2.437,0.000,-3.206,0.000,-3.148,-2.717,-3.183,-3.063,-3.138,0.000,-1.895,-3.014,-2.523,-2.747
H,-7.905,-3.100,-4.635,-3.350,-4.798,-4.812,-3.430,-5.123,-5.496,-5.053,-4.802,-2.992,-5.013,-4.442,-4.203,-4.813,-4.664,-3.907,-4.567,-4.530,-4.523,-4.389,-4.209,-4.554,-4.333,-4.423,-4.689,-3.280,-4.378,-3.728,-4.037
E,-7.348,-2.819,-4.720,-3.249,-3.928,-4.604,-3.185,-4.716,-4.930,-4.798,-4.590,-2.403,-4.655,-4.274,-4.236,-4.457,-4.272,-3.308,-4.278,-4.355,-4.552,-4.116,-3.951,-4.434,-4.310,-4.023,-3.971,-3.214,-3.671,-3.627,-3.827
D,-7.663,-3.003,-4.649,0.000,-4.238,-4.502,-3.174,-4.676,-4.973,-4.711,-4.520,-2.511,-4.812,-4.076,-4.204,-4.540,-4.480,-3.778,-4.417,-4.661,-4.511,-4.174,-4.163,-4.469,-4.343,-4.282,-4.360,-3.399,-4.194,-4.039,-4.028
N,-8.231,-3.283,-4.788,-3.526,-4.936,-5.119,-3.757,-5.138,-5.537,-5.070,-5.113,-3.131,-5.302,-4.762,-4.682,-4.786,-4.967,-4.200,-5.046,-4.796,-4.927,-4.592,-4.450,-4.747,-4.603,-4.612,-4.711,-3.632,-4.159,-3.784,-4.079
Q,-7.583,-2.659,-4.346,-3.179,-4.473,-4.752,-3.235,-4.965,-5.186,-4.917,-4.716,-2.773,-4.725,-4.464,-4.058,-4.629,-4.329,-3.443,-4.364,-4.224,-4.382,-4.043,-3.929,-4.328,-4.078,-4.079,-4.165,-3.117,-3.758,0.000,-3.717
T,-7.138,-2.544,-4.162,-2.872,-3.795,-4.106,-2.715,-4.346,-4.548,-4.290,-4.056,-1.910,-4.324,-3.759,-3.693,-4.110,-3.901,0.000,-3.734,-4.021,-3.971,-3.819,-3.457,-3.883,-3.957,-3.931,-3.958,-2.744,-3.602,-2.979,-3.516
S,-6.585,-2.092,-3.715,-2.156,0.000,-3.454,-2.321,-3.726,-3.997,-3.694,-3.473,-1.591,-3.630,-3.325,-3.136,-3.576,-3.363,-2.784,-3.321,-3.472,-3.331,0.000,-2.838,-3.259,0.000,0.000,-3.431,-2.143,-3.376,-2.524,-3.101
C,-7.169,-3.280,-4.824,-2.857,-4.086,-4.335,0.000,-4.172,-4.908,-4.555,-4.370,-2.408,-4.489,-4.153,-4.031,-4.254,-4.427,-3.548,-4.357,-4.445,-4.225,-4.351,-3.967,-4.301,-4.328,-4.348,-4.626,-3.120,-4.728,-3.746,-4.229
G,-6.367,-2.267,-4.014,-2.313,-2.868,-3.277,-2.049,-3.612,-3.756,-3.684,0.000,-1.455,-3.364,-3.123,0.000,-3.605,0.000,-2.680,-3.153,-3.730,-3.489,-3.552,-3.096,-3.667,-3.641,-3.304,-3.433,-2.453,-3.542,-3.371,-3.190
A,-6.226,-1.797,-3.573,-2.029,-2.477,-3.079,-1.646,0.000,0.000,0.000,-3.064,-0.639,0.000,-2.658,-2.838,0.000,-2.871,-2.481,-2.800,-3.505,-3.044,-3.128,-2.742,-3.288,-3.241,-3.227,-3.394,-2.094,-3.223,-2.677,-2.962
V,-6.731,-2.440,-4.191,-2.522,-2.862,-3.703,-2.430,-4.023,-4.084,-4.020,-3.633,-1.498,-3.812,-3.564,-3.541,-3.941,-3.490,-2.902,-3.192,-4.076,-3.400,-3.870,0.000,-3.921,-3.816,-3.689,-3.795,-2.644,-3.753,-3.210,-3.500
L,-6.091,-1.746,-3.365,-1.895,-2.596,0.000,-1.867,-3.730,-3.865,-3.643,-3.267,-1.293,-3.304,0.000,-2.921,-3.558,-3.005,-2.252,-2.767,0.000,-2.647,-3.288,-2.783,0.000,-3.104,-3.220,-3.297,-2.065,0.000,-2.392,-3.048
I,-7.636,-3.132,-4.355,-3.053,-3.739,-4.412,-3.017,-4.554,-4.888,-4.668,-4.273,-2.284,-4.628,-4.317,-4.117,-4.374,-4.204,-3.624,-4.115,-4.529,-3.991,-4.375,-3.900,-4.311,-4.201,-4.363,-4.392,-3.340,-4.292,-3.625,-3.910
M,0.000,-3.696,-5.215,-3.898,-4.499,-5.559,-3.881,-5.399,-5.538,-5.602,-5.214,-2.972,-5.309,-5.210,-4.876,-5.162,-4.815,-4.048,-4.607,-4.939,-4.886,-4.986,-4.509,-5.165,-5.029,-4.842,-4.860,-3.825,-4.678,-3.895,-4.674
P,-6.833,-2.190,-3.837,-2.753,-3.943,-3.893,-2.365,-4.384,-4.527,-4.289,-3.934,-1.984,-4.098,-3.640,-3.338,-4.304,-3.861,-3.420,-3.588,-4.028,-3.668,-3.628,-3.207,-3.687,-3.627,-3.753,-3.853,-2.367,-3.418,-2.825,0.000
Y,-8.048,-3.783,-5.262,-3.332,-4.429,-5.215,-3.652,-4.417,-5.656,-5.218,-4.926,0.000,-5.191,-4.951,-4.429,-4.688,-4.764,-3.960,-4.710,-4.728,-4.648,-4.599,-4.545,-4.867,-4.718,-4.743,-4.972,-3.757,-4.918,-4.090,-4.516
F,-7.703,-3.346,-4.590,-3.020,-3.740,-4.434,-3.186,-4.135,-4.951,-4.687,-4.299,-2.300,-4.305,-4.438,-3.950,-4.343,-4.228,-3.682,-4.094,-4.615,-3.796,-4.384,-3.905,-4.277,-4.179,-4.462,-4.474,-3.234,-4.747,-3.591,-4.091
W,-7.763,0.000,-4.957,-3.123,-3.841,-4.897,-3.749,-4.960,-5.564,-5.496,-5.021,-3.194,-4.625,-5.200,-4.698,-5.000,-4.672,-3.648,-4.538,-4.510,-4.617,-4.913,-4.097,-4.852,-4.881,-4.540,-4.681,-3.450,-4.752,-4.030,-4.694
