,M 1,T 2,P 3,V 4,R 5,M 6,Q 7,H 8,S 9,L 10,A 11,G 12,Q 13,T 14,Y 15,A 16,V 17,P 18,L 19,I 20,Q 21,P 22,D 23,L 24,R 25,R 26,E 27,E 28,A 29,V 30,Q 31,Q 32,M 33,A 34,D 35,A 36,L 37,Q 38,Y 39,L 40,Q 41,K 42,V 43,S 44,G 45,D 46,I 47,F 48,S 49,R 50,I 51,S 52,Q 53,Q 54,V 55,E 56,Q 57,S 58,R 59,S 60,Q 61,V 62,Q 63,A 64,I 65,G 66,E 67,K 68,V 69,S 70,L 71,A 72,Q 73,A 74,K 75,I 76,E 77,K 78,I 79,K 80,G 81,S 82,K 83,K 84,A 85,I 86,K 87,V 88,F 89,S 90,S 91,A 92,K 93,Y 94,P 95,A 96,P 97,E 98,R 99,L 100,Q 101,E 102,Y 103,G 104,S 105,I 106,F 107,T 108,G 109,A 110,Q 111,D 112,P 113,G 114,L 115,Q 116,R 117,R 118,P 119,R 120,H 121,R 122,I 123,Q 124,S 125,K 126,H 127,R 128,P 129,L 130,D 131,E 132,R 133,A 134,L 135,Q 136,E 137,K 138,D 139,F 140,P 141,V 142,C 143,V 144,S 145,T 146,K 147,P 148,E 149,P 150,E 151,D 152,D 153,A 154,E 155,E 156,G 157,L 158,G 159,G 160,L 161,P 162,S 163,N 164,I 165,S 166,S 167,V 168,S 169,S 170,L 171,L 172,L 173,F 174,N 175,T 176,T 177,E 178,N 179,L 180,G 181,K 182,K 183,Y 184,V 185,F 186,L 187,D 188,P 189,L 190,A 191,G 192,A 193,V 194,T 195,K 196,T 197,H 198,V 199,M 200,L 201,G 202,A 203,E 204,T 205,E 206,E 207,K 208,L 209,F 210,D 211,A 212,P 213,L 214,S 215,I 216,S 217,K 218,R 219,E 220,Q 221,L 222,E 223,Q 224,Q 225,V 226,P 227,E 228,N 229,Y 230,F 231,Y 232,V 233,P 234,D 235,L 236,G 237,Q 238,V 239,P 240,E 241,I 242,D 243,V 244,P 245,S 246,Y 247,L 248,P 249,D 250,L 251,P 252,G 253,I 254,T 255,N 256,D 257,L 258,M 259,Y 260,I 261,A 262,D 263,L 264,G 265,P 266,G 267,I 268,A 269,P 270,S 271,A 272,P 273,G 274,T 275,I 276,P 277,E 278,L 279,P 280,T 281,F 282,H 283,T 284,E 285,V 286,A 287,E 288,P 289,L 290,K 291,V 292,D 293,L 294,Q 295,D 296,G 297,V 298,L 299,T 300,P 301,P 302,P 303,P 304,P 305,P 306,P 307,P 308,P 309,P 310,A 311,P 312,E 313,V 314,L 315,A 316,S 317,A 318,P 319,P 320,L 321,P 322,P 323,S 324,T 325,A 326,A 327,P 328,V 329,G 330,Q 331,G 332,A 333,R 334,Q 335,D 336,D 337,S 338,S 339,S 340,S 341,A 342,S 343,P 344,S 345,V 346,Q 347,G 348,A 349,P 350,R 351,E 352,V 353,V 354,D 355,P 356,S 357,G 358,G 359,R 360,A 361,T 362,L 363,L 364,E 365,S 366,I 367,R 368,Q 369,A 370,G 371,G 372,I 373,G 374,K 375,A 376,K 377,L 378,R 379,S 380,M 381,K 382,E 383,R 384,K 385,L 386,E 387,K 388,K 389,Q 390,Q 391,K 392,E 393,Q 394,E 395,Q 396,V 397,R 398,A 399,T 400,S 401,Q 402,G 403,G 404,H 405,L 406,M 407,S 408,D 409,L 410,F 411,N 412,K 413,L 414,V 415,M 416,R 417,R 418,K 419,G 420,I 421,S 422,G 423,K 424,G 425,P 426,G 427,A 428,G 429,E 430,G 431,P 432,G 433,G 434,A 435,F 436,A 437,R 438,V 439,S 440,D 441,S 442,I 443,P 444,P 445,L 446,P 447,P 448,P 449,Q 450,Q 451,P 452,Q 453,A 454,E 455,E 456,D 457,E 458,D 459,D 460,W 461,E 462,S 463
K,-8.191,-1.243,-4.053,-3.874,-3.515,-1.951,-3.689,-3.723,-5.031,-5.840,-4.655,-5.155,-4.559,-5.704,-8.813,-4.664,-7.907,-9.608,-6.266,-11.049,-5.184,-7.456,-8.939,-11.101,-4.281,-4.547,-10.449,-9.696,-6.538,-12.718,-8.708,-11.399,-9.924,-13.716,-9.823,-12.632,-15.500,-6.034,-7.209,-17.235,-6.778,0.000,-12.983,-9.564,-8.111,-8.521,-12.681,-14.592,-4.566,-5.843,-15.070,-10.433,-5.078,0.764,-13.112,-3.239,-3.375,-2.218,-5.280,-3.560,-3.301,-10.446,-4.354,-2.193,-11.195,-0.524,-5.981,0.000,-12.853,-6.579,-8.846,-14.655,-4.086,-9.023,0.000,-12.444,-6.047,0.000,-11.477,0.000,-12.799,-9.369,0.000,0.000,-13.583,-12.155,0.000,-14.022,-16.543,-7.625,-11.386,-12.817,0.000,-13.089,-12.696,-9.044,-10.489,-5.778,-3.080,-6.242,-4.416,-2.992,-5.027,-2.186,-5.316,-5.429,-8.113,-3.921,-4.882,-5.223,-4.176,-3.163,-4.458,-4.109,-4.871,-4.229,-4.071,-3.876,-4.121,-4.096,-2.617,-3.775,-2.619,-3.958,-3.298,0.000,-3.255,-3.518,-4.338,-4.390,-4.080,-3.777,-3.280,-4.307,-6.983,-3.709,-3.985,0.000,-4.726,-3.561,-3.871,-4.415,-2.170,-4.181,-3.765,-3.157,0.000,-4.246,-3.494,-4.172,-4.138,-3.665,-2.781,-3.609,-4.410,-4.934,-3.662,-5.824,-4.197,-2.882,-6.031,-4.688,-3.635,-6.003,-7.964,-5.450,-8.351,-9.197,-9.255,-7.463,-12.949,-12.677,-8.826,-11.178,-6.454,-3.735,-3.608,-5.991,-2.764,-5.958,-4.305,0.000,0.000,-9.727,-3.686,-7.607,-7.739,-9.769,-9.960,-9.047,-4.257,-4.955,-3.706,-3.310,-3.792,0.000,-1.781,-2.170,-0.440,-2.066,-4.326,-2.123,-3.336,-2.343,-1.957,-1.732,-3.048,0.000,-3.826,-1.914,-2.862,-1.674,-5.275,-3.812,-3.769,-2.766,-4.144,0.000,-3.189,-3.553,-3.213,-4.143,-4.327,-3.494,-3.857,-3.466,-4.216,-5.181,-4.091,-4.535,-5.934,-9.073,-7.593,-9.949,-6.611,-13.889,-7.579,-5.271,-9.734,-11.854,-7.715,-14.626,-8.847,-9.775,-13.034,-7.578,-8.765,-17.890,-10.763,-8.507,-17.695,-12.144,-11.301,-13.738,-7.206,-5.723,-7.599,-7.495,-2.946,-4.556,-7.410,-6.181,-6.908,-9.649,-7.095,-7.980,-6.933,-5.666,-5.886,-6.980,-5.687,-6.801,-6.949,-6.231,-5.371,-6.637,-7.747,-7.707,-8.026,-7.263,-5.956,-6.996,-4.374,-5.392,-5.976,-5.416,-4.586,-6.490,-5.653,-5.297,0.000,-4.801,-5.956,-4.991,-4.313,-5.658,-5.555,-5.570,-6.158,-6.626,-9.098,-11.407,-13.372,-14.037,-14.191,-13.997,-13.077,-14.144,-12.313,-9.511,-8.081,-7.732,-7.462,-6.353,-5.667,-7.014,-6.588,-8.939,-10.659,-9.924,-8.670,-10.094,-8.295,-6.721,-5.472,-6.118,-5.781,-6.102,-4.253,-4.938,-4.217,-4.736,-4.677,-3.493,-3.542,-3.803,-4.026,-6.140,-6.327,-6.351,-5.830,-4.966,-4.010,-4.659,-4.366,-2.616,-3.966,-1.319,-4.483,-3.210,-3.651,-5.601,-6.840,-10.513,-12.386,-10.248,-9.868,-3.887,-13.493,-8.228,-12.027,-10.452,-19.586,-16.925,-11.260,-12.933,-19.553,-9.474,-6.242,-11.105,-13.791,-14.735,-8.823,-10.017,0.000,-14.569,0.000,-12.668,-3.496,-10.706,-7.609,0.000,-13.170,-8.776,0.000,-8.203,-6.359,0.000,0.000,-3.468,-7.216,0.000,-9.135,-6.702,-11.585,-8.011,-9.457,-5.610,-6.974,-7.572,-9.251,-6.818,-5.502,-7.575,-3.529,-13.548,-16.036,-13.184,-17.486,-22.293,-17.096,-6.844,0.000,-19.336,-9.355,-11.703,-9.314,-12.423,0.000,-8.043,-15.025,-15.162,-11.325,0.000,-3.671,-7.047,-6.133,-5.911,-6.309,-5.734,-5.556,-6.055,-5.856,-6.304,-7.934,-5.183,-5.796,-4.904,-9.219,-5.330,-6.267,-4.410,-10.612,-10.397,-8.708,-8.284,-9.648,-5.947,-5.322,-6.277,-5.872,-5.750,-5.104,-4.952,-7.519,-7.964,-8.317,-10.516,-9.251,-9.831,-13.964,-9.095,-10.567
R,-7.586,-1.401,-3.630,-2.234,0.000,-0.586,-3.177,-0.744,-3.897,-4.704,-3.272,-4.122,-4.044,-4.621,-7.365,-4.308,-6.735,-8.609,-5.078,-9.747,-3.409,-6.397,-9.015,-10.048,0.000,0.000,-10.624,-8.219,-6.737,-11.708,-7.131,-10.530,-10.311,-13.031,-8.899,-12.194,-13.816,-5.021,-4.638,-15.011,-6.097,-2.846,-11.725,-9.274,-7.728,-8.358,-13.440,-13.459,-2.959,0.000,-14.745,-9.214,-3.980,1.674,-11.822,-3.700,-3.101,-2.853,0.000,-2.425,0.677,-9.298,-4.033,-1.735,-11.072,-0.649,-5.909,-1.483,-12.923,-5.779,-7.146,-14.710,-4.455,-8.581,-5.106,-12.657,-6.874,-4.218,-10.401,-4.877,-10.488,-9.191,-4.037,-5.596,-13.788,-11.870,-5.576,-13.398,-13.646,-7.624,-10.373,-12.800,-7.423,-10.703,-11.216,-8.543,-9.190,-6.166,0.000,-5.200,-4.091,-2.179,-3.874,-1.292,-4.678,-4.365,-7.296,-3.743,-4.854,-4.952,-3.744,-2.831,-4.170,-3.895,-4.239,-3.531,0.000,0.000,-3.225,0.000,-2.036,0.000,-2.256,-3.565,-3.058,-2.967,-2.974,0.000,-3.960,-4.350,-3.856,-3.424,0.000,-4.038,-6.607,-3.570,-3.243,-3.362,-4.705,-2.903,-3.611,-4.173,-2.258,-3.925,-3.900,-2.967,-3.352,-4.407,-3.638,-4.400,-4.133,-3.825,-3.047,-3.934,-4.577,-4.849,-3.887,-5.528,-4.272,-3.436,-5.675,-4.821,-3.763,-6.178,-7.581,-5.736,-8.538,-8.977,-8.802,-7.864,-12.002,-12.349,-8.277,-9.506,-6.341,-3.892,-4.204,-6.966,-3.268,-6.441,-4.421,-4.284,-5.205,-9.238,-4.030,-7.655,-7.851,-10.722,-10.090,-9.041,-4.689,-5.841,-4.080,-3.438,-3.808,-4.199,-2.855,-3.320,-0.584,-2.629,-4.539,-2.925,-3.787,-2.976,-2.508,-1.510,-2.870,-3.864,-3.951,-1.198,-3.535,-2.172,-5.949,-3.816,-3.709,-2.142,-3.641,-3.047,0.000,-3.160,-3.222,-3.990,-3.892,-3.825,-3.976,-3.068,-4.502,-5.808,-4.078,-4.454,-4.698,-7.599,-6.231,-9.361,-6.842,-12.784,-7.468,-4.998,-8.749,-11.005,-8.185,-13.805,-9.767,-8.546,-11.862,-7.781,-7.531,-15.807,-10.872,-8.984,-16.027,-11.795,-10.291,-13.497,-6.975,-5.872,-7.982,-7.119,-2.944,-4.529,-6.907,-5.706,-7.466,-8.969,-7.395,-7.742,-6.651,-5.278,-5.704,-6.506,-5.760,-6.334,-6.621,-5.814,-4.989,-6.134,-7.785,-8.320,-7.829,-7.636,-6.086,-6.447,-4.087,-5.073,-6.170,-5.274,-4.975,-6.863,-5.909,-4.986,-2.731,-4.610,-5.969,-4.662,-4.114,-5.712,-5.138,-4.897,-5.489,-4.888,-8.560,-10.609,-12.576,-13.147,-13.933,-13.490,-12.595,-13.261,-12.016,-9.058,-7.469,-7.116,-7.510,-5.736,-5.717,-6.564,-6.371,-8.144,-10.218,-9.077,-7.812,-9.785,-8.211,-6.411,-4.182,-5.893,-5.621,-5.701,-3.740,-4.221,-3.732,-4.207,-4.173,0.000,-3.118,-3.185,-3.253,-5.135,-5.334,-4.840,-5.149,-4.189,-3.397,-4.210,-4.169,-2.364,-3.573,-2.231,-4.717,-3.064,0.000,-5.738,-6.168,-9.815,-12.934,-10.168,-9.693,-5.124,-13.349,0.000,-11.633,-9.963,-17.233,-14.483,-13.629,-12.546,-20.177,0.000,-7.222,-14.322,-13.595,-14.286,-9.736,-10.525,-4.260,-15.172,-6.679,-13.081,0.000,-11.256,-7.723,-7.908,-14.563,0.000,-6.791,-8.502,-7.938,-4.664,-6.558,-3.495,-8.349,-4.670,-10.463,-7.581,-12.506,-8.112,-9.245,0.000,-7.115,-7.379,-8.700,-6.429,-5.747,-8.782,-3.017,-12.924,-16.953,-13.681,-19.656,-19.151,-15.776,-8.083,-9.824,-18.124,-11.761,-12.024,0.000,0.000,-8.400,-8.366,-14.931,-14.681,-10.586,-4.242,-4.667,-7.481,-6.396,-6.219,-6.624,-5.974,-5.500,-6.162,-5.933,-5.778,-7.179,-4.699,-4.755,0.000,-8.182,-5.247,-5.757,-2.661,-9.202,-9.746,-8.422,-7.433,-8.841,-5.438,-5.599,-5.581,-5.207,-5.358,-4.925,-4.901,-8.074,-8.633,-9.617,-11.735,-10.726,-11.592,-13.593,-9.968,-11.586
H,-9.147,-2.877,-4.777,-4.097,-5.012,-2.353,-4.437,0.000,-4.874,-5.411,-3.723,-4.253,-5.177,-5.519,-5.882,-4.735,-7.969,-8.964,-4.249,-9.787,-5.017,-6.576,-7.427,-11.563,-7.321,-7.007,-10.986,-8.461,-6.736,-11.890,-6.476,-8.304,-11.047,-13.235,-7.401,-12.234,-13.724,-3.792,-2.610,-14.896,-4.198,-5.114,-10.390,-9.680,-7.898,-6.719,-14.981,-12.388,-3.811,-5.956,-15.164,-8.314,-4.582,-4.040,-11.736,-4.614,-4.380,-1.463,-5.653,-4.642,-3.702,-8.562,-5.109,-5.458,-10.209,-3.288,-5.842,-7.205,-13.639,-6.470,-8.131,-15.217,-5.866,-9.515,-9.370,-13.469,-6.606,-8.287,-11.242,-9.360,-13.746,-9.921,-7.936,-10.572,-13.143,-13.430,-9.600,-13.679,-9.836,-9.651,-9.675,-13.007,-11.875,-7.050,-10.976,-9.723,-9.218,-6.295,-5.061,-4.725,-4.788,-2.556,-5.038,-0.556,-4.798,-4.609,-6.361,-4.317,-5.170,-4.783,-5.357,-4.200,-5.221,-4.726,-4.954,-4.662,-4.343,-5.153,-4.311,-4.020,0.000,-3.886,-3.288,-4.091,-4.272,-3.446,0.000,-4.298,-3.840,-5.397,-4.864,-4.475,-3.935,-4.656,-7.900,-3.890,-4.523,-4.483,-4.550,-4.273,-2.886,-3.992,-2.435,-4.496,-4.845,-4.159,-4.413,-5.607,-4.809,-5.577,-5.827,-5.354,-4.836,-5.328,-6.292,-6.138,-5.221,-6.603,-4.768,-3.025,-7.273,-6.041,-4.404,-5.474,-9.026,-5.217,-8.369,-9.104,-8.679,-7.147,-11.167,-11.521,-7.602,-6.249,-3.036,-4.307,-4.997,-7.659,-3.755,-6.749,-1.410,-5.507,-7.819,-7.235,-3.685,-6.905,-7.519,-10.885,-9.722,-9.089,-4.933,-5.999,-4.878,-5.247,-3.824,-4.946,-4.629,0.000,-3.151,-3.248,-5.575,-3.499,-4.530,-4.605,-3.560,-4.141,-4.744,-4.796,-4.733,-2.614,-4.109,-4.688,-6.301,-4.649,-4.366,-3.293,-5.010,-3.939,-5.402,-4.437,-4.460,-5.264,-4.523,-4.160,-4.315,-4.535,-5.956,-6.439,-3.956,-4.676,-3.994,-3.762,-7.656,-9.791,-5.664,-12.916,-6.670,-4.549,-10.555,-10.728,-6.905,-13.914,-8.439,-9.802,-11.742,-7.387,-5.084,-15.264,-10.743,-6.586,-15.989,-11.285,-10.518,-13.148,-7.184,-4.692,-6.945,-6.549,-1.015,-2.502,-6.612,-4.954,-6.620,-8.991,-6.995,-7.154,-6.062,-4.920,-5.906,-6.028,-5.663,-5.999,-6.334,-5.443,-3.797,-5.564,-7.244,-6.811,-7.396,-6.876,-5.395,-6.011,0.000,-5.104,-5.336,-5.428,-4.903,-6.498,-5.566,-5.316,-3.211,-5.092,-5.275,-4.881,-4.578,-5.392,-5.555,-4.984,-5.706,-4.693,-7.715,-10.158,-11.933,-12.484,-13.757,-13.715,-12.600,-13.340,-11.782,-9.309,-7.581,-7.487,-7.228,-5.727,-5.640,-6.220,-6.421,-8.026,-9.547,-9.190,-8.319,-9.632,-8.494,-6.356,-5.301,-6.371,-6.323,-6.475,-4.933,-4.911,-4.623,-5.763,-4.877,-4.440,-4.962,-5.003,-4.465,-6.510,-6.444,-6.412,-6.800,-5.027,-6.106,-5.697,-6.461,-4.414,-5.307,-4.905,-6.649,-6.316,-6.881,-7.349,-7.794,-10.175,-11.690,-9.897,-10.821,-7.055,-12.288,-4.257,-12.721,-8.529,-16.938,-14.554,-11.440,-14.682,-21.283,-9.451,-7.696,-14.740,-16.852,-16.576,-13.503,-9.339,-10.703,-13.422,-6.371,-15.377,-10.553,-10.674,-4.721,-10.537,-13.108,-10.668,-11.210,-7.159,-10.675,-10.677,-10.075,-4.717,-8.898,-7.131,-10.913,-6.649,-12.206,-5.798,-10.112,-7.699,-8.413,-7.892,-9.170,-7.095,-10.318,-8.490,0.000,-11.716,-16.069,-12.968,-14.206,-20.766,-9.333,-8.652,-15.663,-17.688,-11.635,-12.856,-14.327,-13.141,-14.345,-10.433,-15.436,-12.466,-11.109,-7.553,-7.434,-7.171,-7.780,-6.828,-8.149,-6.682,-7.011,-6.848,-7.218,-6.948,-7.980,-5.821,-6.319,-6.075,-9.158,-6.306,-4.636,-4.160,-10.214,-10.532,-8.822,-8.401,-9.988,-8.352,-6.831,-6.031,-5.910,-5.225,-5.404,-5.099,-7.773,-7.713,-8.346,-10.096,-9.583,-9.922,-14.107,-9.945,-9.535
E,-7.779,-1.649,-3.110,-4.270,-3.732,-2.503,-3.219,-4.245,-4.531,-4.927,-4.132,-3.636,-3.715,-4.105,-7.959,-3.195,-5.364,-9.265,-4.993,-10.190,-5.334,-6.150,-5.872,-12.514,-9.407,-7.290,0.000,0.000,-7.622,-11.801,-7.897,-10.198,-9.775,-11.400,-5.907,-12.592,-15.847,-1.849,-7.543,-17.892,-1.405,-4.403,-12.713,-8.879,-5.683,-5.285,-15.505,-16.555,-4.548,-6.507,-15.414,-9.640,-3.558,-6.507,-12.062,0.000,-3.270,-3.023,-7.318,-5.594,-7.968,-11.448,-3.556,-6.117,-11.077,-5.111,0.000,-10.346,-14.411,-7.644,-11.122,-13.754,-8.151,-9.064,-10.797,-13.404,0.000,-10.539,-12.563,-10.240,-11.120,-8.191,-9.282,-10.559,-11.920,-14.301,-10.094,-14.858,-17.257,-10.909,-12.912,-12.267,-11.806,-14.546,-13.958,-9.562,-10.560,0.000,-5.875,-4.960,-2.565,0.000,-5.791,-1.342,-4.252,-5.122,-7.694,-3.954,-3.124,-3.999,-3.296,-2.866,-3.732,-2.827,-3.879,-3.195,-2.651,-3.520,-3.138,-2.843,-2.334,-3.585,-2.165,-3.136,-2.724,-2.657,-3.107,-3.011,-3.525,-2.912,-3.023,0.000,-2.573,-3.814,-5.960,-3.017,0.000,-1.952,-3.446,-3.122,-2.828,-3.415,-2.107,-3.612,-2.932,-2.976,-2.726,-3.556,0.000,-2.293,0.000,-2.360,-2.345,-1.994,0.000,0.000,-2.736,-4.712,-2.185,-2.306,-5.851,-5.360,-3.190,-6.096,-9.399,-4.167,-8.839,-10.356,-9.097,-6.716,-13.976,-12.843,-11.069,-11.354,-5.693,-4.134,-2.442,0.000,-2.879,-5.724,0.112,-4.592,-8.252,-10.383,-5.609,-7.832,-6.841,-6.167,-8.885,-7.173,0.068,-4.159,-3.849,-4.681,-3.606,-4.815,-4.023,-4.113,-3.639,-2.076,-4.911,-2.694,-3.419,0.000,-0.876,0.000,0.000,-2.644,-4.012,-2.445,-2.999,-3.899,-4.662,-3.136,-3.369,-2.624,-4.221,-3.049,-3.091,0.000,-2.169,-3.339,0.000,-1.986,-2.342,-2.441,-3.534,0.000,-3.746,-4.837,-6.992,-8.415,-8.631,-9.768,-4.892,-13.683,-7.159,-4.206,-10.300,-11.525,0.000,-14.369,-5.735,-9.887,-13.302,-8.072,-5.739,-17.648,-10.486,-5.957,-16.232,-10.728,-9.349,-12.525,-4.718,-2.413,-3.822,-4.961,0.842,-1.176,-5.359,-3.844,-4.315,-7.957,-3.641,-4.954,-4.931,-3.393,-3.689,-5.309,-2.834,-4.416,-5.375,-4.083,-3.431,-3.663,-5.088,0.000,-5.320,-4.536,-2.803,-4.812,-1.399,-3.577,0.000,-3.351,-3.087,0.000,-3.664,-3.331,-2.095,-2.844,-3.127,-3.365,-2.743,-3.213,-4.024,-3.990,-5.216,-4.471,-7.027,-8.904,-10.655,-10.983,-11.697,-11.044,-11.091,-10.801,-9.571,-7.740,-5.404,-3.820,0.000,-4.141,-3.254,-5.098,-4.500,-7.078,-8.411,-7.252,-6.796,-8.323,-6.013,-4.294,-3.435,-4.035,-4.625,-4.592,-2.892,-3.063,-2.535,-3.013,-3.846,-2.957,-3.103,-2.341,-3.418,-5.373,-5.252,-5.311,-4.691,-3.765,-4.346,-4.416,-4.163,-3.638,-3.689,-3.338,-5.103,-6.089,-5.380,0.000,-8.208,-9.988,-7.087,-8.930,-6.708,-3.930,-9.091,-14.007,-10.498,-10.730,-20.055,-18.484,0.000,-12.607,-21.831,-17.162,-8.495,-14.736,-11.890,-13.592,-13.901,-6.982,-13.796,-11.841,-12.434,-19.763,-13.948,-10.942,-3.828,-7.973,0.000,-12.681,-7.993,-4.677,0.000,-9.258,-9.056,-1.608,-1.243,-5.557,0.000,-5.132,0.000,-8.119,-8.832,-10.237,-8.055,-7.431,-8.559,-7.159,-9.240,-7.964,-1.610,-15.036,-17.821,-11.518,-8.234,-22.861,-17.998,-11.361,-15.616,-20.546,-7.699,-10.941,-19.780,-18.251,-15.311,-12.759,-16.836,-14.228,-8.977,-7.523,-5.501,-4.396,-4.124,-4.106,-3.860,0.000,-4.143,-4.499,-3.804,-5.628,-7.143,-3.433,-5.942,-6.993,-7.597,-3.981,-3.333,-5.733,-9.249,-11.265,-8.109,-7.366,-7.524,-5.942,-5.952,-4.882,-5.016,-4.310,-3.462,-2.409,0.000,0.000,-3.475,0.000,-4.137,-3.808,-10.224,0.000,-5.856
D,-8.281,-2.180,-3.632,-4.907,-4.293,-3.793,-4.190,-4.815,-4.921,-5.328,-4.113,-3.989,-4.414,-4.777,-8.195,-3.395,-7.575,-9.794,-5.237,-11.163,-6.760,-7.335,0.000,-13.835,-11.181,-9.129,-7.017,-7.627,-7.535,-13.605,-10.440,-13.805,-10.756,-12.960,0.000,-12.920,-17.299,-2.479,-7.313,-19.338,-2.923,-5.207,-14.089,-9.181,-7.013,0.000,-17.081,-16.937,-5.007,-8.221,-16.310,-10.137,-4.637,-8.380,-14.549,-4.507,-4.169,-3.596,-8.510,-6.575,-9.052,-13.334,-4.090,-6.481,-12.476,-6.486,-5.086,-11.381,-16.463,-7.316,-12.312,-14.508,-10.470,-9.797,-12.523,-15.472,-2.358,-12.676,-14.764,-12.475,-10.930,-8.601,-11.518,-12.331,-10.841,-15.666,-12.668,-15.176,-15.736,-10.385,-11.734,-12.285,-14.449,-13.003,-14.290,-10.113,-10.949,-4.851,-6.489,-5.393,-4.286,-4.417,-6.547,-2.592,-4.207,-5.362,-7.737,-4.695,-3.014,-4.550,-4.938,0.000,-4.566,-3.652,-4.716,-4.263,-3.256,-4.071,-3.890,-3.460,-2.885,-3.745,-2.782,-3.632,-3.102,-2.649,-3.169,-3.275,-3.553,-4.160,0.000,-4.108,-3.052,-4.249,-7.097,-4.001,-3.888,-2.636,0.000,-3.748,-2.967,-3.479,-2.038,-3.516,-3.393,-3.504,-3.331,-4.278,-3.967,-3.037,-4.517,0.000,0.000,-3.034,-4.495,-3.995,-3.132,-5.507,-2.812,-2.750,-7.712,-5.509,-3.991,-4.176,-10.274,-3.651,-7.665,-11.345,-8.337,-6.951,-14.722,-13.870,-11.924,-11.187,-2.425,-4.329,-4.182,-3.789,-3.439,-6.939,0.128,-5.417,-8.958,-9.920,-6.236,-8.337,-8.554,0.000,-8.375,-8.247,-1.391,-3.725,-4.084,-5.669,-3.925,-5.325,-4.838,-4.366,-4.736,-1.999,-5.798,-3.225,-3.998,-4.339,-2.215,-4.918,-4.063,-2.742,-4.305,-3.387,0.000,-4.955,-4.568,-3.376,-3.493,-3.167,-5.296,-3.899,-4.313,-4.222,-2.740,-5.038,-4.434,-2.414,-2.886,-3.453,-3.970,-3.682,-3.099,-4.760,-6.560,-7.582,-10.225,-9.962,0.000,-13.961,-5.875,-4.260,-12.125,-11.870,-3.645,-14.639,0.000,-11.580,-13.218,-7.201,-5.721,-18.704,-10.629,0.000,-17.039,-10.818,-8.485,-12.492,-6.656,-2.052,0.000,-4.375,1.414,-0.915,-5.728,-3.815,0.000,-7.842,-5.437,-5.641,-4.871,-3.764,-4.571,-5.186,-3.843,-5.138,-5.618,-4.341,-3.193,-4.932,-5.171,-3.388,-6.527,-4.312,-2.921,-5.259,-1.512,-4.547,-3.607,-3.917,-3.886,-4.344,-3.726,-4.390,-2.494,-3.645,0.000,-3.958,-3.142,0.000,-4.297,-3.757,-5.604,-5.598,-8.138,-10.668,-12.254,-12.444,-13.483,-13.229,-12.409,-13.424,-11.914,-8.978,-7.246,-4.910,-3.888,-4.443,-3.736,-5.061,-5.117,-8.369,-9.857,-8.574,-9.108,-8.858,-6.480,-5.577,-4.196,-4.769,-5.737,-4.897,-3.911,-3.823,-2.794,-3.658,-4.066,-3.493,-3.604,0.000,0.000,-5.048,-5.038,-5.185,-5.453,-4.280,-5.846,-4.734,-5.226,-4.590,-4.018,-4.216,-6.444,-7.414,-7.577,-5.378,-9.880,-12.330,0.000,-9.491,-9.186,-5.144,-6.149,-16.099,-10.604,-7.599,-21.191,-21.766,-4.470,-13.957,-21.791,-19.666,-11.571,-17.441,-10.939,-12.806,-16.050,-7.440,-16.230,-13.852,-12.302,-20.292,-15.895,-8.580,-5.953,-10.909,-4.039,-14.396,-10.828,-6.559,-7.480,-12.207,-11.989,-3.844,-5.297,-9.393,-6.694,-7.483,-5.597,-9.120,-11.143,-10.492,-8.410,-8.392,-8.519,-8.946,-10.506,-8.547,6.197,-14.488,-19.857,-12.037,0.000,-24.181,-18.311,-10.902,-18.553,-21.997,-7.427,-13.742,-21.533,-19.382,-16.941,-13.145,-17.857,-13.638,-9.300,-7.791,-6.712,-4.607,-5.359,-4.433,-5.338,-3.577,-5.205,-5.019,-4.694,-5.292,-6.698,-4.527,-5.965,-6.271,-7.913,-5.828,0.000,-5.678,-10.506,-11.896,-8.373,-9.498,-9.398,-8.626,-7.296,-6.180,-6.361,-4.570,-4.222,-2.899,-3.931,-3.603,0.000,-3.466,0.000,0.000,-10.593,-2.578,-2.223
N,-9.268,-3.202,-4.411,-4.913,-4.493,-3.406,-4.730,-4.525,-4.653,-5.163,-4.139,-4.552,-4.385,-5.296,-8.123,-3.299,-8.258,-9.450,-4.499,-10.207,-6.159,-6.654,-2.892,-12.214,-9.041,-7.953,-10.578,-9.752,-4.539,-10.991,-9.262,-12.059,-9.126,-11.990,-5.326,-8.630,-15.691,-2.614,-5.045,-18.247,-6.536,-4.360,-12.243,-8.517,-7.295,-3.452,-14.516,-15.299,-4.812,-7.946,-15.056,-7.883,-5.158,-6.112,-13.924,-4.107,-4.129,-0.713,-6.089,-5.029,-6.661,-10.832,-4.244,-4.804,-9.615,-3.332,-4.392,-8.268,-13.581,-4.924,-9.873,-14.247,-7.689,-9.096,-8.868,-12.999,-4.436,-9.541,-13.004,-9.188,-11.575,-7.604,-7.694,-9.067,-11.048,-13.287,-9.109,-13.799,-14.027,-7.244,-7.674,-11.197,-10.772,-10.158,-13.114,-9.850,-10.347,-6.487,-5.657,-5.896,-5.414,-3.888,-6.571,-2.266,-4.403,-5.709,-8.100,-4.781,-4.874,-5.213,-6.110,-4.339,-5.527,-4.808,-5.570,-5.289,-4.780,-5.117,-4.644,-4.479,-3.857,-4.290,-3.786,-4.434,-4.372,-3.674,-4.044,-4.614,-4.663,-5.849,-5.106,-4.837,-4.250,-5.172,-8.190,-4.565,-4.518,-4.191,-4.696,-4.243,-3.612,-4.891,-3.111,-4.458,-4.758,-4.588,-4.617,-5.557,-5.068,-5.006,-6.003,-5.228,-4.741,-5.013,-6.385,-5.895,-4.818,-7.113,-4.982,-3.194,-7.998,-6.032,-4.218,0.000,-9.764,-4.256,-5.569,-9.780,-6.845,-5.653,-13.296,-12.875,-10.120,-10.218,0.000,-3.436,-4.731,-6.865,0.000,-7.292,-2.507,-5.186,-7.846,-9.129,-5.067,-7.918,-8.457,-9.029,-8.898,-9.585,-4.725,-4.368,-4.540,-5.284,-3.384,-5.368,-4.765,-4.197,-4.342,-3.057,-6.808,-3.889,-4.603,-4.748,-3.493,-4.976,-4.590,-4.238,-5.207,-3.832,-4.071,-4.601,-5.739,-4.662,-4.061,-4.052,-5.440,-4.162,-5.309,-4.847,-4.048,-5.719,-5.090,-3.637,-4.103,-4.594,-5.467,-5.843,0.000,-5.047,-4.919,-6.813,-9.033,-10.341,-3.169,-13.459,-3.152,-4.190,-11.091,-11.775,-4.522,-14.411,-5.406,-10.327,-12.985,-4.859,-5.731,-17.639,-11.637,-2.824,-17.261,-11.946,-9.347,-12.190,-6.914,0.000,-4.534,-5.847,-1.184,-2.204,-6.535,-4.759,-4.610,-8.362,-6.784,-7.096,-5.418,-5.241,-5.751,-6.414,-5.751,-6.263,-6.365,-5.668,-4.153,-6.691,-6.948,-6.396,-7.625,-6.263,-4.856,-6.135,-3.291,-5.207,-4.861,-5.276,-4.803,-6.432,-4.813,-5.264,-3.425,-4.986,-4.790,-4.756,-4.385,-4.889,-4.864,-4.456,-5.973,-5.618,-8.220,-10.884,-12.448,-12.676,-13.756,-13.861,-12.566,-14.259,-12.834,-10.120,-8.984,-6.987,-6.304,-5.447,-5.410,-5.950,-6.240,-8.701,-11.141,-9.569,-9.599,-10.295,-8.490,-6.316,-5.549,-6.245,-6.549,-6.112,-4.637,-5.153,-3.977,-5.302,-5.073,-4.272,-4.885,-4.925,-4.259,-6.047,-6.203,-6.259,-6.186,-5.091,-6.116,-5.170,-6.027,-4.503,-3.503,-4.025,-6.438,-6.068,-6.643,-6.381,-8.248,-11.301,-9.675,-8.813,-8.965,-6.279,-8.736,-10.219,-9.921,-4.227,-20.262,-20.105,-10.143,-11.381,-19.943,-13.710,-7.188,-14.513,-13.730,-13.555,-13.186,-7.463,-10.451,-14.262,-5.394,-17.226,-11.004,-6.604,-4.381,-9.004,-11.323,-12.504,-9.549,-6.404,-10.872,-8.840,-9.244,-5.875,-8.209,-8.059,-10.680,-5.138,-11.058,-4.735,-9.985,-9.367,-7.058,-6.202,-7.076,-8.130,-10.212,-5.403,3.859,-13.485,-17.304,-10.555,-12.471,-23.541,-14.562,0.000,-12.404,-20.235,-8.967,-14.068,-16.810,-16.434,-12.100,-11.615,-15.237,-11.008,-9.414,-5.746,-6.798,-6.222,-7.122,-5.374,-7.143,-5.973,-6.353,-6.401,-6.123,-5.427,-6.906,-5.864,-5.521,-6.870,-8.884,-6.395,-3.795,-4.682,-10.522,-11.025,-8.846,-8.782,-9.851,-8.962,-7.238,-6.376,-6.350,-4.850,-5.399,-4.728,-6.470,-6.489,-6.981,-7.644,-6.759,-6.548,-13.088,-6.581,-4.806
Q,-8.031,-1.720,-3.592,-3.644,-3.854,-1.810,0.000,-3.000,-4.025,-4.688,-3.190,-3.467,0.000,-4.075,-6.664,-3.237,-5.444,-7.907,-4.270,-8.745,0.000,-6.020,-8.139,-10.242,-6.081,-5.276,-7.388,-7.386,-6.810,-11.373,0.000,0.000,-9.410,-12.589,-7.989,-12.700,-12.854,0.000,-4.838,-14.066,0.000,-3.161,-11.543,-8.982,-6.772,-6.902,-14.178,-13.610,-2.722,-5.401,-14.523,-8.462,0.000,0.000,-10.020,-2.894,0.000,-1.626,-4.682,-3.451,0.000,-8.323,0.000,-4.687,-10.126,-1.294,-4.415,-6.883,-12.851,-6.339,-7.293,-13.947,0.000,-8.155,-8.188,-12.277,-5.914,-7.062,-9.803,-7.535,-13.543,-9.128,-4.766,-9.027,-13.466,-12.217,-7.804,-13.730,-13.670,-9.191,-10.597,-12.125,-9.713,-10.953,-10.868,-9.008,-9.031,-4.533,-4.698,-4.768,0.000,-0.921,-4.571,0.162,-5.012,-4.728,-7.477,-3.773,-4.367,-4.399,0.000,-3.015,-4.225,-3.544,-3.941,0.000,-3.542,-3.971,-3.730,-3.184,-2.702,-3.467,-2.709,0.000,-3.744,-2.888,-3.425,-3.480,-4.043,-4.036,-3.789,-3.672,-3.219,-3.872,-6.552,0.000,-3.971,-3.437,-4.532,-3.358,-3.263,-4.145,-2.369,-4.136,-3.927,-3.426,-3.420,-4.418,-3.872,-4.261,-4.179,-3.773,-3.321,-3.818,-4.613,-4.795,-4.225,-5.680,-3.695,-2.856,-6.070,-5.027,-3.719,-6.580,-8.284,-4.921,-8.649,-8.824,-8.874,-7.188,-11.527,-11.071,-8.574,-9.481,-5.172,-3.553,-3.124,-5.774,-2.708,-5.527,-2.352,-3.693,-6.724,-9.442,-3.750,-7.581,-6.592,-9.577,-9.145,-7.618,-2.538,-4.858,-4.039,-3.847,-3.211,-4.326,-3.179,-3.747,-2.282,-2.533,-4.884,-2.847,-3.555,-3.465,-2.380,-2.770,-3.945,-4.057,-4.462,-1.901,-3.418,-3.170,-5.621,-3.881,-3.895,-2.450,-3.901,-2.715,-3.771,-3.258,0.000,-3.605,-3.511,0.000,0.000,-2.932,-4.334,-5.112,-3.685,-4.227,-4.748,-6.494,-6.610,-8.963,-5.779,-12.877,-7.121,0.000,-8.875,-10.039,-5.772,-13.467,-7.954,-8.169,-11.250,-7.650,-5.642,-15.155,-9.472,-6.933,-15.588,-10.257,-10.566,-12.514,-5.061,-3.800,-5.779,-5.885,-0.432,-1.972,-5.449,-4.141,-5.708,-8.194,-5.313,-6.293,-5.397,-3.938,-4.495,-5.874,-4.285,-5.288,-5.898,-4.747,-3.880,-4.945,-5.763,-5.726,-6.462,-5.881,-4.258,-5.543,-2.496,-3.886,-4.554,-4.510,-3.641,-4.836,-4.812,-4.019,-2.292,-3.803,-4.146,-4.073,0.000,-4.176,-4.564,-4.537,-4.811,-3.392,-6.241,-7.907,-9.501,-10.258,-10.853,-10.919,-10.258,-10.438,-9.645,-7.702,-6.034,-5.348,-5.323,-4.884,-4.252,-5.396,-4.370,-6.766,-8.428,-7.500,-6.585,-8.331,-7.038,-4.712,-3.883,-4.858,-4.951,-5.181,-3.139,-3.496,0.000,-3.809,-3.871,-2.982,0.000,-2.926,-3.681,-5.650,-5.586,-5.595,-4.808,-3.975,-3.867,-4.589,-3.998,-2.612,0.000,-2.629,-4.510,-4.418,-4.033,-4.730,-6.403,-8.314,-11.017,-7.746,-7.624,-3.584,-10.922,-7.603,-9.938,-8.767,-15.793,-13.180,-8.156,-10.390,-20.593,-9.205,0.000,-13.867,-14.607,-15.461,-10.632,-8.925,-9.232,-13.057,-6.905,-14.540,-9.431,-11.834,-4.583,-5.868,-10.532,-9.331,-8.267,-4.891,-5.670,-7.676,-5.397,0.000,0.000,-2.649,-6.451,0.000,-7.614,0.000,-7.407,-6.167,-6.327,-5.934,-6.960,0.000,-7.979,-6.784,-1.295,-11.504,-14.775,-11.780,-14.963,-19.473,-13.316,-8.173,-11.094,-16.797,-8.061,-9.239,-13.569,-13.555,-11.542,-10.536,-13.744,-12.991,-9.882,-5.756,-5.046,-5.533,-5.354,-5.099,-5.337,-4.951,-4.924,-5.277,-4.818,-5.330,-6.895,-3.753,-4.493,-5.276,-8.128,-3.345,-3.483,-2.978,-8.606,-9.232,-6.982,-5.567,-7.026,-4.641,-4.279,0.000,0.000,-3.623,0.000,-3.351,-5.723,-6.383,-7.041,-8.422,-7.735,-8.518,-12.308,-8.126,-9.387
T,-7.632,0.000,-2.798,-3.656,-3.804,-1.574,-3.692,-3.039,-3.440,-3.736,-3.545,-3.012,-2.877,0.000,-6.747,-2.990,-5.838,-7.724,-3.276,-7.295,-4.247,-5.595,-7.353,-9.492,-7.657,-7.655,-9.917,-10.078,0.298,-6.753,-6.695,-11.743,-2.379,-7.987,-8.379,-6.798,-11.450,-3.211,-6.512,-13.978,-7.781,-2.886,-8.026,-1.821,-6.464,-7.463,-8.460,-12.587,-4.046,-7.188,-9.585,-4.120,-3.178,-6.798,-8.293,-3.659,-3.135,2.941,-4.698,-4.521,-6.849,-6.605,-4.015,-4.527,-5.315,-3.163,-5.487,-9.638,-7.644,-4.648,-8.465,-7.283,-8.649,-6.200,-9.985,-6.583,-4.718,-10.254,-7.821,-7.825,-11.789,-4.328,-5.807,-9.535,-8.255,-8.549,-8.895,-10.113,-14.948,-4.040,-6.561,-7.775,-10.597,-12.010,-9.953,-7.674,-8.227,-6.584,-5.225,-5.172,-3.086,-3.988,-5.047,-2.441,-3.429,-3.250,-7.250,0.000,-4.007,-3.566,-4.816,-2.535,-4.111,-3.748,-4.362,-3.883,-3.871,-4.177,-4.111,-3.565,-2.791,-3.448,-2.589,-3.241,-3.746,-2.740,-3.348,-3.398,-3.830,-4.178,-4.077,-2.830,-3.031,-3.943,-7.146,-3.699,-3.528,-2.686,-4.240,-2.648,-2.942,-3.952,-1.595,-3.333,-3.640,0.000,-3.595,-4.382,-4.118,-4.377,-4.518,-4.224,-3.356,-4.029,-5.032,-4.925,-4.437,-5.511,-4.565,-3.456,-5.856,-5.724,-4.233,-6.328,-6.910,-3.770,-1.982,-5.437,-6.758,-3.908,-11.346,-10.876,-8.356,-10.976,-6.979,0.000,0.000,-8.360,-2.327,-4.619,-4.645,-6.210,-8.427,-10.821,-4.018,-7.591,-5.790,-11.350,-8.532,-7.852,-4.742,-5.176,-3.404,-3.625,0.000,-5.165,0.000,-4.907,-3.505,-2.888,-4.562,-3.501,-3.623,-4.259,0.000,-4.185,-4.548,-4.466,-4.074,-2.807,-3.267,-3.384,-5.799,-3.621,-3.793,-2.660,-3.849,-3.168,-4.181,-4.321,-3.501,-4.621,-4.169,-3.139,-3.696,-4.170,-4.809,-5.500,-2.944,-3.553,-5.037,-7.384,-5.773,-9.796,-4.504,-9.969,-4.588,-3.537,-6.573,-10.120,-5.597,-10.683,-7.807,-5.977,-10.775,-1.204,-4.984,-14.857,-9.516,-3.998,-14.183,-9.874,-9.181,-8.743,0.000,-3.614,-4.204,-4.805,-1.447,-2.172,-4.293,-4.163,-3.076,-6.496,-4.667,-5.340,-4.110,-3.602,-4.248,-4.381,-3.719,-4.673,-4.923,-3.530,0.000,-4.601,-5.141,-5.202,-5.626,-5.757,0.000,-4.385,-1.927,0.000,-3.979,-3.812,-3.633,-5.272,-4.235,-3.790,-2.143,-3.283,-3.920,-3.317,-3.195,-3.811,-3.618,-3.407,-4.220,0.000,-5.624,-7.616,-8.465,-9.304,-9.992,-10.613,-10.212,-10.759,-9.682,-7.157,-5.715,-4.744,-4.369,-3.306,-3.797,-4.190,-4.490,-5.699,-8.201,-7.462,-6.794,-8.675,-6.292,-3.914,0.000,-4.584,-4.558,-4.674,-3.353,-3.125,-3.140,-3.910,-4.027,-2.654,-3.369,-3.302,-2.472,-4.290,-4.609,-4.586,-4.452,-3.677,-3.641,-3.855,-4.262,-2.765,-3.211,-3.052,-4.371,-4.542,-4.335,-5.039,-5.595,-6.746,-10.739,-4.821,-5.130,-3.126,-10.001,-11.416,-8.891,0.000,-16.214,-15.924,-11.768,-9.744,-17.142,-14.557,-8.100,-11.552,-16.097,-15.467,-9.750,-10.333,-10.547,-8.984,-8.572,-14.896,-10.997,-6.658,0.620,-7.185,-11.639,-11.433,-8.270,-6.371,-11.430,-9.371,-9.198,-7.881,-9.127,-5.937,-9.049,-6.441,-11.226,-5.313,-7.156,-8.256,-5.744,0.000,-4.210,-5.504,-8.748,-3.825,-1.091,-11.704,-12.848,-8.959,-15.467,-19.626,-15.014,-4.939,-9.808,-17.907,-4.614,-11.843,-16.320,-15.089,-11.656,-11.625,-12.558,-9.230,-9.135,-2.816,-5.007,-4.581,-5.268,-4.882,-5.244,-4.664,-5.039,-4.934,-5.219,-4.590,-4.760,-3.977,-4.568,-5.772,-7.353,-3.411,-2.618,-2.814,-7.803,-8.352,-7.371,-6.911,-8.180,-6.570,-5.743,-4.591,-6.060,-4.608,-4.543,-5.129,-6.907,-7.708,-8.822,-10.102,-10.318,-9.473,-12.884,-7.351,-5.830
S,-7.202,-2.643,-2.280,-2.944,-3.661,-1.322,-3.283,-2.651,0.000,-3.446,-2.728,-2.597,-2.903,-3.591,-6.806,-2.340,-6.266,-6.769,-3.557,-8.189,-3.953,-5.239,-5.773,-10.735,-7.918,-7.424,-9.842,-9.516,-3.741,-8.184,-7.690,-12.388,-6.335,-6.708,-7.261,-5.611,-11.895,-1.881,-3.621,-14.216,-5.429,-2.837,-10.192,0.000,-5.539,-5.915,-12.635,-10.374,0.000,-6.866,-12.445,0.000,-2.662,-5.653,-9.787,-2.579,-2.983,0.000,-4.145,0.000,-6.084,-8.032,-2.860,-3.653,-8.329,-1.851,-4.182,-8.529,-10.475,0.000,-8.103,-9.028,-7.641,-6.724,-10.405,-9.999,-3.903,-9.402,-10.079,-8.017,-8.826,0.000,-6.955,-9.859,-7.491,-11.322,-9.129,-12.232,-12.219,0.000,0.000,-6.296,-11.300,-10.804,-8.694,-8.090,-7.199,-5.418,-4.938,-5.117,-3.392,-3.327,-5.073,-2.092,0.000,-3.006,-6.478,-2.892,-3.228,-3.575,-4.395,-3.309,-3.888,-3.088,-3.712,-3.323,-3.317,-4.160,-3.449,-2.591,-2.207,-2.969,-1.976,-2.442,0.000,-1.993,-2.756,-3.494,-3.473,-4.050,-3.642,-3.076,-2.643,-3.707,-6.440,-3.252,-3.234,-2.512,-3.505,-2.399,-1.869,-3.119,-1.388,-2.655,0.000,-2.433,-3.153,-4.254,-3.527,-3.944,-4.027,-3.731,-3.151,-3.516,-4.464,-4.812,-4.011,-4.944,-3.606,-2.578,-6.108,-4.825,0.000,-4.279,-8.032,0.000,0.000,-6.407,0.000,0.000,-10.976,-11.202,-8.261,-8.979,-4.552,-1.184,-3.207,-7.060,-3.277,-5.424,-3.029,-4.978,-7.815,-9.124,-3.643,-6.405,-5.671,-10.002,-7.180,-7.301,-3.565,-4.600,-3.464,-3.828,-2.488,-4.268,-2.568,-3.694,-3.129,-2.053,-4.475,-2.875,-3.545,-3.839,-2.998,-3.423,-4.005,-3.517,-3.905,-2.179,-2.711,-3.743,-4.631,-2.792,0.000,-1.804,0.000,-2.474,-4.117,-3.589,-2.703,-4.481,-3.472,-2.729,-3.304,-4.329,-4.371,-4.434,-1.681,-3.088,-4.106,-5.926,-7.547,-8.368,-3.627,-11.620,-2.978,-2.468,-10.196,-8.936,-4.013,-12.407,-6.529,-8.697,-9.287,0.000,-3.320,-15.450,-8.034,-3.934,-15.521,-8.215,-7.434,-10.884,-3.659,-1.954,-3.395,-4.055,0.151,-1.383,-4.367,-2.782,-3.141,-6.829,-5.630,-5.242,-3.700,-3.319,-4.532,-4.168,0.000,-5.362,-4.707,-3.127,-2.873,-4.674,-4.510,-4.410,-6.034,-4.772,-2.406,-4.078,-1.147,-3.022,-3.386,-3.705,-3.165,-4.559,-3.869,-3.194,-1.512,-3.159,-3.039,-2.742,-2.616,-3.244,-3.002,-2.575,-3.209,-3.355,-5.322,-6.597,-7.436,-8.335,-8.781,-9.303,-8.966,-9.096,-8.893,-6.312,-5.500,-4.266,-3.615,-3.084,-3.220,-3.333,0.000,-5.945,-7.380,-6.086,-6.946,-7.968,-5.365,0.000,-2.692,-3.782,-3.677,-3.674,-2.396,-2.586,-2.617,-3.553,-3.223,-1.681,-2.773,-2.443,-1.060,0.000,0.000,0.000,0.000,-1.428,0.000,-1.930,0.000,-1.545,-2.225,-2.206,-3.675,-4.230,-4.045,-4.099,-6.582,-7.599,-9.928,-5.915,0.000,-1.461,-7.083,-11.049,-5.932,-2.250,-17.610,-16.014,-9.883,0.000,-20.007,-13.232,-7.824,-9.951,-13.007,-13.999,-11.435,-6.428,-8.644,-8.016,-8.818,-14.666,-10.852,0.000,-1.538,-7.967,-10.646,-10.744,-10.010,-6.595,-10.925,-9.237,-9.929,-7.314,-9.173,-6.457,-9.709,-6.328,-10.582,-4.023,-7.733,-6.983,-4.527,-2.226,0.000,-5.299,-9.043,-3.116,1.685,-12.693,-16.402,0.000,-13.441,-20.339,-12.869,-4.942,-14.658,-18.369,-7.539,-12.397,-16.357,-13.270,-11.719,-10.525,-14.462,0.000,-7.369,-3.242,-5.138,-3.513,-4.548,-3.902,-4.320,-3.884,-4.536,-4.066,-4.155,-2.933,-4.695,-3.193,-2.423,-4.357,-7.161,0.000,-0.372,0.000,-8.761,-8.076,-6.182,-7.231,-8.277,-6.918,-4.766,-3.625,-6.019,-3.985,-3.978,-4.108,-5.870,-5.926,-7.225,-7.417,-7.527,-8.219,-11.459,-2.837,0.000
C,-9.177,-4.906,-5.310,-5.040,-6.143,-3.501,-5.947,-4.790,-5.532,-5.582,-4.690,-5.518,-5.685,-5.664,-7.397,-5.989,-8.191,-10.097,-4.610,-9.588,-6.295,-7.508,-8.773,-11.518,-8.887,-9.575,-12.710,-11.184,-7.168,-5.594,-8.540,-14.117,-8.093,-10.904,-9.139,-10.205,-11.273,-3.553,-3.513,-12.882,-7.673,-5.575,-10.349,-7.153,-7.272,-9.629,-12.957,-9.256,-4.889,-7.760,-12.873,-6.696,-5.865,-4.773,-10.300,-5.520,-6.377,-3.559,-6.737,-5.810,-5.843,-8.826,-5.939,-6.846,-7.931,-4.973,-8.181,-8.703,-11.648,-6.234,-10.115,-11.895,-9.746,-9.319,-11.968,-10.645,-8.088,-9.685,-10.032,-10.826,-11.072,-8.208,-9.339,-12.476,-12.056,-13.331,-11.121,-12.419,-10.427,-8.163,-8.182,-11.170,-13.230,-8.551,-12.143,-9.470,-8.768,-7.861,-5.920,-4.691,-5.473,-5.486,-5.597,-4.273,-5.533,-3.205,-6.441,-5.217,-6.019,-5.458,-6.357,-5.453,-6.022,-5.275,-6.230,-5.325,-5.695,-6.761,-5.679,-5.550,-5.090,-5.123,-4.753,-5.129,-5.829,-4.179,-4.923,-4.966,-4.921,-5.864,-6.002,-5.285,-3.648,-5.211,-8.076,-3.253,-4.101,-4.250,-5.575,-3.703,-3.111,-4.876,0.000,-4.946,-5.475,-4.696,-5.209,-6.487,-5.449,-6.687,-6.181,-6.261,-5.154,-5.720,-6.374,-6.394,-5.953,-6.757,-5.516,-4.726,-6.871,-7.399,-6.119,-7.597,-9.362,-6.815,-7.772,-7.713,-8.485,-7.901,-11.039,-11.993,-7.480,-6.884,-8.751,-5.047,-6.595,-10.399,-6.813,-7.904,-4.595,-8.607,-10.647,-9.484,-4.744,-7.464,-7.506,-13.110,-10.854,-9.733,-6.182,-7.468,-5.821,-6.060,-5.819,-6.988,-5.865,-6.203,-4.887,-4.520,-6.449,-5.244,-6.017,-6.588,-5.117,-5.710,-6.728,-6.307,-5.980,-3.861,-5.596,-5.583,-8.175,-5.512,-5.748,-4.209,-5.935,-5.126,-7.122,-6.194,-5.695,-6.843,-5.989,-5.164,-5.492,-5.604,-7.170,-8.061,-5.318,-4.321,-5.698,-6.388,-7.146,-11.845,-7.473,-11.803,-6.216,-5.530,-8.482,-12.339,-7.567,-12.124,-10.564,-8.193,-11.169,-6.193,-3.114,-14.301,-11.813,-6.954,-14.488,-11.737,-9.113,-11.392,-5.696,-5.728,-7.416,-6.289,-2.623,-3.419,-6.188,-6.157,-7.698,-8.157,-6.624,-7.653,-5.657,-4.900,-6.312,-5.851,-5.661,-5.907,-7.236,-5.268,-4.276,-4.843,-7.314,-7.125,-7.544,-8.163,-5.739,-5.911,-3.970,-5.934,-6.582,-5.861,-5.211,-7.492,-6.635,-5.498,-4.113,-5.881,-6.047,-5.700,-5.111,-6.423,-5.791,-4.825,-5.529,-3.465,-6.685,-8.992,-10.034,-10.911,-12.214,-12.328,-11.631,-11.262,-10.542,-8.492,-6.854,-6.915,-6.678,-5.825,-5.774,-6.162,-6.231,-6.754,-10.304,-8.051,-7.710,-9.988,-8.471,-6.079,-5.117,-6.525,-6.581,-7.140,-5.323,-5.330,-5.439,-6.738,-6.101,-4.916,-5.781,-6.115,-4.710,-6.292,-6.002,-6.174,-6.456,-5.406,-6.256,-5.875,-6.887,-5.273,-5.830,-6.201,-7.683,-7.350,-6.588,-8.405,-8.190,-9.335,-12.564,-10.439,-8.459,-5.880,-11.335,-9.579,-11.672,-7.855,-19.483,-17.839,-15.519,-12.815,-21.032,-11.176,-9.741,-15.648,-16.975,-15.616,-13.921,-9.254,-12.233,-13.200,-11.954,-16.515,-12.262,-9.595,-1.947,-13.558,-14.207,-10.765,-13.312,-8.747,-12.795,-11.888,-11.724,-8.040,-11.418,-8.666,-11.900,-8.670,-14.410,-7.528,-9.201,-8.486,-9.312,-5.587,-8.539,-8.561,-12.507,-8.199,-0.130,-15.205,-18.929,-11.825,-17.511,-20.240,-11.969,-8.664,-17.310,-19.354,-12.539,-15.072,-14.471,-12.915,-17.182,-12.844,-15.512,-10.875,-10.866,-8.091,-8.949,-8.519,-8.528,-8.475,-8.425,-8.499,-8.336,-8.382,-7.943,-7.782,-9.342,-6.176,-6.668,-7.208,-10.070,-6.271,-5.637,-4.985,-9.850,-11.224,-10.764,-9.301,-11.598,-10.508,-9.653,-8.397,-8.794,-8.114,-7.840,-7.848,-9.795,-10.013,-10.914,-11.135,-11.457,-12.025,-11.872,-8.514,-8.499
G,-7.973,-3.463,-3.594,-3.511,-4.477,-2.451,-4.287,-3.257,-3.731,-3.852,-3.576,0.000,-3.452,-4.134,-7.756,-3.920,-7.214,-8.386,-4.095,-10.198,-6.132,-4.610,-4.463,-12.100,-9.447,-7.756,-9.377,-8.001,-5.956,-10.765,-8.344,-13.244,-7.814,-8.084,-6.878,-7.735,-14.508,-2.807,-5.531,-17.447,-5.039,-3.020,-12.460,-6.262,0.000,-5.852,-14.366,-14.028,-3.625,-6.877,-13.913,-7.106,-3.126,-6.559,-12.303,-3.274,-4.168,-3.134,-5.290,-3.960,-6.931,-11.485,-4.105,-3.530,-11.034,0.000,-5.613,-9.472,-13.103,-5.769,-10.109,-10.868,-9.236,-7.535,-11.403,-11.866,-5.376,-10.214,-12.930,-10.044,0.000,-8.132,-8.857,-10.711,-8.579,-13.958,-10.242,-12.985,-15.747,-8.369,-8.916,-8.886,-13.169,-13.668,-12.880,-7.541,-8.505,-5.991,-5.669,-6.342,-4.367,-4.264,-6.213,0.000,-4.312,-4.638,-7.717,-4.195,0.000,-4.344,-4.792,-3.196,-4.179,0.000,-4.042,-3.693,-3.858,-4.281,-4.043,-3.284,-2.699,-3.915,-2.643,-3.386,-3.811,-2.810,-3.653,-3.917,-4.504,-4.198,-4.086,-4.491,-3.711,-4.570,-6.906,-3.888,-4.057,-2.759,-4.148,-2.609,-3.252,-3.952,-2.460,-3.662,-3.945,-3.180,-3.197,-4.398,-3.729,-3.578,-3.903,-3.248,-2.667,-3.196,-4.198,-4.094,0.000,-4.640,0.000,0.000,-6.371,-5.497,-4.457,-5.270,-9.650,-4.877,-6.483,-7.399,-3.802,-6.415,-13.366,-13.336,-10.740,-10.583,-5.512,-3.537,-4.782,-6.826,-3.727,-7.385,0.000,-5.836,-8.452,-10.528,-6.012,-8.179,-8.722,-10.096,-9.073,-8.829,0.274,0.000,-3.401,-3.743,-3.570,-4.711,-3.412,-4.402,-4.182,-2.972,-5.170,0.000,-3.707,-3.943,-1.624,-4.185,-3.908,-2.810,-4.092,-2.760,-3.970,-4.281,-4.753,-3.132,-3.550,-2.561,-4.464,-3.281,-4.257,-4.174,-3.252,-4.125,-3.987,-2.527,-3.255,-3.401,-4.764,-4.864,-3.296,-4.870,-5.939,-8.241,-8.569,-9.380,-5.626,-12.921,0.000,-4.831,-8.927,-9.807,-5.788,-14.009,-7.828,-9.017,-11.670,-6.321,-5.873,-17.963,-9.177,-7.378,-15.962,-9.977,0.000,-11.650,-3.146,-1.999,-4.372,-4.560,-0.363,-2.518,-4.180,-3.322,-4.256,-7.299,0.000,-5.371,0.000,-3.256,-3.670,-4.404,-3.574,-4.157,-4.197,0.000,-3.160,-4.447,-5.149,-5.600,-6.203,-4.857,-3.186,-4.646,-1.641,-4.151,-3.879,-3.910,-4.017,-4.571,-3.735,-3.594,-1.708,-3.159,-3.383,-3.191,-2.184,-2.957,0.000,-2.554,-3.662,-2.171,-5.780,-8.140,-9.135,-9.693,-10.636,-10.023,-10.194,-7.524,-9.080,-7.423,-5.391,-4.852,-4.720,-3.771,-3.981,-4.134,-4.260,-5.737,-9.055,-8.222,-7.615,-8.816,-6.647,-4.510,-3.437,-4.467,-4.485,-4.231,-2.873,0.000,-2.868,0.000,-3.675,-2.170,-2.863,-2.754,-2.460,-4.146,-4.584,-4.486,-4.601,-3.481,-3.641,-3.393,-3.758,-2.519,-3.029,0.000,-4.167,-4.426,-4.055,-5.040,-7.930,-9.771,-10.365,-8.542,-4.566,0.000,0.000,-12.219,-6.090,-7.679,-20.073,-20.194,-10.574,-11.156,-21.053,-15.440,-8.913,-12.052,0.000,0.000,-11.280,0.000,-10.011,-9.657,-10.435,-17.141,-10.659,-5.177,-4.322,-7.761,-7.642,-11.215,-10.551,-8.927,-10.163,-11.194,-11.611,-7.857,-8.890,-8.015,-9.334,-8.365,-9.631,-6.232,-8.693,-8.097,-5.747,-4.390,-5.838,-3.679,0.000,0.000,-0.517,-15.276,-17.306,-8.799,-13.024,-22.345,-19.113,-8.991,-16.779,-20.384,-8.812,-14.095,-16.217,-12.664,-14.502,0.000,-16.089,-10.175,0.000,-4.818,0.000,-4.122,0.000,-3.876,0.000,-3.636,0.000,-4.063,0.000,0.000,-5.377,-2.316,-3.983,-5.120,-6.815,-4.951,-2.431,-4.786,-7.750,-9.189,-7.964,-7.453,-8.562,-7.520,-6.515,-5.123,-5.525,-4.524,-4.189,-3.856,-5.734,-6.358,-6.771,-6.540,-6.554,-5.773,-10.236,-5.412,-7.078
A,-7.720,-2.027,-2.835,-3.145,-4.042,-2.092,-3.570,-2.888,-3.501,-3.363,0.000,-2.878,-2.828,-3.075,-6.289,0.000,-4.588,-6.766,-2.795,-7.192,-3.568,-4.675,-7.211,-9.861,-9.222,-8.232,-8.720,-8.822,0.000,-6.927,-5.648,-11.866,-2.220,0.000,-8.224,0.000,-10.845,-1.882,-6.425,-13.981,-5.778,-2.229,-5.998,0.888,-6.024,-7.558,-8.622,-11.738,-4.049,-7.071,-9.278,-5.919,-2.217,-7.531,-6.348,-3.387,-2.025,-0.659,-4.506,-2.766,-6.849,-6.103,-3.510,0.000,-5.375,-3.198,-4.342,-10.177,-7.346,-3.937,-8.163,0.000,-9.350,0.000,-11.598,-5.638,-4.670,-10.030,-7.484,-9.227,-9.721,-6.009,-8.447,-11.394,0.000,-10.149,-10.547,-9.320,-14.617,-5.761,-7.027,0.000,-11.604,-11.620,-9.395,0.000,-6.713,-5.280,-5.080,-4.979,-2.116,-3.842,-5.365,-3.570,-3.661,-3.060,-7.337,-3.938,-3.279,0.000,-4.203,-2.429,-3.965,-2.870,-3.477,-3.486,-3.270,-3.743,-3.877,-2.764,-2.162,-3.547,-1.924,-2.830,-3.278,-2.566,-3.086,-3.055,-3.616,-3.338,-3.291,-3.384,-2.394,0.000,-6.107,-2.895,-3.284,-2.487,-3.656,-2.051,-2.661,-3.375,-1.584,-3.253,-3.418,-2.857,-2.786,-3.712,-3.376,-3.541,-4.024,-3.226,-2.881,0.000,-4.189,-3.921,-3.879,-4.750,-3.743,-3.167,-5.081,-5.771,-4.056,-6.785,-7.272,-3.228,-4.133,-4.010,-4.430,-3.517,-10.780,-10.926,-8.421,-10.493,-7.693,-3.583,-3.322,-7.525,-3.990,-4.949,-4.059,-6.434,-9.526,-10.937,-4.371,-7.476,-6.411,-10.201,-9.135,-7.448,0.000,-4.913,0.000,-2.450,-3.134,-4.359,-2.399,-4.500,-3.264,-2.629,-4.635,-3.392,0.000,-4.081,-2.763,-4.085,-4.351,-4.013,-3.846,-2.136,-3.538,0.000,-5.494,-3.351,-3.688,-2.147,-3.790,-2.753,-3.743,-3.774,-3.020,-3.885,-3.363,-2.559,-3.008,-2.987,-4.419,-5.065,-3.583,-4.043,-5.151,-7.451,-5.369,-9.017,-6.183,-10.128,-3.900,-2.448,-6.016,-8.338,-5.949,-10.507,-7.950,-5.730,-9.951,-3.889,-4.812,-14.201,-7.378,-6.428,-13.208,-9.779,-8.690,-8.915,-0.567,-3.601,-5.747,-4.750,-0.971,-2.306,-4.019,0.000,-5.113,-6.580,-3.523,-4.902,-3.746,-2.835,0.000,-3.958,-3.355,0.000,-4.312,-3.207,-2.801,-2.997,-4.801,-5.123,-4.809,-5.524,-3.359,-4.066,-1.920,-3.673,-3.699,-3.365,0.000,-4.189,-4.073,-3.251,-1.617,-2.952,-3.745,-3.263,-2.593,-3.300,-3.437,-2.737,-3.019,-0.763,-4.036,-5.514,-5.872,-6.850,-7.025,-7.487,-8.360,-6.742,-7.728,-5.735,0.000,-4.115,-3.664,-2.743,-3.065,0.000,-2.917,0.000,-5.801,-5.887,-4.728,-6.616,-5.611,-3.083,-2.530,0.000,0.000,-3.650,-2.237,-2.346,-2.296,-2.903,0.000,-1.692,-2.606,-2.412,-2.229,-4.080,-4.425,-4.209,-4.014,0.000,-3.009,-3.451,-3.162,-1.994,-2.911,-2.230,0.000,-3.982,-3.426,-3.495,-4.937,-5.741,-9.407,-6.198,-4.290,-0.309,-6.113,-14.280,0.000,-4.012,-16.686,-14.765,-6.973,-6.390,-18.652,-15.722,-7.168,0.000,-15.211,-14.204,-10.102,-9.834,-10.945,0.000,-11.304,-16.980,-12.896,-6.659,2.752,-5.125,-10.805,-12.229,-8.697,-6.088,-8.465,-9.893,-9.387,-6.761,-7.340,-4.897,-6.235,-4.950,-8.280,-4.384,-5.480,-6.992,0.000,-2.884,-4.948,-5.040,-8.980,-5.316,0.589,-11.627,-13.144,-8.626,-13.317,-17.455,-14.265,-7.546,-14.247,-16.410,-3.049,-11.136,-17.813,-16.866,-14.194,-8.556,-13.971,-7.235,-8.231,-3.901,-4.575,-3.385,-3.333,0.000,-3.405,-3.225,-3.563,-3.608,-3.448,-3.540,0.000,-2.152,0.000,-4.919,-5.802,-1.300,-1.018,-2.535,-5.627,-7.119,-5.834,-4.018,-6.689,-5.058,-4.746,-3.193,-4.066,-3.527,-2.696,0.000,-4.909,-6.248,-7.259,-8.695,-9.040,-8.570,-12.910,-6.441,-7.417
V,-7.957,-3.560,-4.027,0.000,-4.524,-1.510,-3.849,-3.112,-3.254,-2.880,-3.917,-2.961,-2.423,-3.194,-5.832,-4.986,0.000,-9.311,-1.818,-4.128,-4.719,-6.939,-9.116,-6.490,-9.740,-9.900,-9.261,-9.747,-4.679,0.000,-5.084,-13.211,-0.809,-6.963,-9.243,-8.620,-7.924,-3.916,-7.367,-9.806,-8.006,-4.456,0.000,-1.954,-7.730,-9.471,-3.297,-9.672,-5.113,-7.367,-3.575,-7.530,-4.082,-7.542,0.000,-5.166,-3.478,-2.475,-6.177,-4.564,-7.704,0.000,-5.596,-5.295,-2.103,-5.912,-7.205,-11.786,0.000,-6.637,-7.530,-7.311,-10.781,-5.425,-12.423,-0.368,-7.258,-11.519,-4.446,-10.259,-10.948,-7.569,-6.230,-12.416,-9.806,-5.624,-12.326,0.000,-11.764,-8.018,-9.257,-8.357,-11.698,-10.416,-11.607,-6.173,-8.632,-6.980,-5.497,-3.127,-2.007,-5.375,-5.163,-4.440,-4.286,-2.570,-6.376,-5.134,-4.831,-3.176,-4.749,-2.894,-4.370,-3.356,-3.977,-3.851,-4.139,-4.457,-4.294,-3.275,-3.113,-3.862,-2.752,-3.599,-4.046,-3.077,-3.704,-2.722,-3.553,-3.302,-4.108,-2.881,-2.121,-2.416,-5.708,-2.298,-2.725,-2.686,-4.006,-2.349,-2.671,0.000,-1.472,0.000,-3.683,-3.425,-3.292,-4.520,-3.748,-4.380,-4.552,-3.907,-3.438,-3.810,-4.473,-3.165,-4.258,-4.835,-4.427,-4.119,-4.629,-6.864,-5.593,-8.836,-3.620,-5.487,-7.270,0.000,-9.812,-8.526,-8.724,-8.500,-6.878,-10.073,-10.968,-6.376,-3.786,-9.240,-5.498,-3.888,-5.240,-8.562,-11.089,-11.833,0.000,-7.704,-5.831,-13.109,-10.595,-6.101,-5.252,-6.308,-4.231,0.000,-4.993,-6.842,-5.458,-6.166,0.000,-2.934,-4.332,-4.701,-3.158,-4.289,-3.902,-4.979,-4.994,-4.798,-3.615,-2.581,-4.706,-3.571,-6.691,-3.432,-3.940,-2.553,-4.132,-3.475,-4.488,-4.185,-3.658,-3.922,-3.735,-2.431,-3.055,0.000,-5.243,-5.996,-4.473,-3.538,-5.445,-8.043,0.000,-12.203,-7.907,-5.719,-6.420,-4.533,0.000,-11.804,-7.861,-5.849,-10.157,0.000,-11.824,-2.845,-5.183,-10.030,-11.259,-7.858,-8.908,-12.042,-9.927,-4.879,-1.739,-6.990,-7.108,-4.260,-2.773,-2.877,-3.013,-5.715,-7.038,-4.334,-4.243,-4.779,-3.090,-2.918,-2.912,-3.614,-4.054,-2.195,-4.593,-2.531,-2.321,-2.901,-5.932,-5.848,-4.120,-6.731,-3.604,-2.960,-2.063,-4.096,-4.335,0.000,-3.570,-4.871,-4.737,-3.392,-2.158,0.000,-4.567,-3.172,-3.101,-4.604,-3.932,0.000,-3.750,-1.318,-5.235,-7.806,-8.773,-9.466,-10.140,-9.916,-9.489,-9.258,-7.770,-7.090,-4.957,-5.114,-5.144,0.000,-3.927,-4.288,-4.871,-3.841,-7.107,-7.493,-5.767,-8.178,-6.601,-3.638,-3.581,-4.639,-4.516,-4.834,0.000,-3.006,-3.467,-3.970,-4.231,-2.871,-3.782,-3.605,-3.156,-4.858,-5.215,-5.336,-5.310,-4.940,-4.541,-4.702,-4.407,0.000,-4.229,-3.751,-5.036,-4.917,-4.505,-5.714,0.000,0.000,-11.019,-7.485,-7.077,-4.259,-11.697,-14.029,-10.208,-7.209,-12.519,-12.919,-12.982,-13.994,-12.006,-16.781,-7.777,-12.576,-17.030,-14.366,-7.415,-13.602,-13.303,-9.255,-11.920,-14.094,-12.560,-9.746,1.292,-8.906,-12.751,-13.059,-9.284,-5.452,-11.331,-12.030,-10.376,-7.844,-9.240,-5.735,-6.738,-6.294,-11.227,-6.857,0.000,-8.004,-5.986,-3.377,-6.960,-5.577,-10.961,-8.447,-2.943,-9.620,-10.152,-14.089,-15.431,-12.700,-14.266,-10.087,-14.958,-14.480,0.000,-11.011,-17.832,-19.023,-15.909,-12.670,-10.947,-12.160,-10.356,-6.494,-5.410,-5.407,-5.046,-5.686,-5.298,-5.555,-4.980,-5.634,-4.965,-6.084,-4.392,-2.792,-5.730,-6.815,0.000,-2.440,-4.199,0.017,-4.640,-8.134,-7.798,-4.004,-5.642,-6.181,-5.435,-4.390,-5.626,-5.088,-4.393,-4.777,-5.836,-7.225,-8.313,-9.810,-10.417,-10.148,-12.912,-7.428,-9.295
L,-7.785,-2.943,-4.107,-3.433,-4.965,-1.781,-4.209,-3.841,-3.790,0.000,-3.880,-3.403,-3.381,-4.453,-5.011,-5.557,-4.293,-9.150,0.000,-4.959,-5.181,-7.932,-10.170,0.000,-8.832,-9.743,-10.793,-10.997,-5.667,-5.733,-4.751,-11.196,-2.904,-10.357,-9.064,-12.130,0.000,-3.527,-5.708,0.000,-9.103,-4.314,-6.771,-6.324,-8.355,-9.291,-6.880,-6.325,-3.660,-7.257,-6.431,-6.896,-3.718,-5.893,-0.470,-4.543,-3.327,-2.216,-6.238,-3.354,-6.533,0.111,-4.988,-4.943,-3.547,-4.857,-7.288,-10.232,-5.492,-6.325,0.000,-9.571,-8.968,-7.046,-12.533,-5.690,-7.602,-9.711,-1.994,-9.390,-13.889,-7.550,-7.237,-12.825,-13.306,-5.795,-11.942,-4.880,-8.814,-9.710,-10.458,-11.760,-11.440,-9.170,-10.238,-8.652,-8.670,-7.769,-6.189,0.000,-2.913,-5.250,-5.059,-4.933,-5.086,-1.797,-6.015,-5.217,-5.213,-2.798,-4.364,-2.955,-4.037,-3.539,0.000,-3.502,-3.855,-4.400,-3.728,-2.940,-2.854,-3.532,-2.355,-3.152,-3.848,-2.542,-3.106,-2.752,-2.821,0.000,-3.725,-1.809,-0.534,-0.358,0.000,-0.113,-1.786,-2.281,-3.033,-2.115,-1.190,-3.079,-0.156,-2.785,-3.351,-2.960,-2.708,-3.900,-3.238,-3.753,-3.963,-3.115,-2.876,-3.058,-3.113,-1.372,-3.756,0.000,-3.923,-4.016,0.000,-6.746,-5.623,-9.400,-4.642,-7.074,-9.126,-5.368,-12.320,-10.340,0.000,0.000,0.000,-7.191,-10.589,-6.518,-3.538,-9.878,-5.887,0.000,-4.998,-8.292,-10.947,-10.570,-2.174,-5.476,0.000,-13.339,-10.128,0.000,-4.952,-6.506,-3.537,-3.496,-5.189,-6.700,-6.132,-6.186,-2.557,-1.033,0.000,-3.905,-2.703,-4.652,-4.346,-4.852,-5.133,-4.794,0.000,-1.722,-4.618,-3.663,-6.907,0.000,-3.861,-1.912,-3.978,-3.237,-4.650,-4.128,-3.248,0.000,-3.097,-2.891,-2.579,-3.554,-4.836,-6.151,-3.022,-1.636,-4.830,-7.037,-1.471,-11.321,-8.399,0.000,-7.569,-4.760,-4.859,-11.644,-8.656,-4.842,-11.545,-3.762,-10.557,-3.259,-4.433,0.000,-11.062,-8.592,0.000,-12.025,-10.940,-6.166,-2.606,-7.548,-8.228,0.000,-2.603,-2.744,-2.578,-5.749,-7.465,0.000,-5.450,-4.315,-3.573,-1.704,-1.759,-3.249,-3.677,-1.126,-3.885,-2.000,-1.416,-0.772,-5.603,-5.924,0.000,-6.531,-3.903,-2.101,-1.600,-3.803,-4.477,-2.885,-3.046,-4.913,-5.016,0.000,-2.251,-3.244,-4.678,0.000,-2.978,-4.778,-4.399,-3.085,0.000,-0.763,-5.543,-6.921,-7.492,-8.139,-9.309,-9.119,-7.741,-7.574,-5.610,-5.727,-2.521,-4.810,-5.346,-3.222,0.000,-3.828,-4.841,-4.062,-7.541,-6.767,0.000,-6.829,-6.440,-3.859,-3.111,-4.425,-4.163,-4.766,-3.128,-2.662,-2.879,-4.112,-3.922,-2.920,-3.802,-3.674,-3.141,-4.991,-5.239,-5.036,-5.000,-4.520,-4.574,-5.067,-5.058,-3.583,-4.720,-4.742,-5.170,-6.661,-5.829,-7.183,-5.061,-5.528,-13.178,-8.588,-8.719,-5.488,-14.175,-11.758,-11.455,-9.103,0.000,0.000,-13.705,-14.475,-11.999,-13.705,-6.878,-16.303,-19.521,-16.905,-8.932,-14.112,-14.425,-14.669,-14.340,0.000,-13.224,-13.145,-5.631,-12.427,-15.031,-11.732,-11.942,0.000,-10.971,-10.959,-9.926,-7.365,-9.380,-5.799,-9.312,-5.676,-12.463,-7.111,-4.461,-8.676,-7.232,-5.309,-8.856,-8.161,-15.217,-10.081,-4.709,0.000,-10.849,-14.343,-19.000,0.000,-10.754,-9.511,-15.291,0.000,-7.673,-6.531,-15.339,-17.521,-16.952,-15.001,-9.861,-13.855,-13.370,-7.874,-6.834,-6.131,-5.974,-5.924,-6.272,-5.736,-6.071,-5.806,-5.313,-6.524,-5.327,-0.201,-6.097,-6.192,-5.039,-0.192,-4.485,2.870,-5.490,-7.810,-7.512,0.000,-6.784,-5.499,-5.915,-5.487,-5.770,-5.603,-5.383,-5.799,-6.262,-8.048,-9.686,-10.571,-11.548,-11.668,-12.816,-9.688,-10.062
I,-8.752,-3.965,-5.910,-4.660,-5.664,-2.689,-5.380,-4.998,-4.401,-4.131,-5.077,-5.012,-4.012,-5.149,-6.970,-6.336,-5.085,-11.559,-3.404,0.000,-7.002,-9.733,-10.348,-6.191,-10.992,-11.364,-11.345,-12.197,-4.962,-3.462,-6.456,-14.405,-0.273,-10.163,-10.283,-11.239,-8.069,-5.820,-8.328,-9.681,-10.643,-6.345,-6.365,-4.775,-10.033,-10.249,0.000,-9.778,-6.767,-8.055,0.000,-8.409,-6.512,-8.031,-4.686,-6.861,-4.549,-3.572,-8.082,-5.494,-8.344,-3.051,-7.321,-6.483,0.000,-7.230,-8.507,-12.225,-4.227,-7.480,-7.300,-10.698,-11.951,-6.541,-12.696,0.000,-8.475,-12.071,0.000,-10.683,-14.004,-7.457,-7.432,-12.628,-12.691,0.000,-13.162,-4.714,-11.357,-9.072,-10.357,-10.733,-12.094,-10.826,-12.502,-8.599,-10.187,-8.805,-6.725,-3.974,-3.830,-6.734,-6.068,-5.714,-5.752,0.000,-7.071,-5.988,-6.735,-3.486,-6.283,-4.128,-5.359,-5.001,-5.206,-4.877,-5.202,-5.405,-4.953,-4.204,-4.133,-4.335,0.000,-4.550,-4.931,-3.845,-4.303,-3.396,-4.066,-4.411,-5.477,-3.128,-2.812,-2.662,-6.360,-2.595,-3.021,-3.544,-4.508,-3.075,-3.355,-4.531,-1.825,-4.075,-4.420,-4.320,-4.130,-5.596,-4.623,-5.861,-5.801,-5.456,-4.314,-4.969,-5.888,-4.078,-5.306,-5.450,-5.807,-5.235,-5.003,-8.124,-6.999,-10.114,0.000,-7.643,-8.993,-5.840,-12.754,-11.392,-8.948,-8.464,-7.136,-10.496,-12.067,-7.758,-5.508,-11.015,-6.397,-3.798,-6.999,-9.787,-12.326,-12.514,-3.051,-8.362,-6.251,-15.025,-11.541,-6.739,-7.091,-8.230,-4.937,-4.780,-6.415,-8.658,-7.484,-7.588,-4.262,-3.877,-5.055,-5.953,-3.982,-5.567,-5.648,-6.579,-6.207,-6.271,-4.514,-3.665,-5.495,-4.008,-8.204,-4.486,-4.757,0.000,-4.705,-4.562,-5.745,-5.160,-4.588,-4.886,-4.502,-3.165,-4.137,-4.243,-6.367,-7.538,-5.279,-3.967,-5.964,-8.611,-2.691,-13.653,-8.864,-4.126,-7.933,-5.969,-3.593,-13.970,-9.299,0.000,-11.553,-2.783,-12.642,-3.502,-5.235,-8.948,-12.934,-8.500,-7.584,-13.569,-11.791,0.000,-2.688,-9.086,-7.986,-4.250,-3.982,-3.927,0.000,-6.938,-8.365,-3.326,-5.480,-5.008,-3.344,0.000,-2.667,-3.950,-4.614,-1.695,-5.346,-2.900,-2.022,0.000,-6.585,-7.130,-4.574,-7.688,-4.672,-3.152,-2.728,-4.714,-5.385,-3.951,-4.084,-6.290,-5.706,-4.363,-3.718,-4.459,-5.850,-3.902,-4.550,-6.163,-4.975,-4.122,-4.695,-1.920,-6.694,-9.424,-10.902,-11.497,-12.607,-12.651,-11.339,-11.967,-9.981,-8.792,-6.679,-6.924,-7.172,-4.710,-5.332,-5.204,-6.537,-4.763,-8.006,-9.302,-7.497,-9.488,-8.270,-4.941,-4.897,-6.508,-6.000,-6.462,-5.187,-4.339,-5.075,-5.803,-5.289,-4.489,-5.700,-5.749,-4.401,-6.082,-6.369,-6.485,-6.894,-6.387,-6.615,-6.573,-6.706,-5.055,-6.076,-5.701,-6.813,-7.377,-7.148,-8.529,-5.655,-6.620,-14.107,-10.120,-10.528,-7.927,-14.907,-14.427,-13.198,-9.782,-14.628,-13.039,-16.494,-16.471,0.000,-16.249,-9.027,-17.286,-20.171,-17.246,0.000,-15.718,-14.564,-14.130,-14.281,-12.954,-12.945,-11.834,-2.639,-12.684,-15.140,-12.949,-11.164,-5.918,-12.471,-12.114,-10.884,-8.539,-10.915,-7.919,-9.240,-7.754,-14.194,-8.983,-5.693,-9.943,-8.254,-5.950,-9.562,-8.775,-14.965,-11.259,-4.991,-9.102,-11.111,-16.041,-18.917,-13.109,-14.769,-10.832,-14.566,-13.192,-8.614,-9.752,-16.823,-18.648,-15.848,-15.708,0.000,-13.927,-12.668,-7.910,-7.531,-7.735,-7.880,-8.160,-8.202,-7.924,-7.208,-7.900,-7.404,-8.290,-5.722,-4.453,-7.577,-8.437,-5.522,-3.441,-5.872,0.923,0.000,-8.757,-9.142,-3.899,-6.771,-7.660,-7.174,-6.689,-7.145,-6.604,-6.496,-6.851,-7.995,-9.231,-10.203,-11.838,-12.794,-11.959,-14.056,-9.580,-10.444
M,0.000,-4.241,-4.687,-5.227,-5.116,0.000,-4.893,-3.879,-5.190,-4.150,-4.676,-4.274,-3.035,-4.996,-6.202,-5.581,-5.956,-10.627,-4.660,-6.826,-6.376,-7.798,-10.786,-6.531,-10.209,-9.820,-10.951,-12.192,-5.866,-7.378,-6.118,-13.227,0.000,-11.029,-11.202,-12.606,-7.834,-5.680,-8.394,-8.772,-10.780,-5.430,-9.776,-6.211,-9.093,-9.482,-6.893,-10.146,-5.768,-9.036,-8.042,-8.585,-5.690,-8.128,-4.044,-5.792,-4.314,-3.901,-6.877,-5.225,-8.344,-3.527,-5.863,-6.305,-4.700,-5.693,-7.982,-11.170,-6.235,-7.756,-7.258,-10.889,-10.378,-7.677,-12.255,-5.623,-8.245,-10.457,-4.801,-10.391,-14.761,-6.658,-7.485,-11.390,-12.768,-7.128,-11.549,-8.090,-12.968,-8.827,-11.216,-11.103,-11.049,-11.794,-13.572,-9.699,-10.662,-9.238,-7.118,-6.034,-4.556,-6.655,-6.475,-5.762,-6.327,-4.110,-8.129,-6.350,-7.072,-5.113,-5.911,-4.542,-5.972,-5.743,-5.901,-5.743,-5.925,-6.302,-6.122,-5.610,-4.965,-5.879,-4.485,-5.609,-5.732,-4.889,-5.485,-4.946,-5.380,-5.707,-5.613,-3.730,-3.433,-3.927,-7.419,-2.577,-4.243,-4.096,-5.088,-4.333,-3.612,-5.557,-2.914,-5.237,-5.360,-4.999,-4.875,-5.622,-5.565,-5.790,-5.892,-5.043,-4.522,-5.055,-5.663,-4.509,-5.673,-6.342,-6.003,-5.117,-5.814,-8.213,-6.661,-9.959,-6.273,-6.656,-8.172,-6.268,-11.457,-9.390,-7.648,-7.421,-6.409,-10.112,-11.043,-7.294,-5.053,-10.633,-6.237,-4.668,-6.147,-8.795,-10.878,-11.981,-3.210,-7.539,-5.531,-13.948,-11.511,-7.568,-6.294,-7.435,-4.946,-3.339,-5.912,-7.191,-6.423,-6.997,-3.983,0.000,-5.580,-5.358,-4.287,-5.936,-5.099,-5.781,-6.119,-6.182,-5.207,-3.663,-5.424,-4.751,-8.215,-5.020,-5.418,-4.295,-5.431,-4.765,-5.737,-5.546,-4.971,-5.253,-5.105,-4.057,-4.301,-4.862,-6.329,-7.278,-4.498,-3.554,-5.842,-8.378,-2.500,-12.700,-8.287,-5.928,-7.853,-5.413,-4.958,-12.894,-9.018,-7.134,-11.380,-3.749,-12.730,-4.020,-4.793,-9.102,-12.140,-8.667,-7.653,-12.937,-11.258,-6.820,-2.286,-7.271,-7.421,-4.567,0.000,-3.260,-3.380,-5.983,-7.624,-5.341,-5.704,-5.459,-4.454,-3.512,-4.201,-5.056,-5.157,-3.982,-5.838,-3.973,-3.130,-4.298,-6.610,-7.491,-5.857,-7.912,-5.144,-4.762,-3.052,-4.876,-5.703,-4.502,-4.829,-6.675,-6.212,-5.349,-3.903,-4.684,-6.305,-4.806,-4.385,-5.724,-5.553,-4.641,-5.541,-3.159,-7.832,-10.143,-11.246,-12.035,-12.563,-12.565,-11.733,-11.620,-9.440,-8.400,-5.677,-6.122,-7.153,-5.147,-5.564,-5.894,-6.273,-7.202,-10.688,-9.914,-7.751,-10.185,-8.893,-5.629,-4.525,-6.436,-6.425,-6.905,-5.489,-5.009,-5.114,-5.827,-6.115,-5.095,-5.348,-5.199,-5.123,-7.083,-7.388,-7.376,-7.061,-6.674,-6.563,-7.322,-6.996,-5.577,-6.423,-5.558,-7.057,-7.870,-6.453,-8.292,-6.676,-7.659,-14.836,-9.169,-9.058,-5.628,-14.131,-13.178,-11.190,-9.304,-12.747,-8.097,-12.825,-13.550,-14.457,-15.379,-5.176,-16.004,-20.091,-17.413,-7.956,-14.592,-12.337,-14.493,-13.325,-12.075,-12.413,-12.039,0.000,-10.052,-15.383,-12.422,-11.054,-5.353,-11.504,-10.250,-10.365,-8.456,-9.754,-6.271,-9.222,-5.143,-12.896,-6.656,-6.152,-9.521,-7.784,-5.669,-8.725,-8.004,-12.123,-9.853,-5.080,-8.842,0.000,-14.111,-19.219,-9.012,-12.739,-7.731,-10.932,-9.922,-6.845,0.000,-14.038,-17.424,-13.907,-13.510,-7.369,-13.780,-12.712,-6.977,-6.819,-7.844,-7.540,-7.915,-7.408,-7.790,-7.282,-7.608,-6.632,-7.266,-6.271,-2.510,-7.623,-7.458,-6.933,-0.634,-5.320,3.727,-4.104,-9.848,-9.644,-6.334,-9.064,-7.601,-7.448,-6.944,-7.028,-7.216,-6.866,-6.759,-7.440,-9.059,-10.304,-11.124,-11.752,-11.476,-13.423,-8.915,-10.257
P,-6.967,-1.675,0.000,-3.362,-3.859,-2.232,-3.511,-2.654,-4.223,-4.246,-2.630,-1.741,-4.080,-4.130,-6.836,-4.779,-6.331,0.000,-4.718,-8.435,-2.486,0.000,-9.313,-10.379,-10.066,-8.137,-11.201,-10.911,-7.600,-12.980,-12.281,-13.314,-10.404,-14.459,-14.102,-14.791,-16.644,-12.699,-12.010,-15.256,-13.437,-11.303,-16.039,-9.874,-13.541,-12.771,-16.247,-17.547,-9.840,-12.999,-14.489,-13.945,-6.060,-9.885,-12.134,-9.509,-8.686,-7.617,-11.640,-8.146,-9.184,-11.302,-10.141,-10.713,-13.412,-9.035,-11.361,-13.166,-15.728,-11.462,-13.295,-13.782,-13.208,-12.635,-14.675,-14.460,-10.274,-13.404,-13.006,-11.301,-13.872,-7.447,-10.293,-12.512,-11.367,-12.040,-12.003,-13.455,-13.999,-9.295,-7.297,-10.404,-13.420,-11.659,0.000,-8.807,0.000,-6.123,-5.628,-5.197,-0.164,-3.934,-4.667,-3.377,-4.279,-4.257,-7.060,-4.218,-2.439,-2.948,-3.339,-2.356,0.000,-2.244,-2.972,-2.446,-2.682,-3.227,0.000,-2.333,-1.789,-3.160,-1.712,-1.649,-2.768,-2.211,-2.145,-3.148,0.000,-3.562,-3.150,-3.343,-3.042,-3.611,-6.280,-3.959,-3.709,-3.052,-3.776,-0.845,0.000,-3.438,-1.272,-3.162,-3.242,-2.922,-2.852,0.000,-3.256,0.000,-3.957,-2.923,-2.732,-3.387,-3.649,-3.599,-3.717,-4.348,-2.235,-2.733,-4.301,0.000,-3.655,-6.798,-8.075,-5.147,-7.987,-8.829,-9.441,-8.843,-13.616,-12.460,-10.758,-11.359,-6.385,-1.540,-2.533,-8.582,-3.381,-2.992,-4.042,-6.120,-8.466,-10.021,-5.978,-6.785,-6.361,-6.459,0.000,-4.546,-5.151,-4.188,-3.547,-4.765,-3.705,-4.740,-2.202,-3.432,-3.733,-1.662,-3.845,-1.502,-3.028,-3.976,-2.448,-2.836,-3.470,-2.802,-2.979,0.083,-3.664,-3.383,0.000,-3.094,-3.401,-1.543,-2.780,-2.698,-3.205,-3.229,-2.833,-3.310,-2.811,-2.095,-2.534,-3.020,0.000,-5.622,-2.682,-3.336,-4.244,-7.629,-5.277,0.000,-6.947,-10.141,-3.854,-0.844,-8.255,0.000,-7.088,-9.754,-8.910,-6.827,0.000,-6.584,-6.880,-13.743,0.000,-8.073,-12.986,0.000,-10.061,-10.772,-5.680,-3.727,-5.150,-4.430,0.405,-2.377,-3.810,-0.565,-3.782,-6.623,-5.661,0.000,-4.824,-2.614,-3.616,0.000,-2.838,-4.149,0.000,-2.050,-2.947,-3.388,0.000,-5.281,-4.593,0.000,-3.734,-4.141,-0.666,-2.514,-3.032,-2.647,-2.631,-3.844,0.000,-2.571,-0.962,-2.547,-2.554,-3.433,-2.430,-2.729,-3.553,-2.526,-1.587,1.216,0.000,0.000,0.000,0.000,0.000,0.000,0.000,0.000,0.000,0.000,-1.549,0.000,-2.211,-2.484,-1.637,-2.237,-2.313,-3.053,0.000,0.000,-3.589,0.000,0.000,-1.853,-1.428,-2.695,-2.858,0.000,-1.860,-1.792,-1.851,-2.686,-3.074,-1.657,-2.651,-2.405,-2.221,-4.246,-4.250,-3.714,-3.373,-3.352,-3.393,0.000,-3.165,-2.104,-2.522,-2.253,-2.216,0.000,-4.525,-2.976,-4.361,-5.058,-10.874,0.000,-6.847,-6.135,-10.273,-11.014,-13.018,-9.872,-13.460,-15.324,-18.781,-19.723,-21.531,-19.965,-18.282,-15.690,-16.340,-16.588,-13.016,-10.803,-13.760,-9.043,-9.969,-13.537,-12.646,-10.979,-3.946,-11.636,-13.720,-12.202,-12.773,-9.680,-13.450,-12.982,-11.919,-9.942,-11.581,-8.094,-10.448,-9.660,-12.214,-8.377,-8.545,-6.764,-5.385,-3.546,-6.184,-6.764,-7.905,-6.500,-5.458,-11.915,-17.689,-15.348,-18.715,-18.442,-19.879,-15.514,-21.450,-17.534,-16.169,-15.649,-17.596,-12.951,-18.465,-13.814,-16.697,-12.588,-13.106,-6.986,-7.266,0.000,-4.477,-3.410,-4.602,-2.819,-5.224,0.000,-4.737,-3.591,-4.881,-2.455,-4.630,-5.467,-6.006,-4.473,-1.601,-3.880,-5.789,0.000,0.000,-2.082,0.000,0.000,0.000,-2.114,-3.230,0.000,-2.344,-3.043,-5.710,-6.540,-7.144,-10.716,-10.013,-10.820,-14.300,-11.360,-10.175
Y,-9.036,-2.431,-4.742,-3.945,-5.529,-2.158,-4.333,-3.810,-5.641,-3.987,-3.305,-3.974,-6.550,-6.139,0.000,-6.666,-8.488,-10.467,-3.336,-8.431,-6.729,-8.470,-9.117,-11.362,-10.317,-9.870,-12.761,-10.416,-6.679,-9.944,-9.523,-13.687,-10.846,-13.469,-8.897,-14.263,-12.777,-5.139,0.000,-13.681,-7.957,-8.108,-9.169,-10.203,-10.453,-9.972,-14.363,-9.846,-6.648,-9.297,-15.405,-9.972,-7.584,-6.929,-11.156,-6.856,-7.218,-3.193,-8.821,-6.592,-7.976,-7.157,-8.212,-8.529,-9.702,-6.568,-8.465,-11.107,-12.800,-8.290,-10.366,-15.526,-10.019,-10.719,-13.096,-11.908,-8.786,-11.101,-10.471,-12.300,-14.989,-10.525,-11.215,-14.025,-13.621,-13.669,-13.240,-13.253,-6.988,-10.372,-11.140,-13.572,-14.193,0.000,-13.465,-10.381,-10.281,-8.536,-6.439,-4.355,-6.575,-5.957,0.000,-3.926,-6.451,-4.716,-3.717,-5.370,-6.773,-5.189,-6.505,-5.176,-5.598,-5.864,-5.905,-5.496,-4.771,-6.396,-4.942,-4.993,-4.503,-4.879,-4.222,-5.357,-4.834,-4.474,-3.857,-4.538,-2.882,-5.263,-5.739,-5.514,-2.988,-4.836,-7.731,-1.323,-3.927,-4.934,-4.521,-4.458,0.642,-3.877,-1.812,-4.872,-4.871,-4.832,-5.208,-5.648,-5.575,-5.993,-6.399,-6.022,-5.345,-5.498,-6.580,-6.734,-6.170,-6.265,-6.243,-5.406,-7.696,-8.637,-6.218,-9.041,-10.131,-8.092,-10.596,-10.107,-11.868,-9.213,-10.538,-11.935,-6.608,-2.672,-8.320,-7.257,-6.992,-10.507,-7.101,-7.633,0.580,-9.032,-11.552,0.000,-3.987,-5.755,-6.282,-13.388,-11.806,-10.588,-7.393,-8.971,-6.506,-7.719,-6.528,-5.798,-7.126,-4.185,-4.434,-4.057,-5.921,-5.433,-5.204,-7.057,-3.674,-4.269,-6.827,-6.576,-4.901,-3.061,-5.552,-6.144,-8.335,-5.580,-5.230,-4.174,-5.738,-4.963,-6.703,-5.961,-5.388,-5.685,-5.088,-5.075,-4.804,-5.160,-6.888,-8.163,-5.902,0.000,-4.742,0.000,-7.353,-12.528,-7.534,-10.695,-8.585,-6.125,-10.172,-13.789,-9.004,-12.501,-11.025,-7.693,-13.889,-7.440,0.000,-13.262,-13.518,-7.836,-14.435,-13.934,-11.709,-11.924,-7.687,-7.121,-7.766,-3.488,-2.807,0.000,-5.312,-6.497,-8.470,-7.169,-7.943,-7.314,-6.000,-4.687,-5.207,-5.661,-6.421,-4.764,-6.552,-5.114,-2.657,-4.990,-8.366,-7.903,-6.912,-8.703,-6.236,-5.844,-4.115,-5.627,-6.580,-5.128,-4.719,-7.577,-6.899,-6.105,-4.308,-5.973,-7.189,-5.673,-5.755,-7.047,-6.813,-6.059,-6.658,-6.551,-10.013,-12.778,-14.340,-14.767,-16.745,-16.682,-14.945,-16.518,-12.602,-10.971,-9.562,-9.042,-9.799,-7.251,-7.258,-7.064,-8.200,-9.593,-12.424,-11.623,-10.403,-12.345,-10.703,-8.054,-6.720,-7.946,-7.768,-8.248,-6.619,-6.431,-6.244,-7.822,-6.857,-6.447,-7.573,-7.684,-6.605,-8.527,-8.214,-8.407,-8.814,-7.125,-8.236,-8.326,-9.366,-7.575,-8.374,-8.158,-9.808,-9.860,-10.361,-11.124,-9.952,-10.836,-14.425,-13.105,-13.195,-9.859,-15.574,-12.122,-14.946,-11.255,-19.108,-15.627,-15.375,-17.818,-20.575,-14.839,-11.882,-16.518,-20.644,-19.278,-15.940,-14.015,-15.428,-15.633,-14.661,-17.644,-14.988,-13.575,-7.545,-15.295,-15.358,-14.295,-15.093,-6.653,-15.007,-14.403,-14.063,-9.034,-13.049,-10.978,-13.582,-10.560,-15.796,-11.260,-11.160,-12.219,-11.763,-9.829,-11.970,-11.656,-14.976,-11.386,-4.142,-13.185,-17.258,-15.273,-15.263,-20.414,-9.482,-12.193,-19.535,-17.498,-15.223,-15.535,-18.984,-18.384,-18.929,-15.340,-17.019,-14.858,-14.052,-11.714,-11.669,-9.746,-11.050,-9.865,-10.792,-10.014,-10.613,-8.880,-9.905,-10.129,-9.401,-5.031,-9.456,-8.952,-9.848,-6.362,-7.173,-4.103,-10.658,-12.790,-11.532,-11.050,-12.721,-11.824,-10.728,-9.935,-9.539,-8.034,-8.588,-7.934,-10.473,-10.363,-11.243,-12.045,-12.805,-12.566,-13.629,-10.503,-10.229
F,-9.304,-4.318,-5.423,-4.604,-6.336,-3.068,-5.808,-5.460,-5.699,-4.650,-5.033,-4.949,-6.215,-6.338,-4.510,-6.788,-7.377,-10.957,-3.804,-7.906,-7.638,-9.555,-10.622,-8.550,-11.511,-11.859,-13.473,-11.289,-8.098,-8.601,-8.350,-15.048,-6.917,-12.679,-9.603,-13.817,-9.428,-5.203,-3.696,-9.619,-11.145,-7.732,-9.712,-8.331,-10.510,-11.002,-10.156,0.000,-6.167,-9.762,-11.096,-8.384,-6.764,-8.316,-5.228,-6.603,-6.328,-4.801,-8.926,-6.196,-9.751,-4.481,-7.957,-8.146,-7.716,-6.785,-8.875,-13.447,-9.316,-8.092,-7.925,-12.200,-11.326,-9.055,-14.370,-8.369,-8.979,-11.376,-5.549,-11.892,-14.938,-8.733,-7.740,-14.956,-13.098,-9.359,-12.741,-8.863,0.000,-10.034,-11.085,-12.869,-14.012,-5.053,-12.784,-10.230,-10.708,-9.391,-7.389,-4.899,-6.249,-7.094,-6.493,-6.162,-6.605,-3.776,0.000,-6.472,-6.886,-4.755,-6.686,-4.991,-5.550,-5.740,-5.182,-5.432,-5.352,-6.276,-5.258,-4.782,-4.433,-4.574,-3.722,-4.884,-4.538,-3.975,-4.560,-3.955,-2.844,-4.991,-5.651,-4.370,-2.958,-3.575,-5.954,-1.085,-2.969,-4.501,-4.371,0.000,1.462,-2.948,-1.097,-3.562,-4.347,-4.442,-4.416,-5.723,-4.977,-6.070,-6.084,-5.750,-5.057,-5.388,-5.830,-5.153,-5.908,-5.014,-5.530,-5.365,-5.746,-8.067,-6.885,-10.286,-7.807,-8.513,-10.298,-8.212,-12.540,-10.558,-7.130,-8.682,-4.624,0.000,-10.805,-8.123,-6.831,-11.644,-7.782,-6.853,-3.131,-10.509,-12.502,-7.470,-1.503,0.000,-5.043,-14.726,-11.867,-9.057,-8.194,-8.866,-6.122,-6.531,-7.237,-8.212,-7.718,-5.162,-4.006,-3.289,-4.932,-5.393,-4.937,-6.834,-5.710,-6.135,-7.016,-6.721,-4.900,0.000,-5.572,-5.607,-8.076,-5.151,-5.088,-3.275,-5.474,-5.026,-7.076,-6.057,-4.986,-5.805,-4.314,-4.442,-4.575,-5.175,-6.990,-8.073,-5.382,-2.663,0.000,-5.044,-4.284,-13.162,-8.937,-6.630,-8.621,-6.452,-7.712,-13.986,-9.830,-7.900,-12.311,-5.548,-12.727,-5.228,-0.765,-6.984,-12.910,-8.945,-8.567,-13.758,-11.464,-8.398,-5.166,-8.180,-7.796,-2.352,-3.521,-2.984,-3.896,-6.756,-8.734,-4.373,-6.994,-6.101,-4.705,-2.909,-3.196,-4.051,-5.509,-2.704,-4.956,-2.928,-0.981,-2.782,-6.893,-7.065,-5.151,-6.903,-5.284,0.000,-2.375,-4.783,-5.791,-3.661,-3.785,-6.512,-6.560,-5.144,-3.922,-4.924,-6.265,-4.706,-4.601,-6.588,-5.721,-4.445,-5.034,-4.065,-8.081,-10.285,-12.076,-12.628,-14.259,-14.179,-12.823,-13.133,-10.596,-8.556,-7.230,-6.821,-7.972,-4.969,-5.391,-5.095,-6.598,-7.262,-10.158,-9.296,-7.420,-9.954,-8.697,-6.128,-4.825,-6.331,-6.178,-6.498,-5.125,-4.563,-4.940,-6.859,-5.937,-5.110,-6.593,-6.822,-5.093,-6.953,-6.821,-6.652,-7.580,-6.132,-6.933,-7.096,-8.100,-6.178,-7.520,-7.627,-8.321,-8.938,-9.436,-10.480,-8.379,-9.544,-15.655,-12.182,-12.391,-8.984,-16.477,-14.908,-14.353,-11.437,-13.894,-11.521,-16.107,-17.434,-15.866,-16.847,-11.121,-15.235,-21.608,-18.137,-11.201,-15.273,-16.496,-15.194,-16.103,-12.945,-15.486,-13.605,-7.249,-15.489,-16.668,-14.894,-15.513,-7.204,-15.492,-15.336,-14.510,-10.795,-13.643,-10.811,-13.366,-10.658,-16.035,-10.712,-8.805,-11.989,-10.787,-9.209,-11.356,-11.454,-16.733,-12.114,-6.419,-8.899,-11.507,-15.492,-18.511,-12.277,0.000,-12.432,-18.513,-12.657,-13.084,-13.137,-17.754,-19.073,-20.094,-15.698,-13.599,-15.195,-14.464,-11.208,-10.611,-9.426,-9.733,-9.288,-9.763,-9.172,-9.433,-8.670,-9.129,-9.271,-8.938,0.000,-8.667,-7.388,-7.987,-5.164,-5.905,-1.772,-6.910,-9.245,-10.075,-8.584,-10.099,-10.112,-9.879,-9.390,-9.220,-8.143,-8.797,-8.625,-9.758,-10.300,-11.786,-12.656,-13.801,-13.519,-13.541,-10.523,-11.157
W,-10.401,-5.784,-6.754,-5.981,-7.389,-5.273,-7.593,-6.478,-8.137,-6.892,-6.652,-7.123,-8.301,-8.810,-8.595,-8.544,-9.270,-12.613,-6.995,-10.952,-8.093,-7.196,-11.747,-11.324,-9.040,-8.788,-13.478,-9.299,-9.975,-11.686,-9.710,-15.485,-10.618,-14.286,-10.394,-15.525,-13.252,-6.553,-8.209,-13.395,-9.169,-7.887,-14.283,-11.417,-9.937,-11.551,-14.910,-11.659,-6.377,-9.421,-15.749,-11.089,-7.105,-6.765,-9.887,-7.410,-7.925,-6.593,-9.700,-6.494,-8.089,-9.209,-8.559,-8.545,-11.317,-7.325,-9.895,-10.310,-13.972,-10.086,-11.057,-15.810,-11.414,-12.066,-13.573,-14.464,-11.126,-11.425,-10.106,-12.654,-13.445,-11.740,-9.670,-13.378,-15.682,-13.264,-13.101,-13.384,-13.035,-12.711,-13.924,-14.781,-14.080,-11.389,-15.653,-12.016,-12.718,-11.024,-8.478,-7.005,-7.762,-8.265,-8.343,-7.850,-8.983,-7.238,-7.050,-8.380,-8.728,-7.584,-7.086,-6.892,-7.290,-7.007,-6.664,-6.268,-6.555,-7.357,-6.725,-6.448,-6.141,-6.814,-5.386,-6.479,-6.737,-5.648,-6.821,-6.604,-6.596,-6.808,-6.921,-6.363,-5.535,-6.175,-8.700,-4.993,-6.586,-6.025,-7.830,-6.021,-5.238,-6.446,-4.649,-6.464,-6.569,-5.777,-6.178,-7.139,-6.726,-6.754,-6.985,-6.098,-5.854,-6.071,-6.987,-7.352,-7.850,-7.570,-7.800,-8.736,-9.373,-10.744,-8.764,-12.180,-11.736,-11.055,-13.566,-11.622,-13.932,-13.290,-12.991,-13.377,-11.229,-10.272,-12.627,-9.360,-9.346,-12.485,-9.317,-9.912,-6.915,-11.231,-13.268,-12.633,-7.399,-10.558,-9.975,-16.260,-14.612,-12.478,-9.000,-11.145,-9.316,-9.561,-9.168,-9.890,-8.807,-7.999,-4.860,-6.472,-8.273,-8.387,-7.876,-8.380,-7.002,-8.063,-8.305,-8.669,-7.634,-4.915,-8.027,-7.684,-10.475,-6.895,-7.729,-5.235,-6.896,-6.527,-7.568,-7.479,-6.484,-5.037,-7.029,-6.835,-6.989,-7.277,-9.409,-9.551,-7.477,-2.997,-8.103,-7.527,-9.330,-14.809,-11.730,-12.437,-11.468,-9.728,-11.724,-16.261,-12.414,-13.211,-14.622,-10.600,-16.360,-9.259,-7.333,-15.463,-15.251,-11.996,-15.399,-16.990,-13.369,-13.401,-9.978,-9.943,-12.050,-6.477,-6.923,-6.420,-8.401,-9.775,-11.348,-9.038,-11.065,-9.988,-8.819,-5.440,-6.889,-7.878,-7.671,-6.332,-7.755,-6.703,-5.257,-6.093,-9.796,-9.898,-8.185,-10.773,-7.863,-5.975,-6.370,-7.439,-8.712,-6.735,-6.465,-9.093,-9.519,-7.187,-6.101,-6.830,-9.038,-6.969,-6.909,-9.110,-8.770,-7.838,-7.794,-8.095,-11.857,-14.193,-16.922,-17.497,-19.089,-19.285,-17.289,-17.795,-15.429,-11.958,-11.403,-9.856,-11.410,-8.644,-8.561,-8.954,-8.885,-11.694,-14.457,-12.678,-11.771,-13.521,-11.785,-9.466,-7.179,-8.459,-8.573,-8.542,-6.179,-6.531,-6.584,-6.887,-6.838,-6.181,-7.296,-7.087,-7.307,-9.420,-9.256,-9.182,-9.418,-8.233,-8.979,-9.416,-9.386,-8.223,-10.261,-9.605,-10.691,-11.396,-10.898,-12.526,-12.031,-12.304,-18.312,-15.626,-14.336,-9.211,-18.267,-12.029,-15.404,-13.709,-19.167,-15.206,-16.098,-19.429,-23.156,-14.149,-13.527,-17.219,-19.519,-17.207,-15.480,-15.449,-14.595,-18.193,-17.457,-16.606,-13.068,-14.876,-10.113,-15.679,-17.676,-12.450,-16.178,-10.291,-14.762,-14.381,-15.105,-10.254,-14.322,-11.691,-16.217,-12.310,-18.299,-13.859,-12.599,-11.737,-13.164,-12.578,-14.170,-14.250,-16.737,-14.300,-7.873,-14.454,-19.668,-16.388,-21.121,-19.384,-17.530,-14.228,-20.183,-19.402,-15.556,-14.105,-15.411,-15.614,-19.655,-14.282,-17.097,-17.065,-15.065,-12.637,-12.391,-11.988,-10.582,-11.225,-10.429,-11.158,-11.052,-11.166,-10.611,-11.431,-12.644,-5.647,-10.041,-9.358,-10.533,-7.509,-8.740,-6.484,-12.305,-13.010,-12.974,-12.261,-13.999,-12.156,-11.399,-11.408,-11.316,-10.169,-9.764,-9.658,-12.467,-13.178,-13.704,-15.002,-14.412,-15.219,0.000,-11.551,-11.570
