,M 1,N 2,S 3,G 4,I 5,S 6,Q 7,V 8,F 9,Q 10,R 11,E 12,L 13,T 14,C 15,P 16,I 17,C 18,L 19,N 20,Y 21,F 22,I 23,D 24,P 25,V 26,T 27,I 28,D 29,C 30,G 31,H 32,S 33,F 34,C 35,R 36,P 37,C 38,F 39,Y 40,L 41,N 42,W 43,Q 44,D 45,I 46,P 47,I 48,L 49,T 50,Q 51,C 52,F 53,E 54,C 55,L 56,K 57,T 58,T 59,Q 60,Q 61,R 62,N 63,L 64,K 65,T 66,N 67,I 68,R 69,L 70,K 71,K 72,M 73,A 74,S 75,R 76,A 77,R 78,K 79,A 80,S 81,L 82,W 83,L 84,F 85,L 86,S 87,S 88,E 89,E 90,Q 91,M 92,C 93,G 94,T 95,H 96,R 97,E 98,T 99,K 100,K 101,I 102,F 103,C 104,E 105,V 106,D 107,R 108,S 109,L 110,L 111,C 112,L 113,L 114,C 115,S 116,S 117,S 118,L 119,E 120,H 121,R 122,Y 123,H 124,R 125,H 126,C 127,P 128,A 129,E 130,W 131,A 132,A 133,E 134,E 135,H 136,R 137,E 138,K 139,L 140,L 141,K 142,K 143,M 144,Q 145,S 146,L 147,W 148,E 149,K 150,V 151,C 152,E 153,N 154,Q 155,R 156,N 157,L 158,N 159,V 160,E 161,T 162,T 163,R 164,I 165,S 166,H 167,W 168,K 169,D 170,Y 171,V 172,N 173,V 174,R 175,L 176,E 177,A 178,I 179,R 180,A 181,E 182,Y 183,Q 184,K 185,M 186,P 187,A 188,F 189,H 190,H 191,E 192,E 193,E 194,K 195,H 196,N 197,L 198,E 199,M 200,L 201,K 202,K 203,K 204,G 205,K 206,D 207,I 208,F 209,H 210,R 211,L 212,H 213,L 214,S 215,K 216,A 217,K 218,M 219,A 220,H 221,R 222,R 223,E 224,I 225,L 226,R 227,G 228,T 229,Y 230,A 231,E 232,L 233,M 234,K 235,M 236,C 237,H 238,K 239,P 240,D 241,V 242,E 243,L 244,L 245,Q 246,A 247,F 248,G 249,D 250,I 251,L 252,H 253,R 254,S 255,E 256,S 257,V 258,L 259,L 260,H 261,M 262,P 263,Q 264,P 265,L 266,N 267,L 268,E 269,L 270,R 271,A 272,G 273,P 274,I 275,T 276,G 277,L 278,R 279,D 280,R 281,L 282,N 283,Q 284,F 285,R 286,V 287,D 288,I 289,T 290,L 291,P 292,H 293,N 294,E 295,A 296,N 297,S 298,H 299,I 300,F 301,R 302,R 303,G 304,D 305,L 306,R 307,S 308,I 309,C 310,I 311,G 312,C 313,D 314,R 315,Q 316,N 317,A 318,P 319,H 320,I 321,T 322,A 323,T 324,P 325,T 326,S 327,F 328,L 329,A 330,W 331,G 332,A 333,Q 334,T 335,F 336,T 337,S 338,G 339,K 340,Y 341,Y 342,W 343,E 344,V 345,H 346,V 347,G 348,D 349,S 350,W 351,N 352,W 353,A 354,F 355,G 356,V 357,C 358,N 359,K 360,Y 361,W 362,K 363,G 364,T 365,N 366,Q 367,N 368,G 369,N 370,I 371,H 372,G 373,E 374,E 375,G 376,L 377,F 378,S 379,L 380,G 381,C 382,V 383,K 384,N 385,D 386,I 387,Q 388,C 389,S 390,L 391,F 392,T 393,T 394,S 395,P 396,L 397,T 398,L 399,Q 400,Y 401,V 402,P 403,R 404,P 405,T 406,N 407,H 408,V 409,G 410,L 411,F 412,L 413,D 414,C 415,E 416,A 417,R 418,T 419,V 420,S 421,F 422,V 423,D 424,V 425,N 426,Q 427,S 428,S 429,P 430,I 431,H 432,T 433,I 434,P 435,N 436,C 437,S 438,F 439,S 440,P 441,P 442,L 443,R 444,P 445,I 446,F 447,C 448,C 449,V 450,H 451,L 452
K,-5.858,-5.100,-7.228,-2.851,-6.318,-8.194,-4.453,-5.453,-13.878,-7.917,-0.807,-6.097,-12.868,-6.769,-13.042,-10.392,-9.796,-14.082,-8.326,-5.749,-13.986,-12.989,-6.070,-7.961,-14.141,-13.624,-12.811,-11.421,-7.012,-14.883,-11.358,-11.546,-12.690,-16.969,-14.744,-5.209,-11.403,-13.239,-9.761,-10.925,-4.654,-6.752,-9.845,-1.971,-4.437,-3.179,-3.215,-2.754,-6.136,-3.996,-1.696,-8.956,-5.003,-7.071,-10.601,-2.361,0.000,-6.221,-8.157,-6.588,-4.995,-4.229,-7.252,-10.041,0.000,-10.482,-9.180,-8.932,-6.014,-13.559,0.000,0.000,-9.632,-11.956,-2.649,-2.132,-11.217,-4.433,0.000,-9.787,-9.139,-11.607,-5.349,-2.395,-5.677,-11.678,-4.742,-11.270,-4.861,-4.787,-7.428,-8.158,-13.082,-6.009,-6.911,-11.267,-2.573,-6.101,-3.797,0.000,0.000,-6.026,-14.884,-13.952,-5.805,-3.989,-8.517,-1.194,-3.250,-13.330,-14.647,-13.637,-8.095,-8.717,-14.367,-10.585,-3.081,-11.031,-0.028,-6.502,-12.190,-4.510,-2.437,-12.387,-5.881,-11.935,-11.987,-12.715,-6.051,-6.336,-7.366,-11.479,-10.104,-4.918,-4.765,-7.209,-4.635,-4.257,0.000,-11.960,-7.387,0.000,0.000,-8.800,-3.933,-7.505,-10.572,-9.468,-3.667,0.000,-3.766,2.828,-4.712,-5.752,-2.862,-2.250,-4.978,-7.015,-3.104,-2.436,-5.988,-3.265,-2.305,-1.632,-7.036,-4.518,-4.400,-8.859,0.000,-4.056,-2.202,-9.055,-0.329,-5.938,-5.064,-5.843,-4.026,-5.831,-7.657,-3.735,-5.090,-6.494,-11.048,-3.338,0.000,-5.038,-2.124,-3.654,-9.569,-4.461,-5.655,-4.676,-7.467,-5.749,0.000,-3.864,-5.163,-8.088,-4.418,-2.882,-12.138,0.000,0.000,0.000,-6.539,0.000,-3.286,-9.729,-9.037,-3.783,-2.417,-10.701,-2.626,-0.165,-9.275,0.000,-2.379,0.000,-9.310,-5.868,-3.209,-2.540,-5.038,-3.002,-3.776,-12.124,-3.510,-3.481,-7.085,-10.258,-2.278,-6.342,-13.335,-3.536,0.000,-5.635,-13.641,-8.594,0.000,-12.050,-8.556,-7.826,-4.782,-12.003,-11.064,-5.716,-3.128,-10.209,-5.068,-7.520,-7.144,-9.106,-3.012,-7.113,-8.692,-5.422,-8.182,-8.645,-2.396,-9.664,-5.162,-0.775,-9.856,-4.681,-7.194,-4.179,-7.224,-7.281,-4.606,-11.705,-4.631,-8.516,-6.197,-10.172,-13.526,-10.405,-9.780,-11.696,-3.768,-4.656,-6.622,-11.122,-5.151,-4.782,-13.958,-4.820,-10.588,-7.495,-10.228,-7.906,-13.295,-1.906,-4.038,-1.602,-1.443,-7.324,-7.004,-5.888,-4.530,-9.925,-7.399,-1.813,-5.393,-2.922,-8.109,-8.991,-4.321,-5.213,-7.860,-3.208,-7.638,-8.224,-1.985,-3.592,-4.562,-6.802,-5.459,-5.434,-7.842,-4.524,-3.940,-6.496,-3.344,-2.991,-3.265,-2.470,-8.235,-13.317,-9.752,-11.341,-11.424,-11.440,-9.935,-8.732,-7.366,-13.514,-7.171,-10.283,-10.394,0.000,-10.297,-13.766,-13.135,-8.058,-12.490,-4.530,-8.960,-6.404,-5.490,-10.237,-13.468,-6.380,-13.885,-10.864,-11.041,-12.676,-13.756,-11.059,-3.179,0.000,-2.535,-3.181,0.000,-3.573,-2.171,-3.374,-2.776,-3.725,-3.736,-2.972,-5.051,-2.128,-2.848,-4.350,-4.206,-2.181,-8.203,-13.797,-6.189,-12.291,-6.140,-7.466,-4.090,0.000,-2.484,-4.382,-2.773,-6.465,-9.692,-5.732,-11.506,-10.147,-10.935,-8.768,-9.776,-12.955,-7.440,-6.037,-6.056,-7.652,-10.612,-11.764,-1.672,-4.368,-12.315,-6.362,-4.305,-4.683,-11.381,-12.334,-12.238,-12.891,-15.656,-11.804,-12.160,-5.595,-4.648,-4.167,-6.765,-15.542,-11.346,-17.191,-11.411,-7.657,-10.578,-6.741,-0.442,-4.899,-9.907,-7.688,-13.034,-9.442,-6.302,-12.093,-8.387,-4.169,-9.936,-9.017,-14.921,-10.861,-7.125,-10.745,-13.990,-5.174,-16.000,-11.014,-13.077,-9.562,-5.511,-3.161,-2.142,-3.469
R,-7.190,-6.140,-6.451,-5.563,-6.029,-7.352,-5.956,-6.628,-12.851,-7.003,0.000,-10.545,-12.217,-8.170,-7.654,-7.514,-9.522,-7.831,-7.982,-8.211,-10.866,-11.560,-7.135,-11.768,-10.004,-13.985,-12.071,-12.721,-11.439,-10.330,-8.476,-9.492,-10.766,-15.637,-9.506,0.000,-10.290,-7.893,-7.011,-8.332,-4.713,-3.515,-6.312,-3.513,-5.549,-3.257,-3.676,-2.909,-5.738,-3.840,-1.685,-7.581,-3.488,-8.598,-8.665,-0.218,-3.900,-6.719,-5.500,-5.892,-6.109,0.000,-9.940,-9.361,-3.453,-10.726,-11.565,-6.066,0.000,-12.436,-4.858,-3.691,-10.339,-11.703,-4.238,0.000,-10.531,0.000,-4.272,-9.754,-7.811,-9.855,-2.701,-1.333,-5.209,-10.619,-4.271,-9.519,-8.513,-7.286,-6.620,-7.613,-7.010,-5.445,-8.100,-8.855,0.000,-9.205,-6.663,-7.615,-5.327,-6.861,-12.412,-8.103,-9.816,-7.215,-10.854,0.000,-3.548,-11.815,-13.919,-9.108,-6.191,-8.460,-8.623,-8.923,-3.570,-9.700,-0.950,-9.613,-8.000,0.000,-2.089,-8.633,0.000,-11.465,-7.947,-10.193,-6.651,-9.453,-7.607,-12.480,-9.865,-6.046,-6.935,-6.113,0.000,-6.255,-7.576,-10.558,-6.947,-6.617,-3.442,-8.143,-5.373,-7.070,-9.798,-7.361,-6.373,-5.302,-4.034,1.609,-6.897,-6.172,-4.836,0.000,-5.565,-6.350,-3.929,-3.409,-7.409,-4.042,-3.240,0.000,-7.635,-4.439,-4.366,-5.828,-5.455,-4.082,-3.671,-9.196,-2.320,-5.028,0.000,-5.031,-4.035,-6.200,-7.325,0.000,-4.366,-9.321,-10.607,-4.421,-6.053,-3.264,0.070,-3.101,-8.387,-1.529,-3.916,-6.402,-9.968,-7.724,-3.451,-2.226,-3.902,-7.921,-5.792,-2.577,-10.453,-4.756,-4.411,-6.062,-7.034,-4.897,-5.063,-9.623,-8.697,-3.269,0.000,-9.175,-3.120,-1.656,-8.199,-4.955,-3.120,-4.270,-8.304,-5.344,-2.339,0.000,0.000,-2.234,-3.689,-10.366,0.000,-3.606,-6.739,-8.460,-0.589,-9.260,-10.976,-4.570,-5.562,-3.753,-9.995,-5.739,-6.345,-9.698,-10.683,-6.523,-7.076,-11.006,-10.228,-6.678,-3.933,-8.960,-5.065,-7.950,-8.108,-8.515,-3.806,0.000,-7.665,-6.304,-6.855,-8.421,-4.187,-7.938,-3.808,-2.412,-7.883,-5.910,-7.801,-4.594,-7.380,-5.932,-7.147,-8.971,0.000,-8.215,-2.542,-7.632,-12.804,-9.537,-7.457,-10.828,0.000,-6.258,0.000,-10.411,-4.390,-3.897,-11.794,0.000,-10.797,-9.947,-10.396,-9.252,-11.030,-3.333,-2.884,-3.150,-0.800,-7.325,-4.896,-3.323,-4.177,-8.837,-6.121,0.000,0.000,-3.626,-9.037,-7.150,0.000,-3.754,-5.017,-1.307,-4.908,-6.568,-2.056,-4.544,0.000,-6.114,-5.462,-3.931,-5.469,-3.721,-3.227,-5.497,-3.514,-1.576,-3.223,-2.665,-6.646,-9.770,-7.309,-9.310,-8.800,-7.105,-10.506,-8.836,-6.921,-11.426,-7.165,-8.619,-6.427,-4.642,-5.436,-10.842,-10.075,-10.455,-12.042,-5.582,-8.646,-6.139,-7.865,-9.199,-10.425,-6.870,-9.131,-12.090,-9.727,-8.820,-13.160,-8.135,-4.822,-4.025,-2.836,-2.719,-4.489,-3.370,-2.596,-3.626,-2.847,-3.781,-3.732,-3.135,-4.846,-2.424,-3.044,-5.720,-4.560,-2.926,-7.722,-11.567,-4.111,-11.756,-4.101,-5.882,-4.814,-5.951,-3.364,-4.138,-5.372,-6.106,-8.742,-5.194,-10.036,-6.551,-10.026,-8.544,-8.600,-10.747,-7.489,-6.076,-5.564,-6.810,-9.236,-12.317,-2.851,0.000,-10.620,-4.715,-1.538,-1.288,-11.230,-7.732,-11.588,-10.099,-12.596,-13.939,-8.344,-8.012,-3.548,0.000,-6.356,-13.967,-9.902,-15.019,-11.116,-10.776,-9.564,-5.406,-1.966,-5.044,-8.161,-4.674,-13.042,-6.572,-6.216,-11.056,-7.763,-3.266,-8.584,-8.291,-13.100,-9.258,-5.857,-9.467,-12.128,0.000,-12.945,-9.644,-12.003,-6.065,-5.502,-2.792,-2.674,-3.884
H,-9.635,-6.323,-7.563,-5.039,-6.187,-9.275,-7.689,-6.618,-13.473,-7.482,-5.747,-9.985,-12.982,-10.099,-8.873,-8.880,-10.575,-8.871,-8.309,-6.895,-6.677,-9.866,-11.593,-9.865,-8.189,-15.764,-11.388,-15.308,-9.032,-12.917,-13.426,0.000,-11.409,-14.469,-11.046,-5.587,-9.202,-10.369,-8.272,-4.660,-6.810,-5.666,-8.659,-6.768,-5.460,-3.785,-2.804,-3.919,-5.381,-4.155,-3.414,-8.068,-3.611,-7.981,-8.529,-3.359,-4.594,-7.680,-6.899,-5.557,-5.641,-6.973,-7.347,-9.039,-7.307,-9.280,-9.533,-6.241,-5.335,-12.412,-9.702,-6.634,-12.439,-14.264,-6.217,-5.116,-12.610,-9.130,-6.959,-11.577,-9.807,-9.068,-3.592,-1.562,-4.131,-12.152,-5.349,-11.999,-12.706,-9.608,-4.571,-10.089,-10.149,-11.282,-11.498,0.000,-5.680,-11.778,-13.446,-13.210,-8.611,-8.472,-9.796,-9.444,-11.978,-7.993,-7.836,-6.332,-6.605,-11.261,-14.779,-12.245,-5.653,-7.846,-11.122,-6.451,-4.926,-10.229,-1.781,-11.092,0.000,-8.096,-3.255,0.000,-5.418,0.000,-9.431,-9.519,-9.006,-9.554,-10.666,-15.381,-12.111,-8.923,-7.217,0.000,-8.033,-9.112,-11.230,-10.643,-9.047,-10.475,-3.932,-11.868,-4.968,-5.924,-9.713,-10.739,-6.784,-7.407,-6.721,0.854,-7.402,-5.763,-6.520,-5.163,-5.680,-6.325,-4.261,-4.252,-8.036,-6.178,-4.614,-5.151,-9.532,-5.044,0.000,-7.481,-8.702,-4.466,-3.156,-11.152,-5.008,-3.864,-5.800,-8.286,-4.163,-7.497,-8.479,-5.435,-6.030,-9.823,-7.818,-5.407,-7.780,-5.375,2.073,-2.058,-8.307,0.000,0.000,-8.344,-12.572,-10.963,-3.724,0.000,-0.516,-9.799,-5.602,-5.226,-10.798,-6.909,-7.588,-7.229,-8.606,-7.795,-6.184,-10.825,-8.935,0.000,-3.573,-10.002,0.000,-4.005,-9.166,-6.670,-5.420,-6.842,-10.595,-7.344,0.000,-1.802,-7.419,-3.946,-3.953,-10.770,-7.083,-5.592,-9.521,-5.133,-5.079,-9.530,-11.646,-8.822,-5.205,-8.612,-10.771,0.000,-11.569,-10.208,-8.815,-8.859,-8.747,-11.246,-10.466,-7.894,-3.322,-7.527,-9.592,-8.080,-10.538,-9.807,0.000,-6.293,-9.890,-8.483,-8.953,-10.655,-5.338,-8.238,0.000,-4.509,-8.376,-6.728,-6.424,-6.141,-6.700,-8.256,-7.848,-9.365,-5.105,-9.482,-4.261,-7.419,-13.283,-11.148,-10.949,-11.290,-7.140,-6.878,-7.255,-11.630,-5.942,-4.559,-10.876,-5.636,-13.276,-6.955,-11.231,-10.880,-10.518,-0.905,0.000,-4.944,-3.381,-9.197,-4.376,-2.658,0.000,-8.173,-5.610,-0.754,-2.038,-5.700,-8.256,-7.774,-8.568,-3.274,-8.025,-3.385,-3.766,-8.723,-1.955,-5.610,-2.382,-6.103,-5.669,-5.200,-5.540,0.000,-1.238,-6.201,-4.459,-3.634,-3.624,-2.456,-5.686,-8.000,-9.977,-10.681,-11.456,-11.281,-10.068,-8.378,-9.709,-11.645,-8.402,-8.586,-12.180,-8.804,-2.868,-8.081,-12.557,-11.279,-14.311,0.000,-11.784,-9.649,-6.446,-9.174,-11.985,-6.467,-13.528,-12.744,-10.927,-13.241,-15.263,-9.883,-6.707,-1.870,-3.282,-3.757,-5.294,-4.770,-3.803,-4.298,-3.064,-3.842,-4.458,-3.388,-5.544,0.000,-3.816,-6.680,-7.265,-4.846,-7.725,-12.439,-6.423,-13.833,-6.370,-9.860,-7.908,-9.953,-5.603,-4.374,-4.129,-3.936,-5.578,-6.235,-10.235,-8.359,-10.313,-8.624,-8.745,-9.140,-7.423,-5.764,-4.540,-2.502,-5.171,-13.327,-3.334,-8.081,-9.985,-3.924,-2.950,0.000,-12.409,-13.942,-13.509,-7.321,-13.763,-8.280,-6.165,-8.336,-5.305,-5.095,-8.944,-13.597,-11.620,-12.980,-9.688,-9.333,-12.615,-5.835,-3.784,-5.831,-7.952,-4.073,-13.698,0.000,-7.612,-8.045,-6.692,-3.259,-7.983,-7.102,-12.112,-7.228,-5.606,-9.692,-11.555,-5.740,-13.055,-9.476,-10.760,-6.949,-5.562,-3.205,0.000,-4.094
E,-5.943,-2.219,-7.011,-1.463,-6.572,-6.789,-3.011,-3.203,-15.074,-7.791,1.412,0.000,-13.333,-10.385,-13.931,-10.776,-11.310,-12.996,-9.680,-4.153,-13.062,-13.660,-7.949,-3.775,-14.227,-11.722,-13.629,-13.290,-4.053,-15.226,-7.838,-10.712,-14.059,-15.146,-16.331,-8.975,-11.101,-13.357,-10.509,-10.540,-6.813,-8.199,-9.779,-0.730,-3.276,-3.195,-1.714,-1.606,-6.945,-4.502,-6.381,-9.165,-5.996,0.000,-11.153,-5.047,-2.818,-6.932,-7.673,-6.902,-5.739,-5.626,-7.587,-10.066,-6.038,-10.086,-11.297,-10.279,-6.329,-14.902,-6.526,-7.154,-10.844,-10.542,0.767,-3.684,-9.382,-9.471,-2.694,-6.830,-11.417,-12.164,-5.610,-1.739,-5.748,-12.039,-6.193,-11.868,0.000,0.000,-7.521,-9.453,-12.574,-4.800,-8.121,-10.967,-7.058,0.000,-7.484,-9.449,-7.326,-10.409,-15.379,-15.441,0.000,-3.829,-5.965,-4.256,-4.724,-14.689,-15.925,-13.800,-6.820,-8.710,-14.639,-7.348,-3.989,-10.854,-0.440,0.000,-12.218,-6.744,-0.611,-12.215,-9.367,-10.526,-13.008,-12.279,-6.092,0.000,-5.121,-9.320,-8.327,0.000,0.000,-7.751,-9.573,0.000,-8.252,-13.178,-8.285,-5.153,-4.726,-10.865,-2.985,-8.049,-10.476,-9.849,0.000,-5.380,-5.251,2.755,0.000,-5.487,-2.022,-2.896,-6.624,-7.046,-1.808,-2.266,0.000,-2.232,-2.164,-3.644,-6.550,-4.651,-4.848,-9.507,-4.844,-2.579,-2.956,-7.299,-1.471,-6.426,-6.493,-5.752,0.000,-5.315,-7.769,-5.912,-5.282,0.000,-10.337,-2.351,-5.750,-6.289,-2.661,-3.125,-10.044,-4.701,-6.088,0.000,0.000,0.000,-3.957,-6.295,-3.888,-8.792,0.000,-3.615,-11.222,-1.901,-3.078,0.453,-3.849,-1.978,-1.192,-10.253,-8.618,-4.984,-2.656,-11.907,-2.896,1.633,-9.441,-0.735,-2.051,-2.626,-10.281,-5.381,-3.062,-4.474,-6.400,0.000,-3.582,-12.185,-5.289,-3.674,-8.775,-9.572,-1.564,0.000,-13.156,-4.590,0.072,-8.856,-14.502,-8.859,-8.215,-11.609,-6.035,-7.275,0.000,-12.786,-11.642,-7.596,-2.957,-9.745,-5.452,-6.966,-7.770,-11.222,-5.029,-10.221,-9.231,0.000,-8.698,-8.690,-3.977,-10.281,-6.915,-2.341,-9.443,-3.511,-5.885,-4.001,-8.308,-7.370,0.000,-12.653,-6.262,-7.657,-7.068,-11.088,-13.346,-12.270,-7.474,-11.896,-6.872,-2.910,-8.247,-10.978,-7.615,-6.374,-12.155,-7.309,-7.001,-5.408,-11.527,-11.229,-12.641,0.198,-2.431,-0.114,0.000,-6.426,-7.443,-5.451,-4.587,-9.970,-5.793,-1.887,-5.615,-0.925,-6.764,-7.510,-9.245,-4.774,-9.117,-4.809,-6.603,-6.484,-0.993,-3.490,-5.769,-7.522,-4.345,-5.564,-7.916,-4.790,-5.086,-6.609,-3.184,-3.654,-4.292,-0.644,-8.456,-13.240,-9.216,-11.458,-13.987,-9.051,-9.298,-8.814,-9.246,-13.228,-8.206,-10.469,-7.533,-8.548,-10.639,-13.665,-13.206,0.000,-11.858,-2.183,-10.437,-5.119,-5.871,-11.657,-13.487,-6.192,-15.222,-9.054,-10.218,-11.176,-13.279,-12.127,-5.187,-3.837,-3.824,-3.767,-3.944,-4.211,-2.651,-4.190,-2.606,-4.282,-4.196,-3.131,-5.699,-3.496,-3.449,0.000,0.000,-2.043,-8.956,-14.694,-6.399,-12.860,-5.533,-7.159,-6.558,-8.811,-1.087,-4.706,-4.454,-6.833,-10.352,-6.985,-11.878,-11.438,-12.297,-9.117,-9.687,-13.552,-7.814,-6.674,-5.649,-8.198,-12.033,-11.598,-2.971,-7.988,-13.647,-6.938,-4.846,-9.505,-12.417,-9.122,-10.878,-13.347,-16.508,-9.160,-12.417,0.000,-2.984,-4.368,-9.068,-14.860,-12.673,-17.308,-11.567,-7.738,-9.945,-6.411,-4.108,-4.877,-10.645,-7.298,-13.031,-10.204,-6.397,-11.385,-11.078,-5.303,-10.339,-10.791,-15.138,-10.818,-4.365,-9.343,-13.224,-9.506,-16.518,-10.487,-14.131,-11.115,-7.915,-3.532,-4.587,-5.360
D,-7.887,-0.991,-9.571,0.276,-6.573,-6.546,-7.057,-2.277,-13.464,-11.420,-0.747,-5.301,-12.108,-10.538,-10.981,-10.764,-11.694,-11.383,-11.766,-3.417,-8.014,-13.335,-8.627,0.000,-14.816,-14.724,-11.460,-10.282,0.000,-13.924,-8.825,-6.448,-10.818,-14.366,-13.451,-11.289,-10.727,-11.421,-10.007,-9.266,-9.317,-6.561,-9.896,-3.954,0.000,-2.513,-1.420,-1.094,-5.962,-4.141,-6.522,-8.226,-8.595,-7.079,-10.446,-7.533,-6.488,-8.639,-6.956,-8.481,-8.555,-6.683,-5.339,-10.895,-8.657,-7.632,-7.136,-11.266,-7.750,-15.492,-8.619,-5.241,-12.974,-10.590,-2.910,-5.539,-9.616,-13.629,-7.262,-9.427,-9.785,-12.908,-6.761,-4.695,-6.598,-13.765,-6.628,-12.185,-7.866,-5.363,-9.700,-11.317,-11.187,-6.860,-9.435,-9.118,-8.686,-8.363,-10.581,-13.950,-9.571,-11.638,-12.729,-12.841,-8.085,-3.317,0.000,-8.544,-7.352,-14.770,-18.700,-14.468,-7.515,-10.724,-13.709,-4.541,-4.784,-8.593,-4.740,-5.872,-10.493,-9.468,0.611,-9.318,-7.660,-10.595,-12.373,-12.743,-7.199,-5.787,-8.787,-11.427,-9.435,-8.663,-5.075,-8.406,-13.785,-6.765,-11.361,-14.218,-11.394,-8.251,-5.196,-14.012,-5.131,-7.662,-11.184,-13.040,-5.460,-7.341,-6.349,-0.499,-5.712,-4.822,-5.910,-4.673,-6.158,-9.549,-2.181,-3.279,-6.215,-4.239,-3.736,-4.951,-8.958,-5.501,-4.979,-10.842,-7.944,0.000,-3.906,-8.898,-3.971,-6.367,-9.100,-8.681,-4.177,-6.138,-8.194,-7.283,-5.584,-7.856,-10.252,-3.931,-8.528,-7.780,-3.217,-3.954,-9.272,-3.735,-5.154,-5.460,-9.214,-9.801,-5.912,-6.827,-5.043,-9.928,-5.258,-3.984,-12.280,-4.530,-6.311,-3.999,-6.824,-4.772,0.000,-9.842,-9.332,-5.629,-5.442,-13.595,-2.580,0.070,-9.610,-5.750,-2.921,-4.330,-12.813,-4.389,-6.705,-4.662,-9.191,-3.852,-6.102,-13.822,-7.526,-3.423,-9.931,-9.158,-3.054,-5.988,-14.946,-6.556,-2.573,-10.658,-13.262,-8.108,-10.819,-11.236,0.000,-9.281,-7.066,-14.235,-13.077,-11.591,-0.716,-9.692,-8.419,0.000,-8.047,-12.474,-5.521,-10.967,-8.938,-8.331,-7.497,-9.604,-6.437,-11.876,-7.660,-4.595,-10.328,-6.973,-5.791,-5.987,-5.184,-9.800,-5.851,-13.262,-6.330,-8.416,-8.319,-11.121,-13.565,-12.219,-7.717,-13.770,-9.349,0.000,-9.671,-12.559,-6.049,-6.671,-11.531,-10.717,-9.081,0.000,-11.385,-10.506,-13.595,3.576,-3.391,-2.269,-3.459,-5.487,-4.139,-4.464,-3.542,-8.540,-6.103,-1.443,-2.401,-2.031,0.000,-8.238,-10.665,-5.707,-8.603,-5.517,-5.414,-6.585,-0.334,0.000,-5.199,-8.125,-1.629,-4.681,-6.882,-2.673,-3.086,-6.275,-3.201,-3.764,-3.586,-1.243,-5.948,-11.407,-10.922,-10.436,-14.789,-8.423,-8.065,-10.735,-9.394,-13.599,-8.107,-10.294,-9.653,-11.737,-11.202,-11.669,-16.041,-7.961,-12.345,-0.545,-8.859,-5.639,0.000,-10.069,-13.984,-3.872,-17.277,-8.162,-10.546,-10.865,-13.949,-12.552,-4.664,-2.004,-3.139,-4.700,-4.247,-4.271,-3.111,-3.188,-2.426,-3.436,-3.785,-3.149,-5.390,-3.486,-3.970,-4.269,-3.150,-2.716,-8.087,-14.596,-8.912,-14.170,-7.950,-9.367,-8.817,-11.532,-1.770,0.000,-3.506,-8.110,-8.778,-6.861,-12.338,-11.173,-10.191,-7.379,-8.889,-13.185,-8.370,-6.553,-5.050,-9.322,-11.254,-11.569,-4.134,-11.015,-13.879,-8.250,-3.646,-11.786,-12.127,-10.659,-10.804,-12.412,-18.559,0.000,-10.323,-5.474,-3.976,-6.098,-10.076,-14.997,-12.185,-16.652,-10.459,0.000,-10.361,-4.112,-3.114,-4.973,-9.653,-8.250,-13.216,-8.469,-7.738,-12.043,-9.434,-3.860,-7.727,-8.836,-13.807,-9.637,-3.773,-8.313,-13.069,-11.826,-15.388,-11.032,-13.774,-8.766,-6.058,-2.842,-3.854,-5.015
N,-7.891,0.000,-8.900,-1.682,-5.822,-6.652,-8.138,-3.275,-12.549,-10.403,-3.047,-8.554,-11.480,-6.435,-10.337,-8.716,-9.007,-10.872,-9.577,0.000,-8.091,-12.895,-7.432,-6.907,-14.402,-14.591,-7.624,-9.612,-6.838,-12.709,-11.320,-7.123,-6.999,-14.520,-12.918,-8.392,-10.917,-10.993,-8.433,-6.337,-6.100,0.000,-9.560,-5.320,-4.582,-2.655,-2.430,-2.643,-4.910,-4.021,-3.775,-7.227,-7.996,-8.772,-10.060,-4.426,-5.248,-6.555,-5.757,-8.046,-7.436,-5.341,0.000,-9.785,-6.016,-6.887,0.000,-8.863,-6.053,-13.427,-7.336,-0.330,-11.631,-11.175,-4.930,-3.634,-10.804,-9.943,-7.248,-10.716,-6.591,-11.905,-5.846,-4.274,-5.309,-12.878,-4.020,-10.272,-10.061,-7.175,-7.823,-9.656,-11.267,-7.955,-8.106,-9.016,-4.034,-9.692,-8.514,-11.083,-6.923,-9.260,-11.858,-12.015,-11.776,-4.005,-6.854,-7.034,-5.376,-14.728,-18.211,-13.837,-9.463,-10.304,-13.182,-7.001,-2.151,-7.677,-4.914,-8.811,-9.615,-8.408,-0.777,-9.332,-5.625,-12.051,-10.789,-13.631,-7.001,-8.316,-10.680,-14.000,-10.796,-9.343,-5.468,-6.883,-9.926,-7.616,-8.026,-12.822,-10.201,-6.579,-3.137,-11.852,-5.293,-6.341,-10.554,-11.904,-5.718,-6.088,-4.765,0.145,-7.114,0.000,-5.797,-3.965,0.000,-7.898,0.000,-2.832,-7.559,-3.724,-3.195,-3.103,-7.951,-4.466,-4.204,-9.485,-6.111,-3.941,-2.852,-9.467,0.000,-5.462,-7.541,-6.638,-4.998,-6.104,-8.373,-5.737,-5.090,-9.967,-8.939,-4.706,-6.660,-7.081,-2.166,-4.400,-9.148,-4.160,-5.521,-6.284,-11.040,-8.947,-5.176,-4.657,0.000,-9.979,-5.997,-3.761,-12.572,-5.294,-6.256,-6.048,-7.410,-5.934,-5.172,-7.032,-8.665,-4.631,-5.287,-12.418,-1.189,-1.910,-7.146,-6.777,-2.129,-4.447,-11.512,-4.294,-6.631,-2.565,-7.831,-3.863,-6.044,-13.110,-6.438,-3.700,-8.314,-7.331,-4.238,-8.922,-14.351,-5.087,-5.204,-8.748,-11.202,-7.280,-8.431,-11.490,-7.164,-9.670,-8.997,-13.293,-12.418,-9.841,-0.906,-9.045,-8.938,-4.386,-7.496,-10.375,-4.333,-8.345,-7.669,-9.339,-6.285,-9.294,-4.653,-11.202,-6.696,-3.873,-10.799,-8.465,-6.854,-5.831,0.000,-9.505,-7.088,-12.261,-3.475,-8.602,-7.753,-9.677,-12.258,-9.659,-9.954,-12.741,-6.677,-5.675,-7.964,-11.757,0.000,-4.678,-11.805,-8.665,-11.888,-5.009,-7.191,-7.676,-13.621,2.243,-4.199,0.000,-2.307,-6.043,0.000,-3.273,-2.612,-7.233,-5.677,-1.573,-1.441,-4.404,-5.943,-8.902,-7.429,-3.503,-7.855,-3.851,-5.952,-7.479,-0.954,-3.302,-4.013,-7.354,0.000,-3.890,-6.361,-1.047,-0.895,-5.300,-3.345,-3.083,-2.647,-2.343,-5.425,-10.667,-10.814,-9.477,-13.873,-9.921,-8.064,-9.247,-6.525,-12.906,-6.638,-9.223,-11.533,-8.439,-8.742,-11.111,-14.514,-10.848,-12.972,-3.492,-10.159,-6.446,-3.444,-5.530,-13.232,0.000,-15.513,-10.165,-11.648,-14.021,-15.350,-9.964,0.000,-0.841,-0.841,-3.307,-3.706,-2.575,-2.314,0.000,-2.258,0.000,-2.724,0.000,-4.295,-2.458,-2.984,-5.035,-3.330,-2.732,-7.302,-13.954,-7.903,-13.813,-6.779,-7.993,-6.824,-7.286,0.000,-1.771,-2.325,-6.463,-7.225,-5.357,-11.570,-9.364,-8.762,-6.395,-7.975,-12.682,-6.921,-5.210,-4.469,-6.852,-8.788,-10.302,-2.106,-8.742,-12.960,-6.711,0.000,-8.414,-11.010,-12.923,-11.463,-10.941,-18.670,-6.583,-8.667,-7.602,-4.397,-5.997,-8.468,-15.086,-10.013,-16.429,-10.336,-3.478,-10.333,0.000,-0.678,-3.705,-8.538,-8.168,-13.184,-8.598,-5.893,-11.583,-7.126,0.000,-7.245,-7.141,-13.230,-8.550,-5.336,-9.901,-13.226,-7.886,-15.223,-10.670,-12.158,-6.566,-3.523,-2.895,-2.964,-3.637
Q,-7.188,-7.326,-4.576,-5.145,-6.427,-9.183,0.000,-6.715,-13.763,0.000,-2.753,-8.351,-13.554,-10.654,-12.908,-9.375,-11.138,-12.670,-7.928,-7.549,-11.250,-11.026,-9.101,-9.530,-9.188,-15.056,-13.825,-13.784,-9.832,-14.722,-11.987,-7.856,-13.825,-17.088,-14.651,-4.523,-9.503,-12.336,-9.487,-7.401,-4.024,-8.299,-8.154,0.000,-5.091,-3.350,-1.313,-3.635,-5.333,-4.710,0.000,-9.363,-1.853,-6.186,-10.671,-2.227,-3.250,-7.237,-8.636,0.000,0.000,-6.239,-10.333,-8.848,-4.938,-11.696,-12.643,-7.175,-4.807,-13.038,-7.423,-7.851,-10.273,-14.345,-3.017,-3.931,-12.990,-6.737,-2.849,-9.978,-11.407,-9.751,-2.147,0.429,-4.986,-10.742,-4.952,-11.652,-8.154,-7.074,0.000,-8.847,-12.873,-9.382,-9.931,-8.264,-3.621,-7.292,-10.226,-9.038,-6.908,-8.380,-12.857,-12.968,-7.363,-7.280,-9.423,-1.987,-3.369,-12.774,-12.647,-12.580,-5.330,-6.387,-12.012,-9.724,-4.174,-11.769,2.745,-8.358,-8.359,-5.562,-4.581,-8.581,-5.715,-9.147,-11.717,-9.959,-8.472,-7.603,-8.066,-14.100,-12.115,-4.444,-7.138,-4.654,-5.920,-5.495,-8.627,-10.554,-6.543,-7.935,-4.857,-9.805,0.000,-8.117,-9.598,-7.997,-4.255,-5.212,-5.253,4.211,-5.585,-7.060,0.000,-4.024,-6.728,-4.488,-3.804,-3.622,-5.865,-4.872,-2.948,-3.293,-9.149,-4.077,-5.093,-6.494,-6.362,-4.029,-3.051,-9.821,-1.989,-4.441,-4.600,-7.254,-3.219,-7.957,-7.079,-4.826,-5.565,-6.273,-9.637,0.000,-4.294,-4.289,0.166,-1.344,-9.250,-1.578,-4.530,-6.273,-8.485,-7.574,-1.908,-3.887,-1.778,-7.375,-3.238,-3.717,-9.645,-5.301,-4.499,-4.569,-7.412,-4.756,-4.424,-10.690,-8.898,-2.384,-0.981,-8.322,-4.167,-2.077,-10.367,-3.166,-4.460,-5.625,-8.880,-7.802,0.460,-2.311,-5.935,-2.725,-1.817,-10.130,-5.361,-5.335,-8.145,-8.635,-3.201,-6.859,-10.552,-6.916,-3.650,-6.856,-12.907,-5.526,-7.614,-10.076,-9.481,-7.071,-5.679,-10.065,-9.344,0.000,-4.729,-9.255,-6.908,-10.267,-10.262,-9.055,-4.375,-6.891,-10.256,-5.184,-10.337,-10.153,-3.739,-7.259,-3.291,-3.382,-7.844,0.000,-7.312,-5.561,-8.981,-6.493,-5.880,-9.349,-6.001,-9.172,-5.548,-7.700,-14.021,-11.626,-10.928,-10.020,-5.838,-6.069,-6.337,-10.992,-6.844,0.000,-11.464,-2.785,-12.284,-8.302,-12.086,-11.417,-10.205,-2.957,-2.903,-2.501,-3.426,-9.192,-7.237,-3.864,-4.151,-9.717,-5.304,-1.609,-5.121,-4.570,-9.551,-6.702,-7.053,-3.162,-8.376,-3.518,-5.506,-8.759,-2.820,-5.296,-2.574,0.000,-6.978,-5.279,-5.801,-4.845,-3.268,-6.030,-4.137,-3.184,-4.047,-2.422,-9.666,-11.040,-8.656,-11.451,-10.235,-12.336,-10.727,0.000,-10.174,-12.627,-8.258,-10.174,-10.724,-6.564,-4.673,-12.245,-10.087,-7.244,-13.344,-4.196,-11.627,-8.830,-7.633,-11.765,-12.235,-8.785,-12.884,-13.527,-10.154,-13.496,-15.664,-12.870,-5.928,-4.331,-3.866,-2.618,-4.676,-4.408,-3.045,-4.407,0.000,-4.466,-4.419,-3.142,-5.359,-2.704,-2.360,-5.227,-7.171,-3.820,-9.644,-13.605,-5.970,-13.771,-6.200,-9.537,-5.987,-8.444,-4.169,-4.684,-4.080,0.000,-8.831,-6.750,-10.360,-9.935,-11.746,-10.182,-9.734,-9.914,-7.851,-6.810,-5.410,0.000,-9.096,-13.632,-1.668,-6.062,-9.982,-3.670,-4.492,-3.813,-12.597,-12.937,-13.528,-10.726,-12.021,-13.387,-9.953,-6.774,-5.573,-5.114,-8.054,-14.313,-12.172,-14.680,-11.483,-11.921,-11.617,-7.604,0.000,-5.650,-8.952,-4.088,-13.330,-7.067,-6.936,-9.529,-8.179,-3.875,-10.343,-8.722,-13.711,-8.923,-6.022,-10.061,-11.726,-5.997,-13.740,-10.356,-11.624,-9.601,-6.591,-3.102,-3.177,-4.147
T,-7.582,-1.822,-5.766,-4.529,-4.405,-4.655,-7.473,-3.962,-9.198,-9.517,-4.599,-11.642,-7.246,0.000,-12.360,-4.914,-8.669,-12.961,-7.061,-8.020,-11.508,-11.145,-3.592,-11.161,-9.210,-8.867,0.000,-4.407,-10.376,-15.043,-12.147,-12.379,-10.008,-12.570,-14.136,-8.705,-8.986,-12.864,-7.527,-7.311,-4.605,-4.453,-9.796,-5.623,-6.266,-2.341,-3.439,-2.615,-4.314,0.000,-3.961,-8.432,-2.441,-7.128,-10.644,-5.516,-4.463,0.000,0.000,-6.499,-8.616,-4.344,-8.329,-8.515,-6.651,0.000,-9.607,-7.154,-3.182,-10.803,-7.156,-3.699,-8.324,-7.194,-2.767,-1.110,-7.282,-10.500,-8.748,-7.377,-8.631,-9.624,-7.939,-5.119,-7.195,-9.397,-6.182,-7.258,-10.134,-9.516,-11.388,-6.821,-13.101,-7.206,0.000,-14.425,-7.763,-12.434,0.000,-10.867,-8.821,-8.143,-12.687,-15.036,-12.786,-2.850,-11.902,-8.688,-4.042,-10.023,-13.209,-12.799,-8.569,-7.174,-14.720,-9.076,-1.803,-8.235,-3.991,-9.612,-13.724,-7.546,1.338,-14.011,-7.143,-13.984,-9.433,-10.006,-2.468,-9.979,-10.082,-8.362,-6.310,-8.367,-6.870,-8.937,-9.628,-8.434,-8.706,-10.718,-8.341,-6.953,-1.358,-8.643,-6.454,-5.055,-9.551,-11.631,-7.184,-6.402,-3.375,0.651,-7.954,-4.707,-6.604,-5.564,-3.842,-6.975,-2.788,-3.122,-8.895,0.000,0.000,-4.357,-4.311,-3.324,-2.876,-9.322,-5.466,-4.322,-4.873,-6.788,-2.700,-4.162,-7.122,-3.745,-4.299,-5.244,-7.494,-6.202,-4.382,-10.041,-10.752,-5.194,-7.379,-5.957,-3.817,-4.009,-7.337,-3.535,-5.092,-7.207,-11.069,-10.118,-6.716,-4.160,-4.732,-8.193,-7.018,-4.348,-11.201,-6.277,-7.347,-7.365,-7.033,-6.331,-6.219,-6.342,-7.002,-5.305,-6.558,-10.729,-1.707,-2.571,-7.004,-6.211,-3.244,-3.285,-8.593,-3.912,-5.845,-5.986,-7.928,-4.277,-3.662,-10.830,-6.450,-4.096,0.000,-10.344,-3.956,-9.581,-11.597,-1.703,-6.269,-6.124,-10.286,-9.559,-6.477,-7.765,-9.824,-7.127,-9.108,-10.248,-10.310,-8.696,-3.462,-7.380,-8.887,-7.284,-3.079,-7.955,-5.218,-7.650,-6.089,-9.678,-6.412,-6.721,-3.135,-9.389,-6.896,-3.206,-8.089,-7.137,-5.481,-5.381,-6.797,-4.194,-8.304,-10.800,-0.899,-6.036,-8.487,-7.740,-10.251,0.000,-10.320,-9.962,-3.028,-7.953,-5.578,-8.916,-8.085,-6.556,-12.495,-7.683,-10.293,-8.361,-8.948,0.000,-10.657,-1.883,-4.640,-4.265,1.004,-4.750,-5.350,-5.254,-5.969,-6.995,-3.461,0.553,-2.398,-5.587,-8.636,-7.620,-7.449,-5.969,-6.713,-3.154,-6.519,-6.059,-2.638,-3.598,-4.493,-8.337,-5.506,-3.739,-5.141,-2.947,-3.032,0.000,-3.260,0.000,-2.306,0.000,-4.648,-9.762,-5.253,-5.186,-14.063,-8.146,-5.336,-12.352,0.000,-12.963,0.000,-6.320,-11.446,-8.095,-10.577,-13.248,-11.442,-11.462,-9.496,-6.873,-6.816,-7.929,-7.167,-8.010,-13.307,-7.514,-14.341,-8.859,-8.028,-13.686,-10.524,-10.454,-5.576,-2.591,-1.429,-3.917,-4.685,-3.985,0.000,-4.486,-3.407,-4.155,-3.126,-4.047,-4.258,-2.385,-2.254,-5.533,-5.112,-2.805,-5.507,-11.348,-2.630,-9.268,-5.501,-4.874,-5.112,-8.128,-4.802,-5.907,-3.470,-7.989,-7.732,-4.717,-8.935,-7.880,0.000,0.000,-6.357,-10.391,-5.557,0.000,-4.736,-9.559,-10.410,-6.830,-2.113,-8.051,-10.147,0.000,-2.876,-6.491,-8.341,-11.755,-7.715,-11.622,-15.740,-13.647,-8.456,-7.533,-5.189,-8.586,0.000,-10.207,-5.721,-13.529,-7.207,-9.172,-7.083,-1.761,-0.732,-4.161,-4.928,-4.475,-9.764,-7.070,0.000,-8.670,-5.002,-3.246,-4.685,-5.322,-11.393,-6.874,-3.033,-7.410,-9.491,-7.847,-9.515,-6.059,-9.858,-8.503,-2.838,-2.441,-2.814,-2.678
S,-6.779,-1.285,0.000,-3.156,-4.213,0.000,-7.611,-4.639,-8.704,-9.717,-5.131,-11.535,-7.850,-7.738,-7.210,-1.076,-8.967,-7.216,-6.660,-6.011,-7.554,-8.748,-8.393,-10.051,-7.820,-11.548,-4.394,-10.675,-9.320,-9.623,-8.787,-9.797,0.000,-10.233,-8.014,-7.228,-7.148,-7.921,-7.080,-5.417,-5.339,-1.323,-6.766,-6.179,-5.687,-1.329,-2.653,-2.650,-3.609,-2.846,-0.824,-6.156,-0.451,-7.573,-7.964,-3.837,-6.037,-5.723,0.141,-5.571,-9.103,-5.072,-6.780,-8.169,-7.081,-5.979,-6.865,-8.143,-3.332,-12.570,-6.881,-1.439,-10.005,-7.520,0.000,-2.555,-8.049,-10.162,-8.806,-8.799,0.000,-8.370,-4.584,-4.061,-4.825,-9.341,0.000,0.000,-11.137,-10.395,-11.260,-8.645,-8.306,-6.210,-8.183,-11.144,-6.000,-12.882,-9.802,-12.913,-8.861,-9.236,-9.002,-9.579,-12.990,-7.246,-10.470,-8.101,0.000,-10.328,-16.415,-8.008,-6.767,-4.820,-10.818,0.000,0.000,0.000,-4.440,-10.270,-11.432,-8.490,0.131,-11.740,-6.523,-14.305,-6.944,-7.741,-5.900,-10.084,-9.336,-11.157,-7.511,-9.727,-7.729,-7.020,-8.069,-8.957,-10.781,-10.086,-8.674,-8.813,-3.034,-10.348,-6.569,0.000,-9.145,-9.442,-8.256,-7.422,-5.016,-0.489,-8.694,-4.868,-7.371,-5.635,-4.154,-6.463,-2.017,-3.543,-9.024,-4.022,-3.478,-6.046,-6.849,0.000,-2.965,-7.818,-7.040,-3.994,-4.918,-8.720,-3.586,-3.014,-6.429,-3.669,-3.846,-5.142,-8.223,-5.884,-2.783,-11.477,-9.052,-5.000,-8.547,-6.651,-3.603,-3.703,-6.397,-1.511,-3.848,-7.322,-11.212,-10.911,-6.586,-4.140,-5.316,-9.217,-7.258,-5.082,-10.780,-6.427,-7.077,-7.402,-6.362,-7.454,-6.446,-8.953,-6.249,-4.794,-5.988,-10.972,-1.184,-2.710,0.000,-7.191,-3.271,-3.719,-10.484,-3.700,-5.254,-4.551,-6.774,-4.033,-3.907,-10.826,-4.990,-2.614,-7.035,-8.256,-3.282,-10.039,-11.799,-4.958,-6.780,-8.738,-7.040,-7.955,-8.931,-4.288,-9.410,-8.972,-9.308,-10.696,-10.795,-8.510,-2.875,-5.299,-7.518,-5.931,-6.987,-8.507,-4.935,-6.690,0.000,-9.215,0.000,-8.117,-4.826,-9.080,-6.449,-5.010,-6.634,-7.864,-5.409,-5.732,-4.182,-5.035,-8.833,-9.576,0.274,-4.709,-6.428,-6.290,-11.816,-7.129,-8.464,-11.344,-5.887,-7.412,-6.587,-10.141,-6.398,-5.337,-9.364,-7.245,-11.118,-7.468,-10.194,-6.603,-9.883,0.473,-3.900,-4.784,-0.566,-4.811,-1.402,0.000,-3.821,-7.168,-2.496,0.012,1.611,-4.623,-7.877,-7.756,-7.525,0.000,-6.316,-1.946,-4.544,-4.942,-1.546,-3.694,-3.671,-7.353,-5.367,-3.542,-3.870,-1.379,-1.554,-3.049,-3.019,-3.135,-1.476,-2.860,0.000,-8.630,-6.438,-4.093,-12.672,-5.993,-6.080,-11.184,-3.760,-11.201,-4.514,0.000,-7.543,-9.460,-8.339,-9.974,-9.625,-11.300,-10.915,-4.955,-9.652,-6.195,-6.020,0.000,-10.660,-5.531,-11.789,-9.430,-8.819,-10.566,-11.881,-7.978,-4.169,-0.936,-0.246,-2.639,-4.222,-3.492,-2.743,-3.630,-2.793,-3.361,-2.669,-3.533,-4.126,-1.586,-1.813,-4.881,-4.569,-2.798,-6.105,-10.896,0.000,-10.945,-2.884,-2.750,-5.273,-8.735,-4.280,-3.323,-4.348,-6.625,-6.162,0.000,-8.127,-4.651,-4.987,-3.869,0.000,-8.126,-5.920,-4.486,-4.126,-8.570,-8.891,-9.596,-2.086,-7.920,-8.909,-4.620,-1.782,-6.249,-10.028,-8.870,-10.981,-8.717,-14.930,-10.824,-7.162,-7.796,-4.703,-5.896,-5.665,-12.479,0.000,-11.099,-8.157,-7.947,-8.763,-1.289,-2.368,0.000,0.000,-4.737,-11.674,-6.397,-4.669,-8.665,-3.352,-1.565,-4.587,0.000,-9.246,0.000,-1.161,-6.364,-10.233,-6.972,-9.220,-7.589,-9.336,-4.886,-2.478,-0.915,-1.808,-2.226
C,-10.238,-6.554,-8.291,-6.876,-5.708,-7.524,-10.480,-8.216,-10.640,-8.011,-8.017,-13.666,-13.459,-9.986,0.000,-6.330,-12.127,0.000,-9.947,-10.378,-6.721,-10.349,-12.471,-12.838,-12.385,-14.641,-10.848,-15.773,-11.307,0.000,-11.418,-10.175,-9.830,-11.099,0.000,-6.858,-12.278,0.000,-7.809,-4.777,-8.774,-0.857,-5.031,-8.234,-7.619,-4.277,-4.224,-3.973,-6.666,-2.313,-1.627,0.000,-5.026,-8.627,0.000,-4.332,-6.761,-8.379,-1.591,-7.339,-9.108,-7.639,-9.084,-8.645,-8.543,-8.886,-11.028,-7.685,-6.136,-13.435,-9.258,-5.807,-13.271,-11.635,-6.143,-6.161,-11.449,-10.143,-9.425,-12.969,-8.746,-11.684,-3.430,-4.981,-5.017,-13.802,-7.026,-10.507,-14.906,-13.470,-10.766,-11.524,0.000,-11.032,-13.401,-9.954,-8.681,-15.173,-14.529,-15.149,-10.766,-10.645,-9.361,0.000,-15.202,-11.377,-9.538,-9.386,-7.863,-13.530,-16.964,0.000,-8.913,-8.676,0.000,-6.037,-5.880,-8.927,-6.685,-12.808,-11.164,-9.398,-3.943,-9.624,-7.246,-11.813,0.000,-11.035,-9.519,-12.546,-8.594,-14.590,-9.914,-12.130,-9.877,-5.407,-6.981,-11.003,-13.318,-11.790,-9.673,-11.353,-4.595,-12.614,-7.637,-6.348,-10.410,-8.084,-10.484,-9.724,-6.575,0.000,-9.917,-5.530,-8.978,-7.364,-6.175,-6.660,-4.487,-5.166,-8.958,-7.091,-5.521,-7.955,-8.655,-5.461,-4.378,-4.991,-10.014,-6.044,-5.599,-10.439,-5.619,-4.526,-6.466,-7.167,-5.294,-7.117,-9.041,-7.699,-5.464,-12.798,-6.979,-7.160,-11.062,-6.323,-2.169,-3.713,-8.265,-2.139,-4.532,-10.321,-13.879,-13.175,-7.338,-5.008,-4.133,-11.374,-8.931,-6.533,-13.928,-9.946,-9.420,-10.108,-8.804,-10.359,-8.267,-11.023,-8.485,-5.470,-6.680,-13.050,-4.206,-4.688,-7.797,-9.577,-5.406,-7.790,-13.072,-6.520,-5.991,-4.857,-7.840,-5.571,-6.528,-13.172,-8.083,-5.226,-10.466,-6.915,-5.082,-12.959,-14.126,-9.424,-8.684,-10.075,0.000,-7.047,-12.037,-12.135,-12.122,-10.767,-11.212,-12.971,-13.125,-10.996,-5.785,-4.391,-9.687,-8.506,-10.365,-10.565,-6.238,-6.602,-8.195,-10.126,-6.673,-9.688,-6.855,-9.643,-6.115,-6.260,-10.917,-9.645,-8.808,-5.543,-6.941,-8.584,-10.631,-10.566,-2.700,-8.412,-3.547,-9.240,-12.204,-11.208,-9.280,-12.975,-7.875,-8.860,-7.767,-12.007,-5.713,-6.337,-8.463,-7.116,-11.981,-9.476,-11.941,-11.010,-9.398,-2.690,-3.309,-6.884,-2.323,-8.820,-3.899,-3.792,-4.771,-8.905,-6.054,-1.610,-1.257,-7.244,-9.434,-9.376,-9.802,-4.906,-6.061,0.000,-2.042,-6.520,0.000,-6.640,-5.401,-9.062,-8.096,-6.656,-6.874,-4.064,-3.424,-6.364,-4.978,-4.158,-3.613,-2.299,-4.419,-8.287,-9.526,-8.094,-10.265,-7.624,-10.941,-13.062,-8.564,-10.624,-8.885,-6.411,-8.300,-9.191,-6.002,-7.964,-8.368,-14.812,-11.670,-5.001,-11.888,-9.669,-8.181,-6.802,-8.589,-7.573,-8.911,-12.049,-10.171,-10.609,-13.564,0.000,-8.076,-3.712,-3.850,-4.443,-6.754,-5.098,-4.258,-5.383,-3.864,-4.597,-4.163,-4.706,-5.827,-3.432,-4.516,-8.256,-6.942,-4.928,-6.685,-10.155,-4.358,-11.632,-2.487,0.000,-6.577,-11.024,-6.610,-4.895,-5.811,-6.369,0.000,-5.940,-10.413,-4.759,-10.119,-7.081,-8.378,-12.481,-8.888,-7.182,-7.166,-9.403,-7.849,-12.899,-4.178,-9.479,-11.747,-5.485,-2.320,-3.926,-11.273,-9.644,-10.761,-7.715,-13.106,-13.046,0.000,-10.929,-5.159,-5.466,-8.399,-11.376,-7.700,-9.926,-8.739,-12.675,-10.463,-4.988,-5.668,-6.335,-6.111,-6.436,-12.915,-2.734,-6.292,-7.347,-7.060,-4.350,0.000,-7.273,-10.126,-6.592,-4.566,-10.429,-11.701,-6.575,-14.316,-7.085,-9.952,0.000,0.000,-2.764,-3.721,-5.016
G,-7.421,-3.615,-8.172,0.000,-6.159,-5.435,-7.035,-4.786,-12.941,-9.745,-2.775,-8.408,-10.685,-10.352,-9.779,-8.369,-11.050,-9.611,-10.244,-6.834,-11.873,-13.053,-9.833,-8.246,-12.925,-13.649,-12.541,-13.334,-7.484,-11.257,0.000,-12.510,-10.437,-14.293,-11.023,-7.725,-10.886,-9.087,-7.537,-9.063,-6.902,-4.622,-5.639,-2.936,-3.088,-2.140,-2.164,-1.163,-6.707,-2.583,-5.379,-7.134,-5.451,-7.816,-8.961,-2.781,-4.562,-8.581,-5.529,-9.077,-8.707,-5.006,-8.508,-10.627,-7.297,-9.643,-10.606,-9.996,-4.702,-14.781,-5.577,-6.071,-11.637,-9.110,-3.722,-4.906,-7.994,-9.606,-6.603,-8.661,-8.711,-12.108,-4.616,-3.711,-6.407,-12.062,-5.518,-10.799,-7.011,-6.476,-9.961,-10.500,-8.668,0.000,-9.818,-12.549,-5.696,-9.127,-9.052,-10.790,-8.238,-10.210,-15.438,-11.709,-9.405,-6.824,-8.922,-5.259,-7.166,-16.017,-17.516,-11.758,-5.830,-9.212,-10.848,-5.899,-5.720,-8.813,-3.479,-8.185,-12.218,-7.906,0.849,-12.777,-8.365,-14.664,-9.493,-12.736,-6.615,-7.412,-8.728,-8.807,-9.144,-7.573,-6.688,-8.243,-7.654,-5.771,-10.868,-13.844,-9.456,-7.028,-5.213,-11.513,-5.484,-8.559,-10.993,-8.867,-7.062,-8.509,-6.194,-0.376,-7.166,-4.883,-6.698,-5.022,-7.562,-8.292,-3.635,-4.327,-6.281,-4.982,-3.304,-5.503,-6.821,-5.199,-5.159,-7.929,-7.880,-3.860,-5.356,-7.400,-3.864,-5.909,-6.879,-7.421,-4.841,-5.493,-8.099,-6.581,-5.462,-8.529,-11.038,-5.032,-8.713,-6.871,-4.180,-4.902,-10.010,-3.547,-6.456,-6.342,-8.062,-8.725,-6.875,-6.312,-5.888,-10.127,-6.552,-4.860,-12.464,-3.849,-5.193,-6.082,0.000,-5.659,-4.874,-8.985,-8.573,-5.995,-6.081,-12.540,-3.421,-0.440,-8.581,-4.336,-3.347,-5.949,-10.895,-5.543,-5.842,-6.029,-4.402,-4.303,-6.786,-12.885,-5.985,0.000,-9.326,-10.163,-1.949,-7.519,-13.156,-5.754,-3.326,-9.425,-10.876,-8.736,-9.546,-11.743,-7.221,-7.748,-5.190,-14.425,-12.032,-9.857,-2.092,-7.364,0.000,-5.398,-8.029,-10.772,-5.626,-7.113,-7.115,-6.797,-6.884,-8.142,-6.565,-10.978,-7.191,-5.262,-10.439,-7.522,-7.927,-5.332,-7.376,-9.072,-5.829,-12.648,-5.460,-7.779,0.000,-10.521,-13.422,-11.272,0.000,-13.503,-7.157,-4.435,-7.567,-12.592,-7.484,-6.347,-12.780,-8.841,-7.307,-7.801,-11.614,-12.478,-13.136,-1.339,-3.792,-3.137,-4.189,-6.541,-3.368,-4.797,-5.148,-8.883,-6.527,-1.394,-3.599,0.000,-7.325,-8.294,-9.080,-5.552,-7.761,-4.221,-6.660,0.000,-2.052,-4.690,-5.773,-8.163,-4.441,-4.648,-6.714,-3.569,-3.773,-5.146,-2.715,-2.820,-4.115,-1.879,-7.263,-11.710,-9.042,-6.784,-13.753,0.000,-9.537,-12.931,-6.252,-13.690,-8.771,-8.998,0.000,-10.345,-10.065,-12.767,-11.417,-8.647,-10.187,-5.338,-9.528,0.000,-7.820,-8.263,-10.752,-6.094,-12.016,-8.013,-9.826,0.000,-11.336,-9.566,-5.958,-3.280,-3.003,-2.987,-4.858,0.000,-3.184,-3.810,-2.249,-3.788,0.000,-3.658,-5.108,-3.605,0.000,-5.752,-2.960,0.000,-8.428,-13.901,-6.282,-12.341,0.000,-2.526,-6.791,-8.342,-1.189,-2.849,-5.059,-8.758,-9.503,-7.154,-11.622,-8.714,-11.233,-8.565,-10.627,-13.461,-9.285,-7.639,-6.476,-10.103,-13.047,-12.227,-5.408,-9.479,-13.357,-8.234,0.138,-8.744,-11.165,0.000,-9.517,-12.379,-17.066,-11.395,-10.370,-6.324,-2.838,-1.888,-10.481,-12.114,-9.950,-14.796,-11.815,-8.289,-7.303,-3.327,-4.225,-4.185,-9.095,-8.849,-13.605,-7.921,-8.310,-9.917,-9.166,-4.941,-5.930,-9.215,-13.961,-9.625,-3.922,-9.690,-13.926,-11.544,-15.465,-9.520,-13.028,-4.786,-5.168,-0.340,-3.529,-4.609
A,-6.899,0.784,-6.572,-4.485,-5.007,-3.090,-6.405,-2.968,-10.689,-10.601,-3.345,-9.765,-6.346,-8.998,-12.704,-3.681,-9.426,-13.165,-8.945,-8.950,-12.846,-11.226,-6.126,-9.121,-8.845,-8.224,-7.721,-8.380,-8.876,-15.878,-10.751,-12.639,-12.069,-12.052,-15.366,-10.805,-8.141,-12.927,-8.052,-9.686,-6.679,-4.814,-10.142,-4.676,-5.416,-0.739,-2.919,-2.554,-4.915,-2.668,-6.473,-8.812,-1.652,-6.572,-11.336,-6.805,-4.452,-4.845,-3.585,-6.226,-9.818,-6.530,-8.046,-9.210,-8.914,-7.167,-11.239,-9.797,-3.311,-11.943,-5.036,-5.712,-8.692,0.000,-1.670,-0.939,0.000,-12.178,-8.555,0.000,-10.711,-9.580,-8.553,-4.311,-6.484,-10.370,-5.817,-7.963,-7.826,-8.682,-11.876,-8.192,-13.232,-5.173,-6.228,-14.298,-10.182,-10.654,-6.244,-13.483,-11.458,-8.810,-14.261,-16.411,-10.094,-4.156,-9.634,-8.878,-5.014,-9.670,-14.559,-13.005,-7.552,-7.492,-15.175,-7.141,-5.884,-8.334,-4.780,-8.438,-12.907,-8.550,2.510,-14.381,-9.399,-12.908,-10.525,-9.026,0.000,-8.477,-9.593,0.000,0.000,-7.617,-7.289,-9.124,-11.850,-7.584,-10.664,-11.499,-9.122,-8.004,-3.186,-10.619,-5.947,-6.562,-8.929,-12.293,-7.759,-7.647,-3.912,0.136,-7.582,-4.187,-7.600,-5.566,-5.381,-7.984,-2.078,-3.670,-7.538,-3.033,-3.537,-5.332,-5.124,-3.879,-3.698,-9.736,-6.561,-4.046,-6.081,-6.076,-3.100,-4.754,-8.579,-5.076,-3.374,0.000,-7.941,-6.801,0.000,-8.336,-10.985,-3.888,-8.438,-6.851,-5.110,0.000,-8.011,-3.350,-4.650,-6.368,-9.212,-9.494,-5.612,-4.953,-6.925,-8.991,-6.243,-4.112,-10.796,-4.441,-6.712,-5.863,-6.023,-5.157,-5.007,-7.411,-7.239,-6.774,-6.041,-11.427,-1.633,-1.500,-7.326,-4.447,0.000,-2.897,-10.219,0.000,-6.491,-8.001,-7.957,-4.469,-4.731,-11.145,-6.765,-3.486,-6.140,-10.182,0.000,-8.352,-11.665,-4.548,-4.123,-9.368,-11.057,-9.744,-9.340,-7.995,-8.190,-7.008,-8.301,-12.495,-11.461,-10.470,0.000,-6.039,-8.560,-7.072,-4.949,-8.966,-5.525,-9.445,-5.820,-8.597,-5.755,-6.687,-4.779,-10.262,-7.849,-4.431,-8.254,-6.373,-4.433,-4.916,-7.778,-5.058,-7.515,-12.602,-3.472,0.000,-7.935,-8.600,-11.760,-7.542,-9.019,-11.039,-4.573,-6.417,-6.927,-8.779,-9.615,-6.802,-11.958,-8.673,-5.764,-7.519,-10.182,-7.207,-10.719,-0.927,-4.057,-3.201,-0.640,0.000,-4.941,-4.878,-5.906,-7.134,-4.141,1.199,-2.349,-3.629,-8.617,-6.793,-10.807,-6.676,-5.837,-4.516,-5.947,-5.080,-2.741,-4.509,-5.178,-8.365,-4.531,0.000,-5.461,-3.884,-4.475,-3.126,0.000,-4.217,-3.360,-2.651,-4.756,-9.890,-4.635,0.000,-13.495,-6.102,0.000,-12.894,-5.775,-13.166,-5.966,-5.836,-10.464,-10.583,-9.732,-13.945,-13.017,-8.984,-7.965,-6.620,-7.745,-4.842,-8.296,-8.268,-13.763,-6.426,-15.540,0.000,-5.378,-11.529,-6.950,-10.407,-7.130,-2.911,-2.477,-4.737,-5.399,-5.333,-4.030,-4.728,-3.691,-4.273,-3.566,-4.660,-5.219,-3.585,-3.041,-5.797,-4.953,-3.175,-6.802,-12.406,-2.141,-8.999,-3.121,-3.348,-6.288,-9.308,-3.465,-5.990,-4.919,-9.451,-7.162,-5.602,-8.343,-6.938,-6.570,-4.818,-6.049,-9.835,-6.231,-4.236,-3.750,-10.396,-11.918,-7.639,-3.768,-9.510,-9.577,-5.268,-3.016,-8.925,-8.833,-8.242,-7.963,-12.168,-15.762,-10.293,-11.504,-6.123,0.000,-6.794,-7.250,-8.456,-7.312,-12.825,-7.849,-8.732,-5.471,-1.593,-4.203,-1.821,-5.469,-6.021,-10.987,-6.543,-5.218,-9.651,-6.500,-3.595,-3.306,-6.643,-11.317,-7.266,-2.197,-5.593,-8.686,-10.126,-9.762,-3.836,-11.536,-8.432,-5.203,-2.508,-3.577,-3.803
V,-6.726,-3.305,-7.515,-5.396,-5.108,-4.353,-5.653,0.000,-8.127,-9.709,-3.436,-8.999,-3.432,-7.588,-12.445,-6.930,-4.767,-13.765,-7.095,-8.561,-11.739,-8.157,-3.275,-9.346,-10.904,0.000,-6.889,-7.515,-10.149,-16.128,-10.934,-11.671,-11.265,-8.867,-15.316,-9.699,-9.228,-12.699,-3.227,-9.723,-6.100,-4.256,-10.527,-4.927,-5.410,-2.703,-3.469,-3.198,-5.843,-3.270,-5.916,-8.510,-3.970,-3.788,-10.630,-6.480,-5.415,-4.235,-4.518,-7.665,-8.754,-7.008,-8.453,-6.047,-7.814,-7.564,-9.264,-5.806,-4.244,-7.366,-7.548,-6.393,-5.125,-4.471,-1.841,0.339,-6.461,-12.170,-8.617,-5.102,-12.091,-7.896,-8.463,-3.710,-4.159,-7.269,-7.952,-10.620,-8.787,-8.783,-11.228,-3.778,-13.661,-4.223,-5.757,-13.219,-11.233,-10.947,-4.832,-11.632,-11.335,-5.228,-10.473,-15.115,-8.594,0.000,-10.262,-7.852,-6.573,-8.040,-7.551,-14.440,-4.945,-4.442,-13.689,-9.047,-5.231,-11.412,-5.439,-7.912,-13.121,-7.919,-0.674,-13.807,-10.106,-9.625,-8.242,-11.740,-0.504,-9.719,-8.457,-6.226,-5.227,-8.106,-7.210,-7.666,-11.229,-7.337,-9.949,-8.035,-5.697,-8.250,-3.074,-7.677,-5.682,-7.213,-4.916,-11.186,-7.314,-7.453,0.000,0.456,-6.889,-4.698,-6.435,-5.435,-4.389,-6.805,-3.097,0.000,-6.859,-2.311,-3.994,-5.557,-3.644,-3.205,-3.618,-8.151,-5.960,-4.160,-6.157,0.000,-4.299,0.000,-7.901,-3.518,-4.470,-5.360,-3.843,-6.847,-4.354,-7.779,-8.788,-5.182,-8.676,-4.541,-4.826,-4.030,-5.215,0.302,-6.052,-7.036,-9.750,-9.265,-6.135,-4.661,-5.773,-6.760,-7.187,-3.875,-7.322,-5.671,-6.878,-5.888,-7.514,-5.892,-5.221,-5.236,-5.658,-6.775,-6.594,-9.014,-3.832,-1.368,-9.669,-4.245,-3.779,-3.512,-8.028,-4.705,-5.680,-7.642,-8.163,-5.222,-3.691,-7.224,-7.504,-5.394,-5.877,-9.045,-3.811,-9.189,-7.941,-5.298,-4.834,-7.250,-11.355,-10.378,-9.120,-11.036,-8.572,0.000,-8.135,-8.740,-6.737,-10.512,-4.505,-4.548,-9.732,-8.280,-3.402,-6.343,-4.831,-10.632,-7.014,-9.403,-8.040,0.000,-4.552,-5.856,-6.827,-1.072,-8.809,-5.678,-5.272,0.384,-8.720,-4.786,-7.857,-8.929,-4.485,-5.865,-7.413,-9.848,-6.227,-8.695,-8.604,-7.593,-0.929,-7.399,-6.071,-5.594,-9.878,-7.634,-9.691,-8.646,0.000,-8.472,-4.511,-6.564,-7.180,-1.836,-3.388,-4.130,-0.598,-4.577,-6.496,-6.294,-6.533,-3.916,-4.189,6.135,-4.135,-5.217,-8.893,-6.091,-10.713,-7.751,-3.422,-4.813,-3.043,-6.548,-3.206,-4.728,-5.357,-7.656,-4.985,-2.915,-6.941,-3.669,-4.769,-5.211,-3.542,-4.664,-4.399,-2.367,-5.816,-8.597,-4.611,-3.779,-12.866,-9.417,-7.612,-12.434,-6.696,-9.903,-7.289,-9.017,-10.484,-10.700,-9.234,-12.959,-11.757,-8.739,0.000,-4.883,0.000,-7.907,-9.584,-11.095,-14.118,-7.489,-14.184,-6.827,-1.633,-11.613,0.000,-12.154,-8.459,-3.171,-3.370,-5.590,-5.687,-5.959,-4.223,-4.845,-3.927,-4.747,-3.572,-3.914,-4.758,-3.804,-4.200,-6.683,-6.393,-2.497,-3.922,-7.914,0.753,-4.372,-3.730,-6.650,0.000,-9.771,-3.896,-6.939,-3.938,-8.456,-6.418,-6.147,-6.810,-8.163,-8.991,-7.779,-7.437,-12.094,-3.559,-1.889,-3.411,-9.732,-11.229,0.000,-3.878,-9.016,-11.417,-2.727,-5.638,-6.670,0.000,-9.509,-0.630,-10.307,-9.488,-10.425,-8.845,-7.361,-5.894,-8.738,-6.547,0.000,-9.806,-9.425,0.000,-10.656,0.000,-3.226,-5.009,-3.380,-5.556,-2.113,-7.361,-5.737,-4.099,-5.366,-8.346,-4.971,-4.228,-6.855,-8.934,-8.342,-3.792,-7.283,-5.882,-9.901,-11.483,-2.544,-9.115,-11.149,-5.404,0.000,-4.592,-4.387
L,-7.407,-5.092,-4.452,-7.127,-4.116,-5.221,-4.757,-5.438,-4.912,-7.611,-5.406,-11.631,0.000,-8.279,-11.817,-5.007,-4.805,-12.038,0.000,-11.030,-10.040,-2.928,-6.847,-12.461,-5.788,-9.504,-7.042,-6.886,-12.235,-14.196,-15.400,-10.622,-10.772,-9.268,-13.346,-5.556,-7.269,-12.036,0.591,-7.078,0.000,-3.004,-7.414,-7.125,-7.259,-2.451,-3.059,-3.800,0.000,-3.309,-3.865,-8.250,0.836,-5.375,-10.275,0.000,-7.023,-5.367,-5.120,-5.331,-7.446,-7.439,-10.540,0.000,-8.498,-8.884,-11.686,-4.029,-4.062,0.000,-9.180,-7.046,-2.912,-9.874,-2.661,1.590,-10.188,-9.849,-6.906,-5.318,-11.533,0.000,-5.169,0.000,-3.084,0.000,-6.516,-6.798,-12.121,-11.824,-8.143,-3.728,-12.507,-7.636,-5.497,-10.225,-7.475,-12.099,-9.103,-9.066,-8.279,-2.428,-8.483,-12.956,-11.270,-7.986,-12.732,-4.600,-7.404,0.000,0.000,-13.383,0.000,0.000,-12.173,-9.135,-5.042,-9.225,0.000,-10.986,-9.461,-9.628,-3.139,-9.296,-7.272,-10.387,-8.401,-6.706,-2.534,-11.855,-7.575,-11.115,-8.428,-7.886,-8.211,-4.923,-9.516,-8.564,-10.383,0.000,0.000,-9.450,-4.003,-5.643,-6.887,-5.635,0.000,-7.853,-7.867,-6.198,-4.459,1.502,-7.469,-6.010,-5.937,-5.699,-4.242,0.000,-3.722,-2.501,-6.779,-2.622,-3.668,-5.699,-5.506,-1.272,-2.093,-5.186,-6.480,-4.432,-5.411,-6.709,-3.982,-0.575,-5.314,0.000,-3.709,-6.121,-3.133,-6.891,-3.627,-10.370,-7.044,-4.900,-7.887,-1.594,-1.790,-2.416,-3.954,5.421,-4.866,-8.346,-12.305,-11.337,-4.634,-2.440,-4.353,0.000,-6.479,-3.593,0.000,-7.430,-7.384,-8.279,-9.194,-7.066,-6.780,-6.977,-3.643,-4.913,-5.485,0.000,-4.218,0.000,-7.887,-5.762,-5.010,-5.061,-5.181,-5.018,-2.425,-5.113,-7.343,-4.118,-0.131,0.000,-6.854,-5.744,-4.708,-8.957,-4.095,-10.699,0.000,-6.707,-6.787,-6.113,-9.802,-7.978,-8.647,-7.190,-11.786,-4.629,-8.670,0.000,0.000,-6.874,-7.080,-5.346,-10.330,-10.151,-6.114,0.000,-5.106,-8.026,-7.507,-9.943,-7.005,-6.037,0.000,0.000,-5.037,-4.152,-6.064,-6.307,-5.371,0.000,-8.392,0.000,-9.610,0.000,-4.300,-7.016,-6.744,-6.972,-7.363,-8.917,-11.942,0.000,-1.643,-9.539,-5.863,0.000,-8.081,-6.731,-7.375,-5.741,-10.426,-9.867,-7.197,-7.606,0.000,-3.623,-2.822,-4.854,-0.205,-6.834,-6.234,-4.750,-4.755,-4.297,-3.555,6.262,-1.807,-5.892,-9.853,0.000,-9.713,-6.266,-2.460,-3.980,-0.835,-8.333,-3.264,-5.569,-3.188,-5.838,-7.099,-2.713,-4.783,-2.969,-3.238,-4.607,-4.090,-4.021,-3.777,-2.772,-6.908,-6.929,0.000,-5.223,-9.314,-11.716,-9.436,-9.749,-7.464,-8.584,-8.130,-8.324,-13.326,-10.985,-7.215,-11.923,-6.527,-11.476,-4.679,-4.607,-7.431,-9.984,-9.654,-10.634,-11.317,-9.037,-9.422,-12.554,-0.800,-12.624,-5.626,-10.919,-6.903,-3.064,-2.412,-3.778,-4.819,-5.127,-3.480,-4.879,-3.745,-4.533,-3.669,-3.680,-3.941,-3.014,-2.524,-6.925,-8.039,-2.466,0.000,-4.126,3.382,0.000,-2.974,-6.952,-3.873,-10.414,-4.964,-5.544,-5.436,-6.416,-5.556,-5.510,0.000,-6.365,-7.974,-8.143,-6.229,-7.565,0.000,-1.207,0.000,-6.688,-9.562,-7.375,-3.894,-9.109,-8.020,-0.889,-5.227,-5.689,-4.178,-12.804,0.000,-6.245,0.000,-13.627,-6.485,-8.922,-6.657,-8.756,-6.828,-4.001,-8.284,-7.336,-4.943,-13.158,-6.500,-2.902,-4.623,-4.844,-4.340,2.375,-6.432,-2.784,-6.263,-4.818,-4.211,-3.455,-5.657,-6.163,-6.394,-6.301,-3.125,-6.121,0.000,-7.723,-9.229,-3.169,-4.932,-9.709,-4.822,-2.867,-3.802,0.000
I,-7.316,-3.850,-7.518,-5.630,0.000,-5.434,-7.223,-4.124,-6.767,-9.336,-5.227,-11.891,-5.773,-4.308,-12.156,-7.725,0.000,-13.549,-6.559,-7.928,-10.566,-7.384,0.000,-11.772,-11.709,-7.436,-4.147,0.000,-10.793,-15.577,-13.146,-10.673,-9.560,-8.701,-14.249,-8.733,-10.485,-13.221,-1.657,-8.793,-4.647,-3.793,-10.313,-7.104,-6.596,0.000,-4.544,0.000,-4.800,-3.748,-4.301,-8.242,-5.192,-6.236,-10.671,-5.771,-6.560,-3.597,-4.169,-7.361,-8.675,-5.605,-8.031,-5.146,-6.971,-6.876,-8.153,0.000,-4.580,-7.984,-8.709,-4.382,-4.720,-7.370,-3.373,1.944,-8.868,-10.631,-9.671,-7.810,-11.067,-8.221,-8.612,-6.850,-5.863,-7.304,-8.404,-9.753,-12.301,-11.007,-11.922,-3.099,-12.792,-7.364,-4.022,-12.642,-9.657,-12.533,-5.377,-11.330,-10.469,0.000,-9.539,-14.170,-13.086,-5.208,-11.949,-8.869,-5.678,-8.577,-7.298,-13.303,-7.289,-5.976,-13.419,-9.998,-3.207,-9.568,-6.444,-10.210,-12.983,-8.349,-2.115,-13.261,-8.867,-12.332,-7.413,-12.822,1.254,-11.570,-9.219,-9.662,-7.570,-9.302,-6.440,-7.797,-9.719,-8.761,-8.914,-7.418,-6.587,-7.612,-2.470,-5.768,-7.009,-6.338,-7.338,-11.577,-7.535,-6.518,-1.625,0.211,-7.602,-4.757,-6.667,-5.458,-2.755,-5.504,-4.023,-3.243,-7.507,-2.150,-3.895,-4.844,0.000,-2.977,-3.049,-7.727,-5.232,-5.094,-5.826,-5.003,-4.771,-3.151,-7.352,-2.196,-5.507,-6.177,0.000,-7.179,-5.235,-10.481,-8.359,-6.132,-8.170,-4.230,-4.382,-4.835,-3.332,0.939,-6.321,-8.341,-12.052,-9.794,-6.639,-3.442,-4.699,-6.717,-7.975,-2.962,-7.552,-7.216,-7.451,-7.801,-8.450,-7.284,-6.144,0.000,-4.996,-6.212,-6.908,-7.626,-3.296,-2.380,-8.263,-6.211,-4.035,-3.407,-7.236,-4.154,-6.376,-6.292,-8.013,-5.971,0.000,-8.046,-7.307,-5.999,-4.826,-7.499,-5.290,-11.765,-9.023,-3.899,-7.783,-5.475,-10.347,-11.001,-6.763,-11.782,-10.793,-5.790,-10.285,-8.337,-7.446,-10.400,-5.410,-6.592,-10.537,-8.657,0.000,-5.398,-5.391,-7.679,-7.589,-11.229,-8.061,-5.330,-4.201,-7.598,-7.312,-3.095,-10.022,-7.851,-6.294,-2.862,-7.825,-5.857,-9.689,-8.685,-3.673,-7.822,-8.440,-9.748,0.000,-6.226,-10.798,-7.850,0.313,-9.832,-4.974,-4.300,-8.309,-6.706,-10.367,-7.071,-9.362,-9.342,0.000,-3.765,-7.293,-1.996,-4.174,-5.417,0.281,-5.493,-6.047,-5.889,-6.073,0.000,-3.520,6.189,-3.722,-7.485,-9.421,-7.496,-9.978,-6.758,0.000,-3.290,0.000,-7.445,-3.137,-4.208,-4.349,-7.231,-6.469,-3.014,-6.880,-2.823,0.000,-5.548,-4.045,-4.028,-3.339,-2.745,-5.526,-8.044,-4.832,-4.463,-14.195,-11.206,-8.441,-13.342,-4.115,-8.670,-6.135,-9.035,-13.439,-8.550,-8.450,-12.230,-10.876,-10.629,-6.358,-5.506,-3.989,-10.128,-8.900,-10.284,-13.779,-7.306,-12.380,-8.024,-3.931,-13.331,-5.495,-11.305,-7.633,-2.936,-2.266,-5.159,-5.371,-4.976,-3.736,-4.575,-3.507,-4.408,-3.018,-3.510,0.000,-3.283,-3.642,-7.547,-6.937,-2.651,-2.704,-7.163,-0.207,-3.928,-4.277,-7.323,-2.150,-9.395,-5.641,-7.060,0.000,-8.293,-6.664,-6.061,-6.744,-8.520,-8.185,-6.867,-7.584,-12.022,-3.977,-1.157,-4.623,-9.659,-10.361,-3.089,-2.948,-8.860,-11.073,-2.154,-5.380,-5.819,-2.970,-12.428,-1.363,-9.721,-10.975,-12.769,-7.379,-8.974,-6.553,-10.825,-5.588,-4.351,-8.294,-9.754,-2.718,-10.304,-6.154,-3.294,-2.903,-4.947,-5.141,-2.222,0.000,-5.147,-3.435,0.000,-6.406,-4.347,-3.882,-6.108,-7.556,-8.007,-4.885,-7.872,-6.519,-7.687,-11.515,0.000,-7.664,-10.478,-4.968,-2.875,-4.470,-3.416
M,0.000,-4.442,-7.306,-6.697,-5.564,-6.460,-5.901,-5.260,-8.160,-9.799,-4.710,-12.003,-6.704,-6.834,-14.657,-8.914,-6.181,-15.580,-4.115,-9.972,-13.464,-6.442,-4.655,-12.152,-11.998,-7.613,-6.267,-6.631,-12.662,-16.438,-13.465,-13.455,-11.859,-11.709,-16.466,-8.119,-11.641,-15.926,-5.384,-10.483,-4.629,-5.929,-10.138,-6.071,-7.644,-4.041,-4.874,-4.483,-6.415,-4.332,-6.140,-9.797,-4.046,-7.114,-11.908,-4.786,-5.665,-5.304,-7.326,-8.535,-8.328,-6.202,-10.296,-5.493,-6.738,-9.488,-12.166,-7.105,-5.559,-6.878,-7.207,-6.008,0.000,-9.140,-2.916,-0.180,-10.406,-9.852,-7.768,-7.375,-12.249,-8.433,-7.581,-5.102,-6.567,-6.387,-9.012,-10.644,-10.392,-9.706,-11.393,0.000,-14.873,-6.536,-6.588,-14.194,-6.758,-11.846,-4.909,-9.237,-8.842,-3.120,-13.392,-16.030,-11.125,-5.856,-13.527,-4.655,-5.591,-9.932,-9.432,-14.151,-7.476,-6.593,-14.739,-13.370,-4.088,-12.207,-4.494,-10.987,-14.522,-8.031,-2.197,-15.346,-9.254,-13.327,-10.435,-12.718,-1.711,-11.414,-8.759,-9.629,-8.072,-7.312,-7.607,-8.125,-8.955,-7.412,-7.969,-8.507,-5.469,-7.006,-1.705,0.000,-6.561,-8.067,-8.007,-10.081,-7.371,-5.669,-3.594,1.925,-8.047,-6.726,-6.261,-5.719,-4.825,-6.570,-4.850,-3.337,-7.965,-2.701,-3.898,-4.941,-5.452,-3.967,-4.244,-7.783,-5.247,-5.001,-5.560,-6.141,-3.766,-4.018,-6.666,-3.682,-5.201,-6.528,-5.534,-6.692,-5.099,-10.127,-8.527,-5.853,-7.666,0.000,-4.291,-4.994,-6.262,0.579,-6.763,-7.248,-11.145,-9.752,-6.653,-4.156,-5.960,-5.749,-7.737,0.000,-7.417,-6.830,-7.036,-7.236,-8.168,-6.024,-6.840,-6.804,-6.888,-6.454,-6.654,-7.781,-4.414,-2.493,-9.726,-5.535,-3.996,-3.386,0.000,-5.729,-5.122,-6.071,-7.199,-4.728,-2.224,-7.934,-6.332,-6.014,-2.538,-10.091,-3.831,-10.636,-8.130,0.000,-7.466,0.000,-12.160,-10.903,-5.111,-11.451,-10.872,-4.954,-9.239,-6.059,-7.040,-8.258,-5.622,-6.191,-9.486,-9.604,-4.061,-6.331,-5.212,-7.754,-7.715,-10.219,-8.296,-5.387,-3.380,-6.507,-6.953,0.000,-9.905,-7.240,-7.379,-2.968,-9.786,-4.876,-9.484,-8.494,-3.990,-7.915,-8.383,-10.179,-9.087,-7.190,-11.905,-4.799,0.187,-9.563,-2.795,-5.768,-9.194,-6.371,-10.769,-6.610,-8.409,-10.351,-6.711,-6.773,-7.668,-4.127,-4.855,-4.660,1.457,-6.676,-8.135,-6.911,-6.890,-6.801,-5.812,2.683,-5.532,-6.503,-10.797,-7.107,-9.597,-7.923,-3.063,-4.875,-4.850,-8.510,-4.213,-5.561,-6.246,-8.512,-7.393,-3.849,-7.662,-4.194,-5.042,-5.727,-4.340,-4.903,-3.917,-3.771,-7.478,-10.269,-5.268,-6.390,-12.149,-10.622,-9.081,-12.362,-5.464,-11.225,-7.482,-9.414,-13.700,-8.969,-10.878,-14.586,-10.741,-10.686,-6.999,-6.245,-6.594,-8.775,-9.590,-10.420,-12.889,-9.415,-11.580,-11.632,-5.567,-13.959,-8.141,-11.771,-6.095,-3.626,-3.400,-4.740,-5.688,-4.935,-4.131,-5.624,-4.228,-5.348,-3.194,-4.077,-4.231,-3.676,-3.360,-6.836,-6.379,-2.539,-6.227,-10.035,-1.239,-5.656,-5.739,-6.832,-3.323,-7.733,-3.583,-6.006,-3.891,-9.615,-8.844,-6.373,-6.976,-8.467,-8.642,-8.134,-9.098,-13.248,-5.763,-3.792,-6.529,-9.831,-11.995,-6.998,-3.909,-8.633,-12.173,-3.230,-6.937,-6.686,-6.296,-13.488,-4.104,-11.181,-9.901,-14.776,-7.362,-8.783,-6.399,-9.087,-6.411,-7.055,-8.985,-11.091,-6.382,-11.500,-6.299,-3.754,-2.548,-4.367,-6.732,-3.481,-8.785,-7.419,-5.763,-8.438,-8.503,-6.710,-7.235,-9.308,-10.920,-10.637,-6.172,-8.993,-7.770,-9.157,-13.224,-3.656,-10.123,-11.590,-6.294,-3.994,-4.921,-5.232
P,-8.014,-3.749,-2.802,-7.373,-4.953,-5.596,-7.510,-7.503,-9.970,-9.470,-7.756,-13.369,-8.275,-10.918,-12.261,0.000,-13.450,-11.156,-10.155,-12.615,-10.087,-8.762,-11.167,-13.985,0.000,-13.615,-9.292,-10.100,-11.982,-14.936,-16.910,-9.799,-13.528,-13.360,-12.189,-7.539,0.000,-10.331,-6.620,-8.759,-7.074,-5.415,-9.440,-7.266,-7.112,-2.642,0.000,-4.093,-2.225,-3.454,-4.275,-8.502,4.181,-9.681,-10.420,-6.118,-9.989,-3.338,-5.360,-3.151,-8.615,-6.983,-12.544,-8.928,-9.558,-5.872,-12.461,-8.050,-6.176,-11.344,-12.120,-11.498,-10.796,-11.866,-9.652,-5.607,-10.511,-11.425,-8.945,-10.180,-10.875,-8.309,-6.039,-2.760,-7.217,-8.570,-4.835,-5.777,-11.934,-12.053,-9.092,-8.066,-11.965,-8.806,-9.073,-10.668,-10.294,-14.553,-9.366,-12.741,-10.430,-8.717,-11.809,-14.243,-13.309,-8.835,-13.575,-10.240,-11.147,-7.010,-13.666,-13.182,-4.186,-6.171,-12.349,-7.798,-7.261,-9.355,-2.359,-13.746,-9.415,-10.923,-1.963,-10.042,-7.053,-12.243,-11.543,0.000,-6.079,-11.987,-11.052,-11.798,-9.810,-9.754,-9.480,-8.494,-9.793,-9.675,-12.686,-10.077,-8.900,-11.811,-5.389,-11.164,-9.241,-4.868,-10.350,-11.577,-10.616,-10.804,-9.314,-2.375,-10.767,-8.846,-9.739,-8.766,-8.738,-8.414,-4.403,-6.450,-10.990,-6.758,-5.909,-7.662,-7.586,-5.067,-5.953,-9.561,-9.602,-6.982,-7.174,-11.450,-4.739,-5.245,-7.755,-7.678,-5.218,-9.281,-9.350,-8.706,-8.048,-11.845,-13.654,-6.915,-10.748,-6.969,0.000,-5.891,-9.116,-0.301,-5.484,-11.109,-14.336,-14.528,-7.714,-7.087,-7.563,-9.341,-8.870,-8.340,-9.858,-9.654,-10.869,-10.904,-11.622,-9.281,-10.074,-12.786,-9.401,-7.867,-7.113,-10.756,-6.481,-8.552,-9.130,-8.264,-9.285,-9.205,-11.712,-9.140,-6.303,-7.976,-10.832,-7.392,-5.430,-9.864,-10.036,-8.722,-10.456,-12.518,-8.796,-13.493,-10.972,-9.149,-8.190,-11.891,-12.883,-9.107,-12.979,0.000,-10.604,-8.905,-10.077,-9.694,-9.782,-9.137,-6.951,-9.188,-9.724,-9.349,-8.612,-9.321,-8.756,-7.848,-8.295,-9.919,-7.349,-9.927,-6.131,-9.126,-6.863,-4.969,0.000,-6.818,0.000,-6.849,-7.153,-1.667,-9.979,-8.476,-2.861,-7.096,-8.233,0.000,-13.245,-7.254,-13.067,-10.133,-7.218,-10.553,-9.208,-10.555,-11.176,-9.472,-12.059,-8.003,-13.040,-8.328,-12.297,-8.729,-7.758,0.000,-3.442,-4.658,-2.762,-6.375,-5.697,-2.540,-5.090,-7.723,-5.066,0.965,-3.119,-4.442,-10.011,-6.898,-10.729,-7.228,-7.386,-6.715,-6.361,-8.706,-2.640,-6.170,-1.922,-6.723,-6.810,-4.748,0.000,-3.536,-2.973,-2.043,-4.375,-3.856,0.000,-4.155,-8.065,-9.331,-8.366,-8.970,-14.823,-12.028,-9.441,-8.294,-9.852,-13.942,-7.887,-9.129,-12.762,-12.523,-8.399,-15.272,-13.760,-14.944,-13.412,-12.409,-10.955,-9.726,-8.937,-11.218,-12.652,-10.946,-14.107,-15.745,-7.389,-15.519,-12.910,-13.255,-6.640,-2.850,-2.433,-3.950,-4.991,-5.140,-3.879,-5.085,-4.036,-4.321,-4.358,-4.648,-5.202,-3.215,-1.571,-5.638,-7.486,-3.732,-7.626,-11.631,-5.550,-13.064,-8.716,-7.408,-10.432,-11.770,-7.668,-7.373,-8.528,-8.165,-8.654,-7.462,-9.769,-9.762,-7.208,-8.217,-4.021,0.000,-5.860,-4.064,-2.734,-7.262,-10.358,-9.003,0.000,-9.311,0.000,-2.972,-4.939,-8.123,-9.944,-13.498,-11.332,-11.684,-11.829,-13.737,-10.822,-9.585,-8.515,-11.355,-10.649,-10.314,-11.707,-14.027,-10.495,-13.046,-7.982,-6.010,-6.381,-6.863,-6.614,0.000,-12.145,-9.024,-8.356,-12.799,0.000,-2.483,-6.023,-6.548,-10.899,-5.670,0.000,0.000,-10.008,-11.180,0.000,-10.125,-10.411,-10.957,-4.073,-2.559,-1.833,-1.672
Y,-9.693,-6.357,-8.479,-5.715,-7.040,-8.359,-10.163,-7.182,-11.272,-8.960,-6.606,-9.884,-13.434,-10.139,-4.404,-7.282,-9.605,-6.074,-8.547,-8.041,0.000,-8.441,-12.286,-9.827,-13.430,-14.418,-10.062,-14.805,-9.322,-8.597,-14.140,-6.648,-11.654,-8.703,-7.481,-8.064,-11.468,-6.000,-8.104,0.000,-9.121,-2.341,-8.593,-8.103,-5.991,-4.342,-3.462,-3.697,-5.557,-3.765,-3.846,-5.141,-4.980,-7.472,-7.197,-6.153,-6.677,-7.584,-3.300,-7.723,-8.128,-8.389,-7.259,-7.231,-9.862,-10.490,-8.058,-5.636,-8.287,-12.840,-11.714,-6.826,-13.523,-12.944,-6.558,-6.210,-11.260,-12.356,-10.231,-12.509,-10.454,-11.718,-5.622,-5.568,-4.945,-13.770,-8.026,-11.101,-14.118,-11.377,-8.280,-10.202,-6.636,-10.851,-11.188,-8.161,-8.886,-13.318,-14.999,-15.232,-11.192,-7.586,-6.807,-7.927,-12.756,-9.202,-8.305,-9.758,-9.345,-11.792,-16.049,-8.447,-6.081,-7.672,-7.324,-5.152,-5.704,-9.796,-6.652,-11.937,-8.161,-11.138,0.000,-7.336,-8.214,-9.005,-6.888,-11.612,-9.366,-10.582,-10.570,-15.273,-10.562,-10.656,-7.870,-3.150,-11.170,-10.249,-12.823,-11.156,-9.951,-11.199,-4.439,-13.393,-6.438,-4.776,-9.914,-10.971,-8.023,-9.081,-7.480,-1.661,-7.960,-5.040,-7.608,-6.301,-5.453,-6.889,-4.510,-4.104,-7.141,-6.660,-5.400,-6.570,-9.356,-5.671,-3.846,-7.337,-9.920,-5.790,0.000,-10.280,-6.007,-4.018,-7.677,-8.047,-5.583,-6.691,-9.428,-6.587,-6.336,-11.121,0.000,-6.393,-9.787,-5.803,-1.030,-3.559,-6.535,-2.456,-4.332,-8.556,-13.272,-12.179,-5.840,-3.764,-0.924,-10.197,-7.187,-7.143,-12.521,-8.359,-8.768,-8.471,-8.583,-8.693,-6.780,-10.761,-7.575,-5.443,-6.050,-11.964,-3.935,-4.208,-7.346,-7.612,-5.327,-7.219,-11.957,-6.213,-5.315,-1.624,-8.468,-6.052,-6.242,-12.368,-8.731,-5.916,-10.030,0.000,-6.326,-11.368,-13.842,-9.347,-7.159,-10.371,-8.647,-6.248,-13.141,-11.908,-9.574,-10.911,-10.959,-12.661,-12.578,-11.502,-5.165,-3.963,-11.307,-8.212,-10.557,-11.221,-6.054,-8.899,-7.382,-10.502,-7.563,-9.970,-7.933,-10.018,-7.154,-6.217,-11.097,-9.673,-8.128,-4.668,-7.843,-9.771,-9.528,-11.392,-3.294,-9.105,-6.159,-9.626,-11.033,-12.061,-11.793,-12.600,-7.947,-8.247,-9.253,-11.712,-7.207,-6.289,-8.497,-7.842,-13.016,-6.656,-11.252,-11.147,-9.526,-2.212,-1.578,-6.084,-0.634,-9.944,-4.468,-4.088,-2.806,-9.340,-5.228,-1.107,1.032,-6.990,-8.200,-10.136,-11.432,-5.079,-7.052,-3.849,-1.096,-8.747,-1.294,-5.272,-4.427,-7.739,-6.175,-6.184,-6.613,-2.881,-1.645,-6.276,-4.118,-4.058,-3.120,-2.261,-3.973,-5.807,-8.676,-9.911,-8.906,-10.363,-10.571,-12.187,-9.212,-7.090,-7.774,-6.197,-13.210,-10.269,0.000,0.000,-10.190,-12.528,-11.841,-2.765,-11.353,-10.981,-6.951,-8.562,-10.218,-5.244,-11.984,-12.053,-10.117,-13.277,-13.589,-6.270,-7.810,-2.362,0.000,-5.066,-5.759,-4.610,-4.024,-4.698,-3.213,-3.458,-4.078,-3.193,-5.007,-3.033,-4.868,-7.580,-7.556,-5.090,-4.889,-9.565,-5.197,-11.818,-4.063,-7.548,-7.003,-11.737,-6.411,-5.121,-4.460,-5.473,-2.399,-6.949,-9.757,-6.818,-10.412,-7.471,-8.469,-12.025,-8.290,-6.838,-5.936,-6.704,0.000,-12.713,-4.259,-10.894,-11.743,-5.066,-4.732,-7.034,-11.746,-14.701,-12.844,-5.759,-14.067,-9.407,-2.655,-9.823,-5.482,-8.434,-9.895,-11.584,-10.957,-9.434,-5.431,-10.827,-11.890,-5.144,-5.500,-5.626,-7.133,-5.944,-13.143,-1.742,-6.846,-5.494,-5.933,-4.838,-6.820,-7.436,-10.142,-7.091,-3.789,-10.309,-10.901,-6.444,-13.276,-6.209,-9.750,-5.309,-5.466,-3.507,-3.644,-4.929
F,-8.355,-4.939,-7.330,-7.507,-4.508,-5.809,-8.371,-6.502,0.000,-10.589,-8.101,-12.910,-7.026,-10.040,-5.129,-4.307,-7.971,-6.576,-7.327,-11.672,-7.707,0.000,-9.799,-12.268,-10.138,-11.036,-7.146,-11.659,-12.105,-9.827,-14.515,-9.725,-11.719,0.000,-9.585,-8.640,-9.043,-7.609,0.000,-5.538,-7.273,-2.220,-9.407,-9.075,-7.782,-3.256,-3.711,-3.899,-4.351,-2.406,-3.610,-5.989,0.000,-7.366,-7.055,-6.491,-8.310,-6.436,-1.776,-7.345,-10.016,-8.956,-9.131,-4.046,-10.938,-9.563,-10.208,-5.041,-6.001,-6.890,-11.856,-7.723,-8.114,-11.197,-6.187,-2.818,-9.992,-14.513,-11.616,-9.634,-11.388,-7.591,-8.434,-6.836,0.000,-6.875,-9.070,-9.245,-15.419,-14.473,-11.891,-6.028,-8.057,-9.002,-8.001,-11.609,-9.884,-14.950,-12.708,-12.735,-11.820,-4.958,0.000,-9.737,-14.875,-9.439,-13.233,-8.754,-8.388,-6.967,-9.408,-9.002,-5.982,-4.760,-9.281,-6.512,-6.982,-9.535,-8.642,-13.328,-12.403,-12.456,-3.739,-12.348,-9.872,-12.056,-7.364,-11.205,-5.001,-13.540,-10.015,-12.887,-9.157,-11.320,-8.937,-6.204,-11.594,-11.354,-12.765,-6.902,-7.656,-11.998,-4.283,-8.925,-8.263,-5.794,-6.299,-11.271,-10.319,-9.458,-5.151,-2.283,-9.787,-5.067,-9.327,-7.918,-4.308,-6.504,-4.770,-5.093,-6.416,-4.535,-5.524,-7.229,-7.545,-4.056,-3.830,-6.943,-8.827,-6.049,-6.377,-7.568,-6.099,-2.525,-7.684,-6.318,-5.935,-6.577,-6.430,-8.265,-5.904,-12.518,-3.940,-7.317,-11.448,-4.181,-4.881,-5.055,0.000,0.932,-6.230,-10.531,-14.310,-13.666,-8.222,-4.593,-3.889,-7.897,-9.573,-6.286,-8.741,-9.696,-10.367,-9.966,-8.834,-10.168,-8.788,-8.560,0.000,-6.876,-6.661,-9.256,-4.381,-5.515,-7.363,-8.344,-6.699,-6.495,-9.948,-5.174,-6.146,-3.143,-10.373,-7.046,-4.666,-8.493,-9.775,-6.781,-7.226,-7.398,-7.322,-13.026,-9.355,-8.792,-9.383,-10.143,-8.742,-9.722,-11.705,-10.959,-13.020,-8.827,-12.099,-7.777,-8.495,-12.084,-7.367,0.000,-12.866,-9.831,-7.830,-6.663,-6.642,-11.185,-7.138,-12.839,-6.912,-7.124,-6.527,-6.261,-8.229,-6.684,-10.054,-10.063,-7.377,-4.696,-8.844,-7.502,-11.910,-7.689,-4.281,-7.936,-6.953,-9.399,-9.119,-10.104,-12.542,-8.600,-4.923,-9.973,-8.402,-6.952,-9.394,-7.804,0.000,-9.250,-11.248,-9.232,-7.260,-8.673,-3.336,-4.084,-4.057,-7.865,-1.881,-8.400,-5.219,-5.493,-4.705,-6.251,0.000,3.446,2.139,-8.593,-10.005,-8.030,-12.194,-6.982,-4.665,-4.215,-0.127,-8.778,-3.015,-5.961,-5.211,-8.255,-8.404,-4.357,-6.397,-3.458,-2.782,-5.834,-4.541,-4.446,-2.883,-3.207,-5.954,0.000,-5.139,-6.005,-9.622,-11.313,-9.711,-13.020,-7.435,0.000,-7.452,-6.534,-14.188,-11.423,-7.006,-7.234,-8.920,-13.419,-5.666,-3.918,-9.320,-11.242,-9.886,-9.443,-12.114,-7.086,-11.528,-11.949,0.000,-13.166,-6.967,-9.533,-9.079,-3.294,-3.266,-5.914,-5.892,-5.987,-4.147,-5.431,-4.303,-4.776,-4.110,-3.935,-5.017,-3.990,-4.069,-8.394,-8.848,-4.205,-1.256,0.000,-0.691,-5.213,-4.417,-7.080,-5.957,-11.826,-6.996,-6.246,-4.940,-6.964,-3.589,-5.837,-5.411,0.000,-8.367,-6.663,-6.380,-10.793,-5.610,-3.760,-5.211,-8.779,-6.725,-8.974,-5.241,-11.152,-10.520,-2.798,-4.831,-7.832,-6.293,-13.376,-6.743,0.000,-9.923,-12.452,-4.441,-11.503,-7.042,-9.773,-9.699,-7.031,-9.904,0.000,-5.233,-14.115,-10.231,-3.862,-6.707,-4.949,-4.524,-2.319,-9.061,-1.592,-6.985,-3.818,-3.771,-4.328,-4.022,-6.152,0.000,-6.847,-1.466,-8.277,-7.735,-6.775,-11.598,-1.490,0.000,-7.789,-5.064,-3.540,-4.610,-4.513
W,-9.458,-8.311,-7.505,-8.831,-6.311,-8.948,-6.867,-8.788,-11.882,-8.859,-6.685,-12.898,-14.226,-12.679,-6.501,-9.010,-12.577,-8.007,-9.637,-13.040,-12.502,-11.499,-12.141,-14.318,-14.363,-14.572,-12.558,-16.178,-13.490,-9.845,-11.290,-14.259,-14.207,-15.435,-10.252,-6.586,-13.759,-8.690,-8.677,-9.954,-7.837,-4.419,0.000,-7.236,-8.040,-4.770,-4.807,-4.665,-7.279,-4.802,-4.969,-7.419,-4.598,-9.160,-8.497,-3.092,-6.810,-9.101,-6.013,-8.213,-8.683,-8.069,-13.437,-8.913,-7.149,-13.351,-13.585,-6.600,-7.620,-13.117,-9.355,-9.409,-10.849,-13.048,-6.166,-5.519,-13.163,-8.990,-7.865,-12.569,-12.113,-12.120,0.000,-4.885,-6.706,-11.351,-8.916,-11.713,-12.746,-11.443,-9.035,-9.798,-8.100,-7.797,-13.214,-12.217,-6.820,-13.720,-12.509,-11.761,-9.968,-8.629,-14.037,-7.826,-12.014,-12.354,-13.651,-6.092,-8.374,-13.006,-16.042,-8.959,-5.296,-9.327,-9.560,-9.619,-5.568,-10.662,-3.142,-13.426,-13.629,-7.999,-5.165,-13.183,-7.047,-15.590,-7.914,-13.472,-9.322,-12.241,0.000,-14.534,-8.876,-8.314,-10.834,-7.977,-6.515,-9.129,-11.971,-11.312,-7.029,-9.954,-5.668,-11.121,-7.988,-9.053,-10.214,0.000,-9.313,-8.948,-8.252,-1.039,-9.269,-8.120,-7.922,-6.740,-7.947,-7.137,-5.549,-5.091,-6.971,-6.703,-4.542,-6.481,-9.534,-5.302,-5.700,0.000,-9.490,-5.528,-6.006,-10.270,-4.540,-5.709,-5.890,-8.766,-5.105,-8.522,-7.794,-6.289,-6.035,-11.976,-10.439,-6.494,-9.993,-5.495,-2.664,-4.452,-9.564,-1.257,-6.416,-8.579,-12.996,-13.462,-6.446,-5.742,-6.651,-10.071,-7.187,-5.997,-11.995,-8.450,-7.355,-9.532,-9.243,-7.744,-7.923,-12.247,-9.891,-5.373,-6.156,-11.204,-5.575,-4.170,-9.473,-7.229,-6.034,-6.687,-9.611,-7.972,-3.826,-5.971,-6.844,-4.769,-5.088,-11.101,-6.538,-6.450,-9.953,-10.141,-3.866,-11.948,-11.342,-8.170,-8.361,-8.576,-10.344,-9.304,-8.474,-12.359,-14.198,-8.166,-9.138,-11.460,-10.754,-8.290,-7.807,-7.925,-8.326,-10.815,-11.057,-9.591,-7.487,-6.475,-9.737,-8.437,-9.125,-9.563,-6.546,-9.754,-7.072,-7.237,-11.310,-9.690,-11.331,-6.744,-10.865,-8.103,-11.015,-9.982,-6.561,-10.308,-1.763,-11.080,-14.835,-13.273,-10.434,-12.001,-6.012,-9.605,-6.785,-10.815,-8.032,-7.195,-11.171,-5.964,-12.055,-11.870,-11.855,-13.710,-9.026,-6.731,-3.577,-6.000,-4.138,-10.079,-7.526,-6.603,-3.349,-11.295,-7.879,-2.590,-4.570,-6.825,-11.488,-9.759,-9.699,-6.822,-8.392,-4.138,-3.672,-9.157,-3.194,-6.488,-6.109,-9.062,-8.443,-6.439,-7.834,-2.935,-4.243,-7.386,-5.262,-5.506,-5.916,-4.696,-8.559,-11.020,-9.122,-11.412,0.000,-9.391,-13.302,-13.094,-10.350,-12.407,-9.644,-9.381,-8.456,-10.414,-5.939,-10.157,0.000,-14.210,-11.703,-6.204,-12.675,-9.592,-11.095,-11.376,0.000,-10.638,0.000,-16.524,-10.057,-9.136,-13.689,-8.623,-6.775,-1.921,-6.118,0.000,-7.634,-5.751,-5.104,-6.352,-4.582,-6.013,-5.948,-4.826,-6.996,-4.833,-6.110,-8.998,-8.857,-6.098,-9.646,-11.280,-7.088,-12.870,-3.532,-9.348,-5.990,-11.023,-4.572,-6.155,-8.176,-8.481,-9.657,-8.758,-9.600,-2.128,-12.602,-11.541,-10.557,-13.873,-8.802,-8.221,-8.353,-9.641,-10.839,-15.696,-6.954,-10.156,-14.271,-5.506,-4.687,-4.159,-12.355,-9.750,-13.839,-9.180,-12.026,-15.042,-10.269,-10.839,-6.696,-7.182,-10.106,-9.768,-11.064,-11.935,-9.506,-14.639,-11.665,-6.880,-6.590,-8.338,-9.345,-4.937,-15.439,-3.589,-9.873,-11.347,-10.056,-7.180,-11.211,-11.119,-13.026,-9.741,-8.235,-12.333,-13.290,-8.696,-15.797,-7.537,-10.518,-5.858,-6.444,-2.093,-5.577,-6.141
