,M 1,E 2,D 3,D 4,S 5,L 6,Y 7,L 8,G 9,G 10,E 11,W 12,Q 13,F 14,N 15,H 16,F 17,S 18,K 19,L 20,T 21,S 22,S 23,R 24,P 25,D 26,A 27,A 28,F 29,A 30,E 31,I 32,Q 33,R 34,T 35,S 36,L 37,P 38,E 39,K 40,S 41,P 42,L 43,S 44,C 45,E 46,T 47,R 48,V 49,D 50,L 51,C 52,D 53,D 54,L 55,A 56,P 57,V 58,A 59,R 60,Q 61,L 62,A 63,P 64,R 65,E 66,K 67,L 68,P 69,L 70,S 71,S 72,R 73,R 74,P 75,A 76,A 77,V 78,G 79,A 80,G 81,L 82,Q 83,N 84,M 85,G 86,N 87,T 88,C 89,Y 90,V 91,N 92,A 93,S 94,L 95,Q 96,C 97,L 98,T 99,Y 100,T 101,P 102,P 103,L 104,A 105,N 106,Y 107,M 108,L 109,S 110,R 111,E 112,H 113,S 114,Q 115,T 116,C 117,H 118,R 119,H 120,K 121,G 122,C 123,M 124,L 125,C 126,T 127,M 128,Q 129,A 130,H 131,I 132,T 133,R 134,A 135,L 136,H 137,N 138,P 139,G 140,H 141,V 142,I 143,Q 144,P 145,S 146,Q 147,A 148,L 149,A 150,A 151,G 152,F 153,H 154,R 155,G 156,K 157,Q 158,E 159,D 160,A 161,H 162,E 163,F 164,L 165,M 166,F 167,T 168,V 169,D 170,A 171,M 172,K 173,K 174,A 175,C 176,L 177,P 178,G 179,H 180,K 181,Q 182,V 183,D 184,H 185,H 186,S 187,K 188,D 189,T 190,T 191,L 192,I 193,H 194,Q 195,I 196,F 197,G 198,G 199,Y 200,W 201,R 202,S 203,Q 204,I 205,K 206,C 207,L 208,H 209,C 210,H 211,G 212,I 213,S 214,D 215,T 216,F 217,D 218,P 219,Y 220,L 221,D 222,I 223,A 224,L 225,D 226,I 227,Q 228,A 229,A 230,Q 231,S 232,V 233,Q 234,Q 235,A 236,L 237,E 238,Q 239,L 240,V 241,K 242,P 243,E 244,E 245,L 246,N 247,G 248,E 249,N 250,A 251,Y 252,H 253,C 254,G 255,V 256,C 257,L 258,Q 259,R 260,A 261,P 262,A 263,S 264,K 265,T 266,L 267,T 268,L 269,H 270,T 271,S 272,A 273,K 274,V 275,L 276,I 277,L 278,V 279,L 280,K 281,R 282,F 283,S 284,D 285,V 286,T 287,G 288,N 289,K 290,I 291,D 292,K 293,N 294,V 295,Q 296,Y 297,P 298,E 299,C 300,L 301,D 302,M 303,K 304,L 305,Y 306,M 307,S 308,Q 309,T 310,N 311,S 312,G 313,P 314,L 315,V 316,Y 317,V 318,L 319,Y 320,A 321,V 322,L 323,V 324,H 325,A 326,G 327,W 328,S 329,C 330,H 331,N 332,G 333,H 334,Y 335,F 336,S 337,Y 338,V 339,K 340,A 341,Q 342,E 343,G 344,Q 345,W 346,Y 347,K 348,M 349,D 350,D 351,A 352,E 353,V 354,T 355,A 356,S 357,S 358,I 359,T 360,S 361,V 362,L 363,S 364,Q 365,Q 366,A 367,Y 368,V 369,L 370,F 371,Y 372,I 373,Q 374,K 375,S 376,E 377,W 378,E 379,R 380,H 381,S 382,E 383,S 384,V 385,S 386,R 387,G 388,R 389,E 390,P 391,R 392,A 393,L 394,G 395,A 396,E 397,D 398,T 399,D 400,R 401,R 402,A 403,T 404,Q 405,G 406,E 407,L 408,K 409,R 410,D 411,H 412,P 413,C 414,L 415,Q 416,A 417,P 418,E 419,L 420,D 421,E 422,H 423,L 424,V 425,E 426,R 427,A 428,T 429,Q 430,E 431,S 432,T 433,L 434,D 435,H 436,W 437,K 438,F 439,L 440,Q 441,E 442,Q 443,N 444,K 445,T 446,K 447,P 448,E 449,F 450,N 451,V 452,R 453,K 454,V 455,E 456,G 457,T 458,L 459,P 460,P 461,D 462,V 463,L 464,V 465,I 466,H 467,Q 468,S 469,K 470,Y 471,K 472,C 473,G 474,M 475,K 476,N 477,H 478,H 479,P 480,E 481,Q 482,Q 483,S 484,S 485,L 486,L 487,N 488,L 489,S 490,S 491,T 492,T 493,P 494,T 495,H 496,Q 497,E 498,S 499,M 500,N 501,T 502,G 503,T 504,L 505,A 506,S 507,L 508,R 509,G 510,R 511,A 512,R 513,R 514,S 515,K 516,G 517,K 518,N 519,K 520,H 521,S 522,K 523,R 524,A 525,L 526,L 527,V 528,C 529,Q 530,W 531,S 532,Q 533,W 534,K 535,Y 536,R 537,P 538,T 539,R 540,R 541,G 542,A 543,H 544,T 545,H 546,A 547,H 548,T 549,Q 550,T 551,H 552,T 553
K,-6.858,-4.079,-2.987,-3.558,-4.261,-4.072,-2.131,-4.023,-3.884,-3.365,-3.481,-1.580,-2.854,-2.125,-3.051,-2.941,-3.504,-4.091,0.000,-3.448,-3.533,-4.235,-4.497,-3.107,-3.456,-2.909,-3.681,-4.474,-2.240,-3.809,-3.599,-2.354,-3.259,-3.078,-3.520,-3.770,-3.667,-4.005,-3.658,0.000,-3.000,-3.842,-4.207,-4.181,-1.719,-3.602,-3.202,-3.125,-2.680,-3.733,-3.572,-2.798,-5.405,-5.458,-2.944,-6.692,-10.701,-6.993,-1.875,-2.649,-3.061,-9.998,-6.921,-9.876,-4.636,-8.211,0.000,-11.969,-3.413,-10.762,-6.779,-9.939,-3.662,-6.573,-6.964,-9.304,-6.843,-12.020,-13.767,-14.607,-14.502,-14.955,-7.401,-10.550,-8.947,-10.448,-11.009,-10.971,-16.244,-14.351,-11.690,-9.337,-14.896,-13.542,-15.352,-10.814,-15.950,-15.696,-11.361,-14.276,-11.796,-13.378,-13.843,-16.637,-15.971,-11.337,-15.377,-12.739,-13.623,-13.555,-5.992,-7.881,-14.141,-11.362,-5.270,-7.165,-13.655,-7.747,-4.756,-4.264,0.000,-7.132,-12.869,-11.831,-12.807,-11.452,-10.584,-11.502,-12.896,-7.958,-12.283,-12.265,-9.190,-6.926,-15.100,-13.423,-8.750,-5.283,-11.833,-7.923,-6.791,-12.375,-15.880,-6.446,-15.387,-8.832,-7.285,-8.681,-14.329,-12.012,-8.152,-11.241,-14.431,-13.709,-5.623,-13.472,0.000,-7.785,-8.152,-13.458,-14.649,-11.474,-8.443,-16.225,-13.783,-9.912,-12.689,-10.803,-12.873,-11.658,-11.146,-11.982,0.000,0.000,-12.703,-15.313,-13.753,-9.486,-11.439,-5.989,0.000,-0.915,-6.293,-10.909,-10.441,-8.190,-8.881,0.000,-7.693,-6.895,-9.815,-11.238,-11.806,-9.619,-8.476,-12.501,-15.987,-10.537,-15.504,-10.537,-10.418,-9.613,-14.760,-7.627,-12.042,0.000,-14.121,-6.199,-7.619,-16.379,-3.463,-10.682,-7.991,-12.052,-9.600,-6.764,-12.866,-10.999,-11.560,-15.643,-11.561,-14.371,-13.230,-11.331,-15.557,-8.199,-14.002,-5.351,-10.788,-14.329,-7.104,-10.718,-15.330,-5.304,-4.883,-14.172,-13.725,-6.450,-3.879,-11.725,-14.613,0.000,-9.573,-8.885,-3.556,-18.917,-5.205,-9.334,-6.600,-8.967,-10.468,-19.225,-4.009,-14.255,-6.436,-3.298,-13.560,-6.756,-5.415,-0.279,-7.381,-7.163,-16.236,-7.395,0.000,-7.357,-15.958,-8.451,-13.190,-10.961,-5.414,-10.753,-10.432,0.000,-11.932,-14.628,-11.675,-13.987,-10.425,-15.542,0.000,-10.244,-16.920,-9.455,-6.641,-9.401,-6.829,-11.230,-6.937,0.000,-10.110,-3.562,0.000,-4.184,-12.202,-3.801,-14.862,-9.987,-8.061,-9.185,-15.248,-10.333,-9.973,0.000,-5.428,-13.188,-11.429,-9.891,-8.854,-2.684,-8.561,-9.237,-9.390,-9.907,-10.503,-8.171,-12.616,-9.664,-12.963,-11.644,-14.972,-13.247,-13.211,-13.412,-13.895,-12.889,-12.236,-7.144,-10.415,-11.657,-9.464,-4.959,-12.531,-12.514,-17.485,-15.462,-16.239,-17.410,-10.879,0.000,-12.881,-1.510,-3.480,-11.970,-4.904,-15.698,-15.603,0.000,-12.444,-8.475,-12.579,-6.684,-3.372,-12.418,-8.930,-5.093,-12.413,-9.113,-5.719,-5.844,-8.555,-12.904,-14.592,-5.730,-11.219,-4.258,-17.705,-17.687,-13.778,-16.746,-16.217,-16.480,-11.685,-7.210,0.000,-7.266,-6.434,-6.695,-3.778,-4.315,-4.274,-7.015,-7.027,-4.341,-6.193,-5.210,-4.329,-3.998,-4.272,-4.450,-3.519,-4.387,-4.807,-4.188,-4.071,-4.005,-4.244,-3.491,-3.969,-3.350,-3.860,-3.687,-3.798,-3.733,-3.747,-3.795,-3.695,-4.030,0.000,-3.519,-3.184,-3.066,-3.680,-3.335,-4.636,-3.546,-3.456,-3.575,-3.729,-3.442,-2.278,-3.109,-2.599,-3.874,-3.244,-3.350,-3.276,-4.064,-2.608,-3.223,-3.510,-3.884,-3.423,-3.555,-3.191,-3.473,-2.189,0.000,-1.454,-4.763,-4.430,-4.372,-3.398,-2.931,0.000,-2.906,0.000,-2.805,-3.860,-4.200,-2.183,-4.014,-3.133,0.000,-3.222,-2.926,-2.332,-2.612,-3.584,-3.048,-3.000,-2.907,-2.742,-3.094,-1.997,-2.014,-2.675,-2.902,-2.769,0.000,-1.208,0.000,0.075,-2.276,-1.512,0.000,-2.900,-2.825,-2.827,-3.100,-3.243,-3.203,-3.374,-4.088,-4.609,-4.485,-3.984,-3.220,-4.364,-4.697,-4.642,-3.807,-4.103,-3.855,-4.003,-3.610,-3.703,-3.871,-3.567,-2.026,-2.922,-3.433,-3.557,-3.786,-3.428,-3.162,-3.869,-3.691,-3.436,-2.904,-3.064,-2.227,-3.387,-3.026,-2.555,0.000,-1.354,0.000,-1.248,0.000,-1.722,-2.192,0.000,-3.103,-2.204,-3.654,-2.985,-2.336,-2.507,-3.145,-1.835,-3.440,-3.532,-1.952,0.000,-1.428,-3.792,-3.154,-3.443,-4.758,-4.606,-4.017,-5.117,-7.596,-7.515,-8.296,-5.177,-8.510,-7.344,-6.657,-7.026,-7.673,-6.579
R,-6.731,-4.218,-3.223,-3.441,-4.097,-3.907,-2.132,-3.878,-3.684,-3.528,-3.027,-1.903,-2.611,-2.152,-2.683,-2.651,-3.245,-3.971,-2.768,-3.514,-3.328,-3.887,-4.088,0.000,-3.408,-2.546,-3.518,-4.041,-2.254,-3.375,-3.174,-2.213,-3.142,0.000,-3.147,-3.483,-3.339,-3.761,-3.350,-3.081,-3.070,-3.331,-3.564,-3.873,-1.875,-2.866,-3.231,0.000,-2.752,-3.350,-3.401,-2.491,-5.395,-4.923,-3.463,-6.589,-9.573,-5.924,-1.376,0.000,-2.669,-8.387,-5.088,-7.970,0.000,-9.034,-3.512,-9.187,-1.196,-7.795,-5.440,-8.424,0.000,0.000,-6.182,-6.548,-4.183,-10.224,-9.451,-13.599,-10.707,-12.014,-4.862,-13.118,-9.843,-7.952,-14.120,-12.264,-9.392,-12.519,-11.246,-12.931,-13.813,-10.639,-13.022,-10.934,-10.725,-13.398,-11.478,-10.588,-12.861,-9.620,-10.040,-13.672,-14.417,-12.402,-12.712,-11.870,-10.828,-10.275,0.000,-9.436,-8.734,-8.969,-3.010,-5.956,-9.060,-4.601,0.000,-2.500,-1.710,-3.744,-8.771,-11.243,-10.558,-6.464,-9.595,-12.457,-12.229,-7.549,-8.744,-11.582,-9.226,0.000,-13.084,-10.087,-7.080,-0.433,-9.684,-5.937,-6.431,-12.746,-14.449,-7.298,-11.826,-6.564,-4.007,-9.144,-11.404,-11.403,-7.735,-8.094,-11.839,-8.825,0.000,-9.556,-1.154,-8.865,-12.173,-14.760,-12.585,-8.997,-13.548,-13.508,-12.056,-8.910,-12.439,-11.627,-12.218,-14.094,-12.099,-11.883,-4.852,-5.103,-12.394,-10.578,-10.627,-7.495,-8.216,-3.643,-4.451,-3.591,-5.302,-11.266,-5.808,-5.611,-8.795,-5.303,-8.406,-8.459,-11.234,-9.214,-11.689,-7.027,-9.099,-13.774,-13.880,-7.774,-9.660,-6.877,-7.401,0.000,-12.755,-4.056,-13.081,-4.264,-7.959,-6.639,-6.596,-11.178,-4.858,-8.065,-8.569,-10.092,-10.418,-7.176,-11.280,-12.954,-9.380,-12.291,-10.511,-15.105,-13.545,-10.363,-13.310,-12.321,-14.085,-5.571,-10.426,-13.499,-5.479,-9.759,-13.424,-5.010,-4.010,-13.241,-12.033,-8.239,-4.919,-10.394,-14.470,-6.571,-9.256,-11.168,-2.087,-15.613,-5.836,-7.160,-8.205,-10.525,-9.343,-15.661,-4.983,-10.547,-3.759,-3.034,-9.475,-6.321,-5.219,0.000,-6.040,-5.119,-14.745,-5.507,-7.791,-6.613,-13.301,-8.839,-13.165,-7.523,-2.790,-9.344,-8.677,-5.809,-12.661,-12.934,-11.113,-12.392,-9.064,-12.598,-10.253,0.000,-13.659,-8.403,-7.128,-6.314,-5.258,-8.277,-3.920,-8.183,-8.375,-4.086,-6.542,-6.490,-12.969,-1.493,-13.123,-7.760,-8.733,-6.318,-12.936,-12.187,-10.387,-2.224,-2.370,-10.970,-11.097,-7.707,-9.203,-1.300,-8.574,-6.995,-9.266,-9.261,-9.072,-8.751,-11.920,-8.644,-11.042,-10.373,-12.912,-11.880,-11.443,-14.535,-10.507,-11.698,-7.186,-3.738,-7.372,-8.531,-6.782,-3.027,-8.741,-8.780,-13.075,-12.317,-9.547,-12.843,-11.131,-5.296,-12.175,-0.476,-5.055,-9.645,-3.660,-11.064,-11.126,-4.118,-11.431,-9.376,-12.772,-5.897,-3.428,-12.756,-6.091,-4.251,-9.201,-8.775,-7.069,-4.366,-7.316,-11.540,-12.602,-5.958,-9.480,-6.000,-16.889,-15.221,-14.286,-14.351,-14.477,-13.927,-9.666,-3.577,-3.207,-6.208,-7.336,-4.770,-4.756,0.000,-2.913,-5.045,-6.953,-4.113,-4.476,-3.947,0.000,-4.026,0.000,-3.977,-3.333,0.000,-3.837,-3.097,-3.416,-3.464,-3.468,-2.895,-3.120,-2.707,0.000,0.000,-3.232,-3.284,-2.971,-3.395,-3.350,-3.595,-2.541,0.000,-2.783,-2.299,-2.620,-2.714,-3.770,-2.898,-3.442,-3.343,-2.734,-3.203,-2.008,-2.616,-2.628,-3.554,-2.992,-3.122,0.000,-3.535,-2.042,-3.096,-3.318,-3.578,-3.061,-3.511,-3.183,-3.033,-2.214,-3.491,-1.240,-4.837,-4.450,-4.816,-3.655,-2.508,-3.533,-2.670,-3.254,-3.026,-4.110,-4.439,-2.359,-3.795,0.000,-3.381,-3.507,-3.590,-2.839,-3.271,-4.122,-3.526,-3.382,-3.074,-3.270,-3.491,-2.545,-2.364,-3.137,-2.716,-3.232,-3.228,-1.459,-3.479,-0.482,-2.966,-1.956,-3.511,-3.116,-3.165,-2.989,-3.332,-3.465,-3.557,-3.341,-3.931,-4.284,-4.159,-3.842,-2.818,-3.827,-4.479,-4.315,-3.572,-4.072,-3.764,-3.741,-3.505,-3.521,-3.429,-3.597,-1.836,-2.856,-3.303,-3.463,-3.373,-3.245,-2.834,-3.426,-3.129,0.000,-2.661,0.000,-1.937,0.000,0.000,-2.418,-3.002,-2.303,-3.722,-1.889,-3.475,-2.288,-2.591,-2.845,0.000,-2.321,-3.167,-2.764,-2.052,-2.415,-2.605,-1.589,-3.110,-2.778,-1.678,-2.722,-0.692,0.000,-2.545,-2.227,0.000,0.000,-2.180,-4.394,-4.654,-7.469,-4.915,-5.294,-5.233,-7.511,-1.988,-6.998,-5.095,-6.352
H,-7.809,-5.391,-4.613,-4.259,-4.794,-4.728,-2.872,-4.643,-4.449,-4.464,-3.906,-2.608,-3.354,-3.099,-3.478,0.000,-3.771,-4.694,-3.365,-4.502,-3.740,-4.677,-4.710,-3.705,-4.463,-3.615,-4.586,-4.609,-3.248,-4.659,-3.942,-3.267,-4.049,-4.357,-4.150,-4.519,-4.631,-4.959,-4.340,-4.233,-4.761,-4.608,-4.611,-4.799,-3.336,-3.938,-4.044,-4.219,-4.126,-4.170,-3.815,-3.578,-6.650,-6.088,-4.052,-7.487,-9.828,-7.249,-2.825,-6.247,-3.142,-7.586,-3.952,-8.406,-5.183,-8.127,-6.348,-9.391,-1.344,-8.433,-5.204,-8.845,-5.215,-6.997,-6.680,-5.627,-6.778,-12.139,-14.020,-14.932,-15.996,-12.217,-5.742,-11.162,-11.381,-11.727,-12.016,-14.246,-13.116,-9.104,-12.703,-10.169,-15.454,-13.466,-14.285,-10.004,-13.529,-13.236,-14.397,-6.799,-15.002,-9.714,-9.481,-13.551,-16.847,-10.248,-8.616,-14.306,-11.605,-11.836,-4.760,-10.714,0.000,-10.918,-5.486,-6.901,-10.386,0.000,-4.591,0.000,-2.736,-3.128,-11.624,-12.962,-11.174,-9.544,-10.690,-13.899,-11.454,-8.107,0.000,-12.804,-10.174,-6.169,-14.037,-9.783,0.000,-0.207,-9.204,-7.510,0.000,-14.208,-13.293,-7.992,-10.277,-7.226,-3.569,-8.850,-11.851,-12.397,-8.632,-9.937,-11.677,0.000,-6.877,-11.252,-3.906,-9.736,-12.512,-9.763,-14.730,0.000,-13.218,-12.296,-13.487,-11.294,-10.201,-14.470,-13.904,-10.584,-12.691,-14.824,-3.462,-7.190,-13.321,-12.130,-10.589,-7.083,-12.070,0.000,-4.652,-3.540,-5.697,-8.430,0.000,0.000,-10.107,-8.154,-8.887,-10.373,-13.094,-9.922,-13.237,0.000,-8.924,-15.042,-13.812,-12.923,-14.809,-5.558,-6.923,-8.046,-13.127,-8.196,-14.998,-5.270,-10.678,-7.790,0.000,-13.696,0.000,-10.383,-9.450,-12.204,-7.193,-9.936,-9.587,-9.832,-8.160,-8.096,-11.713,-10.338,-14.708,-11.951,-13.477,-9.902,-14.693,-6.898,-12.507,-13.325,-5.704,-9.916,-14.656,-3.010,-5.888,-15.413,-13.410,-7.690,-4.943,-7.716,-16.255,-9.801,-11.173,-10.879,-1.688,-15.772,-6.623,-8.786,-7.504,-9.949,-11.795,-10.311,0.000,-12.100,-6.034,-4.517,-12.016,-6.238,-6.017,-6.297,-8.600,-6.261,-15.882,-6.245,-10.097,-9.125,-12.400,-10.749,-13.369,0.000,-4.609,-10.240,-9.622,-6.524,-10.360,-13.052,-12.684,-13.177,-10.505,-13.438,-12.881,-7.719,-12.222,-7.818,-5.166,-5.254,-8.157,-12.197,-4.748,-10.369,-10.217,-4.515,-10.043,-4.732,-13.553,-4.611,-8.504,-7.807,-9.756,-5.705,-13.350,-8.830,-12.548,-2.707,-3.077,-8.484,-14.335,-10.746,-6.126,-0.987,-6.533,-9.788,-11.325,-7.342,-8.329,-9.934,-7.781,-9.944,-11.758,-5.770,-16.235,-15.147,-12.811,-16.248,0.000,-10.893,-13.844,-3.543,-9.115,-10.028,0.000,-6.296,-13.942,0.000,-9.487,-8.952,-12.208,-8.667,-13.216,-10.848,-11.915,-3.303,-3.887,-12.099,-5.100,-13.937,-6.298,-5.974,-13.033,-8.859,-11.192,-3.327,-3.676,-14.995,-7.515,-6.415,-11.887,-6.956,-8.083,-5.819,-6.687,-13.140,-12.996,-4.358,-10.081,-9.345,-18.167,-9.773,-15.956,-15.032,-13.976,-9.035,-11.467,-4.787,-4.991,-7.344,-7.685,-8.030,-5.980,-5.215,0.000,-6.931,-8.266,-4.874,-5.131,-5.110,-4.428,-4.506,-4.852,-5.213,-4.324,-5.544,-5.009,-4.455,-4.783,-5.333,-5.273,-3.722,-4.939,-3.601,-4.188,-4.714,-4.458,-4.168,-3.844,-4.784,-3.501,-4.829,-3.065,-5.059,-3.331,0.000,-3.601,-3.274,-4.113,-3.964,-4.658,-4.643,-3.634,-4.635,-4.016,-3.515,0.000,-4.153,-4.938,-4.019,-4.650,-4.122,-3.783,-4.825,-4.376,-4.331,-3.788,-5.013,-4.226,0.000,-2.989,-4.344,-2.113,-5.249,-5.374,-5.118,-4.638,-3.857,-4.741,-3.900,-3.707,-4.568,-4.552,-5.221,-2.724,-4.892,-4.655,-4.467,-4.529,-4.467,-3.813,-3.861,-4.749,-3.558,-4.269,-3.471,-3.002,-4.010,-2.694,-2.584,0.000,-3.621,-3.839,-3.330,-2.296,-3.656,-1.040,-3.250,-2.689,-3.928,-3.317,0.000,0.000,-4.001,-3.328,-3.635,-3.608,-4.349,-4.460,-4.107,-4.382,-2.758,-4.166,-4.688,-4.540,-3.607,-3.841,-3.695,-3.880,0.000,-4.753,-3.723,-4.068,-2.514,-3.244,-4.385,-3.869,-4.152,-4.461,-3.698,-4.340,-3.788,-4.527,-3.787,-5.124,-3.255,-4.378,-4.469,-3.604,-4.752,-3.277,-5.190,-2.474,-4.422,0.000,-3.673,-3.490,-4.379,-3.318,-3.936,-3.874,-2.616,-3.012,-3.423,-2.357,-4.315,-3.474,-2.457,-3.613,-1.737,-4.046,-2.811,-3.302,-3.380,-4.866,-0.951,-6.008,0.000,-10.265,0.000,-7.815,0.000,-10.219,0.612,-9.366,0.000,-8.306
E,-6.557,0.000,-2.806,-3.286,-3.751,-3.381,-1.866,-3.925,-3.552,-3.279,0.000,-1.333,-2.769,-1.890,-2.930,-3.157,-3.204,-3.861,-2.873,-3.134,-3.254,-3.945,-4.251,-3.005,-3.352,-2.781,-3.879,-4.023,-1.801,-3.847,0.000,-1.995,-3.428,-2.859,-3.495,-4.021,-3.644,-4.006,0.000,-3.311,-3.463,-3.579,-3.709,-4.516,-1.938,0.000,-3.441,-3.044,-2.380,-3.340,-2.701,-1.956,-4.078,-4.277,-1.829,-6.061,-10.406,-7.316,-2.028,-6.701,-3.084,-9.002,-7.061,-10.211,-5.837,0.000,-7.698,-12.278,-3.784,-12.796,-6.924,-11.116,-4.856,-10.111,-8.221,-8.057,-7.221,-11.533,-10.918,-13.450,-12.712,-16.233,-7.927,-15.445,-12.249,-9.232,-15.818,-14.438,-15.834,-14.336,-10.632,-15.105,-13.577,-13.875,-16.048,-9.093,-16.719,-16.355,-14.584,-13.985,-15.203,-13.291,-15.370,-17.488,-13.656,-13.559,-14.188,-13.710,-13.892,-13.764,-9.169,0.000,-13.738,-11.164,-8.423,-7.074,-13.218,-8.275,-4.253,-3.213,-3.149,-7.189,-13.442,-14.017,-13.867,-12.982,-10.358,-11.686,-9.223,-6.900,-12.888,-13.262,-10.798,-7.183,-12.862,-14.194,-6.917,-6.909,-13.286,-8.518,-3.584,-13.170,-15.823,-8.861,-15.395,-10.346,-8.748,-9.542,-15.358,-9.983,-4.991,-9.889,-15.212,-14.719,-10.764,-11.791,-7.563,-7.628,0.000,-9.627,-12.319,-11.396,0.000,-16.139,-15.093,-10.186,-11.035,-11.687,-11.086,-7.461,-9.901,-13.534,-5.128,-7.677,-11.717,-15.605,-13.549,-10.285,-9.613,-6.008,-6.831,-4.797,-5.913,-8.774,-12.034,-10.881,-9.883,-2.516,-3.922,-11.204,-12.876,-12.064,-11.544,-10.828,-8.124,-13.880,-15.789,-9.484,-11.932,-11.255,-11.597,-12.784,-16.668,-10.126,-13.130,-7.331,-15.054,-6.128,-10.455,-16.460,-9.386,-9.087,-8.677,-13.251,-9.132,-11.601,-13.557,-7.510,-12.542,-14.291,-12.986,-11.139,-13.899,-11.626,-14.881,-2.914,-14.222,-7.430,-9.263,-13.160,-7.885,-12.408,-14.224,-4.369,-4.369,-12.191,-14.496,0.000,-6.475,-11.913,-12.196,-8.428,-11.913,0.000,0.000,-20.283,-7.549,-8.383,0.000,-9.395,-11.738,-18.833,-8.653,-14.343,-4.958,-7.337,-13.630,-8.604,-6.860,-3.793,-5.434,-7.979,-13.044,-8.826,-7.777,-9.131,-16.709,-11.999,-12.577,-10.432,-5.562,-9.010,-8.702,-7.324,-11.255,-15.395,-11.644,-14.112,-9.602,-16.257,-9.959,-12.935,-15.938,-9.364,-5.308,-8.917,-9.691,-9.012,-5.976,-7.858,-10.486,-5.327,-7.986,-2.967,-11.876,-3.872,-14.760,-9.908,0.000,-9.295,-16.464,-9.220,-11.674,-5.012,-6.518,-12.533,-13.585,-12.282,-6.731,-3.415,-9.082,-8.069,-5.189,-6.785,-10.487,-8.927,-13.571,-8.704,-13.123,-12.500,-12.832,-11.965,-13.444,-12.435,-15.551,-12.427,-8.888,-6.575,-10.544,-11.627,-8.298,-4.820,-10.373,-12.833,-17.334,-14.776,-14.669,-16.265,-10.251,-10.009,-12.628,-1.624,0.000,-8.396,-5.912,-15.466,-15.220,-5.935,-14.159,-9.383,-10.803,-5.936,0.000,-10.647,-8.270,-5.811,-12.357,-8.362,-6.250,-6.222,-6.913,-11.160,-15.574,-8.458,-11.171,-5.954,-16.331,-17.373,-12.851,-16.573,-16.588,-16.249,-13.445,-10.821,-5.361,-9.780,0.000,-9.996,0.000,-5.253,-3.980,-7.827,0.000,-2.126,-4.947,-4.577,-3.951,-3.671,-4.433,0.000,-2.160,-3.396,-3.809,-2.842,-3.714,-4.005,0.000,-2.917,-3.645,-2.614,-4.291,-3.680,-3.471,-2.829,-2.849,-2.868,0.000,-2.877,-2.920,-3.549,-2.853,-2.999,-3.715,-3.029,-4.848,-2.929,-3.259,-3.213,0.000,-3.191,-2.727,0.000,-1.750,-3.601,-3.851,0.000,-3.181,-3.752,-3.021,-3.167,0.000,-3.474,-2.126,-3.117,-2.898,-3.974,-1.893,-3.595,-0.771,-4.352,-3.629,0.000,-3.846,-2.637,-4.632,-3.835,-4.718,-2.552,0.000,-3.990,-2.758,-4.585,-3.537,-3.532,-3.520,0.000,-2.973,-3.515,-3.958,-3.320,-2.849,-2.865,-2.825,-3.349,-2.511,-2.360,-3.192,-3.622,-3.143,-3.302,-1.169,-3.677,0.187,-2.915,-2.020,-3.112,-2.941,-3.430,-2.917,-3.470,0.000,-3.141,-3.161,-3.805,-4.540,-4.235,-3.657,-2.891,-4.545,-4.258,-4.431,-3.546,-3.829,-3.219,-3.455,-3.047,-3.835,0.000,-3.112,-1.669,-2.128,-4.143,-3.525,-4.014,-3.378,-3.648,-4.129,-4.009,-3.921,-3.724,-4.522,-3.450,-4.873,-4.847,-3.927,-4.663,-3.990,-4.895,-3.202,-5.280,-3.483,-4.682,-4.266,-3.986,-3.877,-4.294,-3.631,-3.345,-2.760,-3.996,-2.126,-3.746,-4.200,-2.256,-3.811,-1.903,-5.071,-3.324,-3.803,-4.567,-4.679,-4.413,-5.757,-7.332,-8.663,-7.901,-7.444,-8.125,-8.732,-6.287,-8.125,-7.627,-8.173
D,-7.002,-3.990,0.000,0.000,-3.545,-2.987,-1.910,-3.749,-3.554,-3.679,-3.326,-1.648,-2.415,-2.537,-3.194,-3.003,-3.364,-4.432,-2.994,-3.474,-3.047,-4.334,-4.560,-3.370,-3.906,0.000,-4.053,-3.820,-2.371,-4.523,-3.546,-2.668,-3.897,-3.380,-3.686,-4.653,-4.196,-4.651,-4.061,-3.589,-4.318,-4.145,-3.896,-4.746,-2.878,-3.680,-3.366,-3.332,-2.804,0.000,-1.922,-2.157,0.000,0.000,-1.734,-8.245,-11.060,-8.333,-4.532,-8.443,-4.214,-10.143,-6.399,-11.239,-6.981,-4.767,-9.475,-13.075,-3.668,-13.234,-7.021,-9.463,-6.614,-11.572,-10.327,-8.792,-8.397,-13.495,-11.373,-14.675,-12.797,-16.279,-10.868,-12.198,-13.737,-9.858,-14.465,-12.900,-12.484,-12.535,-11.582,-10.067,-12.169,-11.494,-17.684,-15.323,-13.666,-17.192,-13.402,-11.189,-13.877,-14.302,-16.265,-18.588,-12.621,-10.243,-11.782,-15.448,-16.664,-13.425,-12.766,-8.615,-12.381,-11.101,-11.154,-8.132,-12.277,-9.043,-6.906,-3.938,-2.306,-5.448,-13.303,-15.647,-13.963,-13.424,-11.617,-14.335,-16.528,-7.547,-11.414,-12.269,-10.528,-8.938,-12.266,-16.186,-9.521,-6.003,-12.843,-8.280,-1.684,-13.388,-15.857,-11.580,-14.534,-11.107,-10.530,-8.536,-17.592,-10.948,-6.426,-9.233,-15.582,-14.708,-11.231,-9.928,-7.638,-11.627,-8.861,0.000,-11.754,-10.900,-8.511,-15.461,-16.505,-13.839,-10.351,-12.646,-12.107,0.000,-11.282,-15.808,-8.780,-8.387,-11.681,-13.612,-14.624,-8.544,-9.234,-6.883,-5.213,-5.887,-7.116,0.000,-12.123,-11.038,-9.097,-8.169,0.000,-10.621,-11.726,-13.668,-12.700,-9.306,-12.054,-14.296,-16.287,-10.344,-12.830,-9.447,-12.715,-14.657,-14.123,-14.357,-13.698,-10.574,-12.178,-7.981,-10.616,-14.000,-9.946,-8.979,-9.451,-12.672,0.000,-12.029,-13.221,0.000,-10.690,-11.602,-14.187,0.000,-14.072,-11.635,-17.853,0.000,-13.747,-10.229,-9.868,-11.685,-9.234,-8.775,-16.404,-4.918,-7.042,-12.660,-18.013,-6.779,-8.694,-11.028,-14.167,-12.036,-13.888,-7.011,-4.244,-19.324,-4.415,-8.787,-3.108,-6.975,-12.937,-15.597,-10.724,-13.355,-5.302,-9.011,-13.240,-9.243,-9.104,-7.496,-8.644,-7.934,-11.490,-9.087,-11.319,-10.346,-17.037,-12.197,-13.372,-8.263,-6.742,-9.161,-8.861,-7.681,-9.884,-16.084,-11.023,-14.610,-10.949,-17.442,-13.423,-14.973,-15.213,-7.000,0.000,-8.604,-9.626,-9.314,-3.511,-10.116,-11.686,0.000,-11.067,-0.538,-12.259,-5.969,-12.359,-11.230,-8.471,-9.032,-17.525,0.000,-13.591,-6.468,-7.381,-11.280,-13.976,-11.452,-8.123,-1.968,-6.240,-8.048,-5.460,-4.889,-10.676,-9.449,-10.682,-8.139,-13.366,-11.644,-12.097,-12.251,-14.637,-13.063,-12.522,-11.369,-9.068,-7.039,-8.293,-10.687,-9.642,-5.839,-11.122,-12.162,-12.821,-14.650,-12.162,-13.369,-10.231,-15.434,-9.329,-2.210,-0.126,-8.479,-8.121,-15.714,-12.802,-9.033,-14.940,0.000,0.000,-3.376,-5.384,-11.325,-9.189,-8.538,-11.835,-4.715,-8.255,-6.261,-6.602,-10.802,-17.602,-5.065,-14.619,-8.728,-14.314,-11.900,-13.582,-17.498,-15.463,-12.331,-15.041,-14.873,-6.906,-8.982,-2.900,-11.228,-3.872,-6.221,-4.122,-8.536,-5.845,-3.408,-5.420,-5.175,-4.419,-3.375,-5.752,-3.981,-2.796,-4.834,-4.222,-3.572,-4.461,-5.110,-4.704,0.000,-4.811,0.000,-4.393,-4.349,-3.997,-3.716,-3.416,-4.014,-3.557,-3.836,-3.341,-4.642,0.000,-3.650,-3.963,-3.460,-4.940,-3.464,-4.066,-4.374,-3.799,-4.158,0.000,-3.821,-2.246,-4.064,-5.136,-4.006,-3.804,-4.036,-4.227,-4.498,-3.941,-3.903,-3.303,-4.717,0.000,-4.369,-2.672,-3.667,-1.867,-5.693,-5.247,-4.632,-4.764,-3.983,-5.258,-4.563,-4.616,-4.536,-4.645,-4.786,-4.248,-5.329,-4.435,-4.171,-4.185,-4.111,-3.372,-3.915,-4.585,-3.296,-3.727,0.000,-2.803,-3.648,-2.786,-2.806,-3.163,-3.780,-3.794,-3.368,-1.942,-3.974,-0.696,-3.515,-2.785,-3.887,-3.439,-3.973,-3.340,-4.430,-3.836,-3.494,-3.381,-4.261,-4.826,-4.284,-4.525,-3.115,-4.691,-4.327,-4.735,-3.757,-4.002,-3.646,-4.015,-3.332,-4.874,-3.230,-3.471,-2.539,-2.462,-4.907,-3.904,-4.121,-4.251,-4.129,-4.744,-4.522,-4.724,-4.430,-5.524,-4.169,-5.715,-5.183,-4.643,-5.854,-4.686,-5.904,-4.185,-5.955,-4.178,-5.564,-4.638,-4.735,-4.173,-4.949,-4.434,-3.743,-3.269,-4.165,-2.465,-4.342,-4.500,-2.841,-3.849,-2.553,-5.395,-3.404,-4.634,-4.857,-5.094,-3.535,-6.462,-6.152,-9.627,-6.836,-8.106,-7.008,-9.790,-3.783,-9.129,-6.840,-8.576
N,-7.748,-4.802,-3.891,-3.887,-4.285,-3.942,-2.337,-4.133,-3.899,-3.898,-3.642,-1.807,-2.872,-2.663,0.000,-3.081,-3.747,-4.551,-3.435,-3.913,-3.589,-4.742,-4.812,-3.609,-4.279,-3.830,-4.388,-4.662,-3.228,-4.812,-3.860,-3.117,-4.027,-3.730,-4.014,-5.059,-4.731,-5.055,-4.441,-3.890,-4.241,-4.647,-4.637,-4.838,-3.150,-4.319,-3.440,-4.233,-3.600,-4.052,-3.166,-3.427,-6.148,-5.201,-3.493,-8.871,-11.575,-8.563,-4.854,-6.791,-2.844,-10.036,-5.030,-10.944,-6.806,-8.051,-7.155,-11.773,-2.911,-11.448,-5.922,-7.969,-6.567,-9.794,-8.927,-8.559,-8.076,-12.859,-13.960,-15.042,-14.816,-15.022,-9.724,0.000,-11.254,-10.146,0.000,-9.720,-12.793,-10.912,-11.646,0.000,-12.710,-9.393,-16.566,-14.496,-10.157,-15.557,-10.738,-10.081,-10.078,-14.430,-15.077,-17.176,-14.207,0.000,-11.428,-13.778,-15.965,-10.832,-9.408,-11.480,-12.326,-9.594,-8.201,-6.360,-11.729,-7.928,-6.493,-3.518,-1.851,-3.723,-12.465,-13.264,-13.058,-11.941,-10.718,-12.681,-15.658,-7.569,-10.080,-10.349,-6.379,-8.532,-12.864,-14.889,-9.313,0.000,-10.409,-6.271,-4.255,-11.902,-13.720,-8.850,-12.967,-7.618,-8.962,-6.288,-15.543,-11.001,-7.953,-9.271,-13.934,-12.820,-9.318,-10.821,-4.820,-10.998,-11.956,-8.981,-13.912,-10.745,-11.776,-14.625,-15.897,-11.973,-9.461,-11.478,-12.859,-8.313,-10.835,-14.024,-6.309,-5.830,-11.454,-12.952,-13.729,-6.425,-10.951,-3.440,-0.941,-3.973,-7.660,-7.217,-10.075,-8.958,-7.407,-9.454,-7.759,-7.079,-9.034,-13.467,-11.852,-8.040,-11.898,-11.768,-15.111,-12.366,-14.858,-8.419,-12.573,-13.351,-11.329,-13.163,-12.258,-7.574,-13.191,-8.392,-6.708,-14.849,-7.484,-10.243,-8.841,-9.831,-3.518,-7.999,-12.497,-8.653,-8.584,-11.010,-12.592,-8.952,-13.197,-11.021,-17.076,-8.568,-12.420,-8.121,-10.843,-13.039,-8.699,-5.737,-16.187,-2.230,-8.771,-15.215,-16.724,-8.561,-6.918,-10.404,-15.908,-9.973,-13.505,-11.185,-5.435,-18.607,0.000,-8.981,-7.278,0.000,-14.126,-15.632,-8.477,-15.097,-5.832,-7.014,-14.616,-7.728,-8.740,-6.075,-9.357,-8.001,-15.665,-7.960,-8.601,-9.208,-16.810,-10.007,-13.863,-8.165,-5.650,-9.871,-8.646,-6.245,-8.134,-15.071,-10.200,-14.149,-9.934,-16.759,-9.669,-13.829,-15.171,-6.863,-2.019,-7.743,-7.241,-11.218,0.000,-6.102,-10.551,-0.414,-7.345,0.000,-11.621,-6.443,-11.394,-11.604,-10.988,-8.722,-16.897,-5.318,-12.421,-5.533,-6.573,-11.720,-12.354,-8.938,-10.047,-1.027,0.000,-8.316,-9.013,-7.854,-9.937,-9.383,-10.232,-7.986,-12.763,-9.054,-15.075,-13.366,-14.451,-13.427,-11.450,-10.664,-12.749,-5.059,-3.794,-7.336,-7.281,0.000,-13.578,-11.368,-12.171,-12.456,-10.788,-11.916,-8.851,-10.481,-8.847,-1.806,2.914,-9.987,-6.624,-16.051,-10.442,-7.131,-11.811,-0.514,-6.560,-3.740,-4.721,-11.715,-8.934,-7.729,-10.526,-4.063,-8.303,-5.852,-8.474,-11.357,-17.070,-2.034,-14.173,-8.465,-16.998,-13.153,-13.105,-17.666,-15.171,-11.610,-12.709,-11.847,-6.912,-5.258,-7.019,-8.980,-3.522,-5.658,-3.600,-7.170,-8.622,-5.148,-5.861,-5.409,-5.533,-4.176,-5.739,-5.302,-4.268,-6.222,-5.413,-4.741,-5.349,-5.668,-5.835,-4.110,-5.395,-4.072,-4.327,-4.548,-4.430,-4.521,-2.942,-4.689,-3.994,-4.544,-3.206,-4.774,-3.547,-3.728,-4.150,-4.230,-4.925,-4.116,-4.557,-5.208,-4.554,-4.588,-3.879,-3.916,-3.396,-4.734,-5.003,-3.881,-4.314,-4.459,-3.834,-4.641,-3.817,-4.448,-4.080,-5.322,-3.913,-3.514,-2.483,-3.800,-2.410,-5.429,-5.626,-4.416,-3.962,0.000,-4.366,-3.128,-3.725,-4.087,-4.422,-4.825,0.000,-4.679,-4.364,-4.298,-4.275,-4.151,-3.184,-3.884,-4.662,-3.457,-4.096,-3.615,-3.030,-3.785,-2.524,-2.745,-3.049,-3.154,-3.458,-3.356,-1.881,-3.707,-0.801,-3.004,-2.376,-3.750,0.000,-3.418,-3.324,-4.252,-3.734,-3.315,-3.200,-4.369,-4.917,-4.565,-4.490,0.000,-4.287,-4.547,-4.763,-4.040,-4.266,-3.897,-4.253,-3.578,-4.720,-3.695,-3.655,-2.425,0.000,-4.251,-3.934,-4.368,-4.351,-3.871,-4.832,-4.601,-4.250,-4.018,-5.098,-3.584,-4.932,-4.342,-3.971,-5.477,-3.095,-5.134,0.000,-4.858,-3.409,-4.171,-4.260,-4.515,-3.428,-4.738,-4.275,-3.157,-2.962,-3.738,-2.299,-4.337,-4.150,-2.516,-3.769,-2.247,-4.474,-3.486,-4.486,-5.204,-5.409,-3.337,-6.210,-6.476,-9.009,-7.452,-6.291,-7.275,-8.730,-4.136,-8.335,-6.697,-7.667
Q,-7.041,-4.383,-3.509,-3.738,-4.515,-4.222,-2.375,-4.140,-3.747,-3.617,-3.534,-1.970,0.000,-2.386,-2.677,-3.052,-3.371,-3.977,-2.984,-3.857,-3.451,-4.257,-4.220,-3.167,-3.524,-2.592,-3.837,-4.359,-2.307,-3.610,-3.587,-2.303,0.000,-3.575,-3.644,-3.653,-3.922,-4.038,-3.383,-3.703,-3.686,-3.872,-4.125,-4.486,-2.064,-3.375,-3.739,-3.543,-3.122,-3.631,-3.814,-2.903,-5.591,-5.980,-3.604,-5.836,-9.460,-6.412,-0.951,-5.111,0.000,-7.662,-5.402,-7.582,-4.216,-7.396,-5.976,-9.349,-1.211,-8.251,-5.844,-9.862,-3.535,-6.498,-5.053,-6.443,-5.808,-10.792,-13.760,-14.218,-15.206,-13.177,0.000,-13.282,-10.676,-11.634,-14.469,-14.937,-15.913,-13.319,-11.434,-13.700,-17.491,-15.483,-12.597,0.000,-16.665,-12.778,-15.548,-11.439,-14.531,-10.243,-8.880,-13.608,-17.065,-12.940,-13.279,-12.945,-8.694,-11.972,-3.586,-7.676,-8.639,-10.463,0.000,-6.585,-11.924,-5.381,-2.991,-3.213,-4.288,-5.395,-12.448,-11.769,-10.439,-10.401,-10.799,-12.034,0.000,-7.684,-8.349,-13.530,-10.126,-5.382,-15.407,-9.238,-4.535,-3.027,-10.078,-8.297,-4.999,-13.699,-13.780,0.000,-12.004,-6.676,0.000,-9.660,-10.732,-12.290,-7.319,-10.565,-12.556,-9.034,-8.060,-13.135,-3.956,0.000,-8.027,-14.027,-14.976,-7.636,-10.240,-14.197,-12.008,-7.545,-12.300,-13.331,-12.694,-11.909,-13.076,-12.371,0.261,-6.414,-13.594,-14.291,-9.986,-9.019,-12.325,-6.844,-5.851,0.000,-4.758,-11.315,-6.732,-6.520,-10.624,-3.821,-9.110,-11.004,-14.233,-9.306,-12.039,-6.572,0.000,-13.836,-13.677,-11.592,-14.744,-8.534,-6.949,-8.585,-14.560,0.000,-14.316,-3.953,-12.558,-5.379,-6.240,-15.808,-4.460,-10.813,-9.943,-12.570,-10.622,-10.416,-10.967,-10.659,-9.944,-12.059,-10.506,-14.061,-14.192,-11.663,-11.953,-8.642,-15.092,0.000,-11.642,-13.953,0.000,-12.717,-13.528,0.000,0.000,-14.221,-11.548,-5.801,0.000,-9.737,-14.731,-7.873,-10.777,-9.433,-0.112,-15.566,-8.341,-7.991,-7.323,-11.177,-10.105,-16.619,-5.553,-14.255,-6.248,-3.800,-12.887,-6.452,0.000,-4.098,-5.730,-5.871,-15.946,-6.687,-7.595,-7.497,-13.461,-10.434,-12.647,-6.535,-4.049,-10.299,-10.988,-6.953,-13.264,-12.582,-13.602,-13.639,-10.456,-12.462,-10.523,-8.386,-14.380,-9.717,-6.618,-7.150,-9.604,-12.212,-7.293,-8.647,-9.583,-5.368,-8.165,-5.805,-13.658,0.000,-13.000,-7.589,-6.392,-8.137,-13.284,-11.378,-10.768,1.809,-2.658,-11.452,-12.607,-10.257,0.000,-0.790,-8.678,-9.058,-10.553,-7.383,-7.535,-9.459,-12.067,-9.531,-10.398,-9.578,-16.018,-14.241,-11.664,-14.630,-11.128,-13.600,-12.695,-5.229,-9.824,-10.901,-4.746,-4.916,-13.577,-9.417,-14.891,-12.113,-16.145,-14.023,-13.499,-8.112,-13.716,0.000,-4.520,-11.777,0.000,-14.804,-12.232,-1.554,-12.469,-11.668,-15.074,-6.741,-2.449,-14.590,-7.595,-5.052,-12.677,-9.423,-5.844,-6.304,-6.021,-13.073,-12.375,-6.408,0.000,0.000,-19.905,-15.425,-14.629,-14.660,-14.967,-14.144,-10.687,0.000,-3.468,-7.818,-6.916,-7.347,-4.803,-4.600,-4.520,-6.212,-6.300,-4.238,-4.739,-4.448,-2.723,-4.603,-2.723,-4.377,-3.563,-3.950,-4.642,-3.369,-3.663,-3.964,-3.783,-3.440,-3.747,-2.847,-4.117,-3.848,-3.859,-3.461,0.000,-3.443,-3.326,-3.894,-2.805,-3.846,-2.799,-2.982,-3.737,-3.185,-4.379,0.000,-3.988,-3.391,-3.573,-3.857,-2.583,-3.135,-3.065,-3.641,-3.468,-3.231,-3.791,-4.073,-2.971,0.000,-3.706,-3.967,-3.014,-3.234,-3.009,-3.475,-1.825,-3.680,-1.413,-4.202,0.000,-4.248,0.000,-2.958,-4.032,-3.333,-3.706,-2.694,-3.598,-4.511,-1.721,-4.161,-3.636,-3.887,-3.632,-3.537,-3.437,-3.462,-4.054,-3.492,-3.195,-3.067,-3.004,-3.387,-2.212,-2.091,-2.959,0.000,-3.074,-3.040,-1.626,-3.396,-0.462,-2.796,-2.212,-3.376,-3.080,-2.979,-2.951,-3.103,-2.974,0.000,0.000,-3.859,-4.230,-4.117,-3.394,-2.396,-3.945,-4.330,-4.041,-3.284,-3.634,-3.342,-3.430,-2.986,0.000,-3.659,-3.599,-1.656,-2.930,-3.591,-3.501,-4.021,-3.531,-3.222,-3.922,-3.674,-3.670,-3.379,-4.215,-3.181,-4.051,-4.503,-3.923,-4.109,-3.663,-4.726,-3.034,-4.379,-3.419,-3.538,-3.417,-3.839,-3.124,-3.599,-3.256,-2.306,-2.274,0.000,-1.973,-3.573,0.000,-2.112,-3.571,-1.134,-3.823,-3.152,-2.923,-3.665,-4.634,-2.893,-5.529,-5.249,-9.669,-5.547,-7.527,-4.945,-9.656,0.000,-8.804,-4.036,-8.203
T,-6.754,-3.861,-2.945,-3.243,-4.028,-3.854,-2.090,-3.897,-3.480,-3.143,-3.261,-1.592,-2.756,-2.620,-2.952,-2.592,-3.205,-4.215,-2.861,-3.502,0.000,-4.011,-4.301,-3.181,-3.557,-2.932,-3.348,-3.751,-1.912,-3.305,-3.247,-2.206,-3.422,-3.331,0.000,-4.104,-3.871,-3.954,-3.526,-3.056,-3.393,-3.641,-3.845,-4.069,-2.042,-3.379,0.000,-3.305,-2.879,-3.288,-3.093,-2.338,-5.803,-4.978,-3.319,-5.796,-8.375,-5.255,-3.865,-6.026,-2.622,-9.116,-3.807,-8.509,-5.839,-9.186,-7.317,-9.082,-2.022,-9.435,-3.084,-5.999,-5.560,-8.595,-5.979,-5.045,-6.845,-8.468,-11.756,-9.072,-12.703,-13.256,-10.060,-12.148,-9.344,-11.570,-12.537,0.000,-12.751,-14.513,-7.796,-9.816,-8.398,-7.010,-12.281,-13.627,-13.492,-12.968,0.000,-13.191,0.000,-9.363,-9.330,-12.858,-8.073,-8.788,-13.251,-8.511,-12.465,-9.604,-10.861,-12.011,-14.098,-7.338,-7.504,0.000,-12.076,-8.238,-4.876,-2.468,-2.888,-3.037,-12.520,-6.865,-10.038,-11.100,0.000,-7.877,-16.043,-6.350,-13.048,-7.330,0.000,-8.373,-8.934,-12.157,-9.763,-4.217,-6.372,-5.868,-8.820,-8.408,-10.487,-8.800,-10.079,-7.304,-10.174,-3.341,-11.317,-6.628,-6.832,-8.443,-12.053,-15.313,-9.179,-11.581,-5.741,-9.503,-13.398,-13.635,-8.214,-14.471,-13.322,-14.447,-11.900,-9.640,-13.454,0.000,-9.288,-11.200,-8.126,-10.406,-7.420,-6.555,-7.793,-11.288,-11.392,-7.004,-11.424,-5.992,-2.266,-4.817,-5.123,-9.710,-9.942,-9.173,-3.028,-8.597,-6.585,0.000,0.000,-9.659,-7.415,-10.761,-12.890,-9.060,-13.097,-11.812,-14.948,-8.148,-10.498,-11.943,-10.278,-11.450,-9.001,-3.834,-12.503,-3.639,-10.875,-16.278,-8.868,-9.717,-6.966,-9.342,-9.684,0.000,-12.090,-12.007,-8.864,-13.182,-11.560,-12.477,-9.532,-4.476,-13.220,-10.640,-10.163,-8.332,-6.350,-9.272,-7.548,-7.162,-10.899,-4.532,-8.413,-10.502,-12.462,-6.571,-7.588,-9.442,-11.361,-8.180,-7.979,-10.158,-3.675,-17.084,-5.766,-10.593,-8.416,-10.111,-8.414,-17.491,-9.049,-13.169,-5.464,-4.701,-14.417,-5.591,-8.964,-8.737,-4.462,-6.362,-10.850,-4.899,-9.460,0.000,-13.382,0.000,-10.668,-10.388,0.000,-3.666,-6.854,-9.137,-7.106,-12.304,-4.609,-9.338,-6.100,-13.034,-11.934,-11.824,-13.942,-5.661,-4.754,-7.079,0.000,-11.362,-4.773,-9.449,-6.042,2.041,-8.370,-5.758,-8.176,-4.279,-13.402,-7.973,-9.828,-6.702,-13.064,-11.416,-7.766,-6.009,-4.316,-11.035,-5.724,-7.279,-10.051,0.000,-7.647,-5.326,-9.473,-8.528,-8.006,-5.973,-13.502,-5.635,-12.302,-10.539,-10.792,-10.448,-12.483,-11.075,-13.995,-6.589,-13.158,-2.948,-6.883,-6.661,-10.591,-2.867,-14.478,-13.536,-14.456,-10.731,-8.396,-12.689,-6.438,-11.138,-5.982,-0.834,-3.215,-11.162,-4.882,-15.824,-14.579,-9.190,-9.678,-9.527,-13.844,-4.785,-3.270,-10.223,0.000,-5.343,-7.813,-7.489,-5.089,0.000,-4.253,-9.700,-14.575,-7.205,-12.710,-9.441,-10.295,-16.512,-10.604,-13.737,-13.127,-14.728,-7.879,-11.674,-6.437,-2.996,-8.012,-7.922,-4.235,-4.173,-2.758,-5.482,-8.032,-3.239,-3.934,-4.380,-4.602,-3.572,-3.412,-3.827,-3.390,-4.640,-4.100,-3.822,-4.089,-3.969,-4.214,-3.446,0.000,-2.984,-3.363,-3.922,-3.739,0.000,-3.557,-3.400,-2.990,-3.740,-2.958,-3.973,-2.583,-2.547,-2.895,-3.212,-3.953,-3.158,-3.627,-3.826,-3.324,-3.728,-2.099,-3.004,-2.867,-3.232,-3.962,-3.451,-3.793,-3.898,0.000,-4.172,-3.912,-3.764,0.000,-4.337,-3.357,-2.236,-2.305,-3.646,-2.083,-4.372,-5.039,-4.050,-4.299,-2.965,-4.359,0.000,-4.400,-1.229,-3.362,-4.703,-2.233,-3.830,-4.020,-3.422,-3.335,-3.344,-2.934,0.000,-4.094,-3.260,-3.661,-3.190,-2.884,-3.330,-2.686,-2.371,-2.810,-3.079,-3.789,-3.029,-1.766,-3.461,-0.641,-2.895,-2.240,-3.883,-3.195,-2.891,-2.855,-3.553,-3.224,-3.010,-3.065,-3.926,-4.212,-3.701,-3.854,-2.489,-3.354,-3.926,-3.902,0.000,0.000,-3.436,0.000,-2.593,-2.892,-3.160,-3.401,-1.831,-2.778,0.000,-3.453,0.000,-3.311,-3.295,-3.866,-3.613,-3.809,-3.569,-4.333,-3.330,-4.543,-4.134,-3.987,-4.591,-3.439,-4.995,-3.169,-4.226,-3.282,-4.115,-3.883,-3.837,-3.407,-4.036,-3.581,-2.741,-2.290,-2.713,-2.069,-3.823,-3.103,-2.392,-3.199,-1.139,-3.430,-3.440,0.000,-4.249,-3.322,-3.429,-2.522,-7.263,0.000,-8.399,-0.844,-9.033,0.000,-6.304,0.000,-8.315,0.000
S,-6.097,-3.272,-2.766,-2.600,0.000,-2.784,-1.317,-2.915,-2.715,-2.655,-2.439,-1.119,-2.083,-2.068,-1.915,-1.841,-2.417,0.000,-1.805,-2.989,-2.527,0.000,0.000,-2.251,-2.926,-2.012,-2.549,-2.915,-1.265,-2.559,-2.337,-1.755,-2.537,-2.848,-2.522,0.000,-2.921,-3.262,-2.623,-2.595,0.000,-2.875,-2.697,0.000,-1.314,-2.225,-2.796,-2.367,-2.187,-2.315,-1.860,-1.586,-4.806,-3.873,-1.996,-5.405,-7.459,-4.927,-3.397,-6.361,-2.048,-8.028,-1.577,-7.032,-5.221,-8.248,-7.266,-9.534,-0.717,-8.593,0.000,0.000,-5.988,-8.743,-6.356,-5.422,-4.644,-10.437,-9.485,-9.637,-10.407,-11.569,-9.460,-9.969,-9.066,-7.857,-9.551,-7.940,-9.639,-9.404,-8.407,-8.327,-7.194,0.000,-13.204,-12.606,-9.149,-12.363,-7.651,-8.926,-9.264,-8.117,-8.017,-12.675,-10.038,-6.887,-9.725,-11.033,-12.584,0.000,-8.626,-11.705,-12.242,0.000,-6.783,-3.857,-8.628,-6.550,-4.962,-1.929,-1.334,-0.644,-9.191,-10.313,-10.814,-7.827,-7.899,-10.882,-15.239,-5.713,-11.275,-9.359,-6.114,-7.031,-8.367,-9.818,-9.511,-2.896,-6.510,-3.944,-7.149,-10.518,-11.761,-8.380,-8.712,0.000,-8.931,-6.804,-10.659,-7.067,-5.435,-6.712,-9.737,-14.320,-8.563,-8.804,-4.463,-11.144,-13.245,-12.265,-8.122,-11.990,-13.116,-11.327,-11.948,-10.699,-8.109,-9.686,-11.854,-10.544,-7.810,-12.214,-7.356,-5.105,-6.540,-6.583,-10.421,-5.683,-8.200,-3.324,-2.524,-5.363,-5.241,-8.896,-8.285,-8.003,0.000,-9.613,-7.247,-7.140,-6.628,-10.149,-11.056,-8.477,-12.333,-12.876,-10.053,-9.022,-10.938,-5.870,-9.892,-10.914,0.000,-11.694,-12.917,-8.125,-8.350,-4.091,-9.428,-10.577,-6.923,-6.836,-7.861,0.000,-7.251,-7.328,-9.426,-11.237,-6.745,-10.414,-9.842,-11.525,-12.480,-5.996,-13.239,-10.763,-12.535,-8.911,-8.272,-7.181,-6.243,0.000,-12.782,-4.248,-8.660,-9.013,-13.124,-7.933,-7.495,-8.444,-14.044,-10.782,-9.364,-10.706,-4.733,-15.748,-3.857,-7.634,-7.363,-8.374,-6.377,-13.873,-8.633,-10.574,-1.162,-4.985,-10.513,-5.896,-8.546,-7.715,-5.951,-4.213,-11.155,0.000,-10.550,-4.900,-11.869,-7.155,-12.412,-8.571,-1.064,0.000,-0.857,-7.916,-9.360,-12.291,-8.513,-11.895,-5.254,-12.706,-12.857,-9.949,-11.150,0.000,-3.520,-5.030,-5.583,-9.540,-2.177,-10.642,-9.671,-0.346,-10.011,-5.658,-11.735,-2.956,-10.880,-6.274,-9.615,-5.085,-12.702,-8.217,-10.533,-4.405,-1.492,-8.985,-9.884,0.000,-9.943,-1.766,-5.259,0.000,-8.154,-6.627,-9.247,-8.063,-11.152,-5.755,-11.071,-8.498,-8.863,-10.709,-12.650,-12.938,-13.396,-5.433,-8.841,-2.421,0.000,-5.193,-9.601,-0.118,-10.482,-13.044,-10.444,-10.609,0.000,-9.931,-9.024,-10.673,-7.517,3.770,-1.441,-8.795,-5.798,-12.536,-10.980,-6.820,-10.307,-3.343,-11.600,-3.041,-2.539,-11.782,-2.781,-4.060,0.000,0.000,-6.753,-2.695,0.000,-8.561,-13.789,0.000,-13.262,-7.902,-9.633,-12.304,-13.186,-14.228,-12.108,-11.596,-9.554,-10.586,-4.640,0.000,-7.156,-7.200,-4.193,-3.618,-1.412,0.000,-7.269,0.000,-3.195,0.000,-3.862,-3.051,-3.461,-3.588,-3.184,-3.799,-3.655,-3.407,-3.567,-3.781,-3.827,-3.211,-3.452,-2.405,-3.081,-3.756,-3.455,-2.829,-2.866,-3.380,-2.476,-3.643,-2.079,-3.911,-2.030,-1.774,-2.261,-2.378,-3.236,-2.609,-3.202,-3.327,-2.524,-3.629,-1.688,-2.262,-2.374,-3.161,-3.732,-2.651,-3.636,-3.472,-2.993,-3.666,-3.463,0.000,-2.867,-3.857,-2.550,-2.169,-1.787,-3.223,-1.605,-4.322,-4.494,-3.740,-4.116,-2.859,-3.848,-3.301,-3.821,-2.733,-3.208,-4.145,-2.194,-3.233,-3.721,-3.086,-3.075,-3.215,-2.372,-2.958,-3.605,-2.877,-3.120,-2.524,-2.284,-2.879,-2.123,-1.752,-2.283,-2.786,0.000,-2.370,-1.577,-2.842,-0.473,-2.503,-1.999,-3.352,-2.889,-2.558,-2.280,-3.172,-2.658,-2.692,-2.569,0.000,0.000,-2.973,-3.135,-1.499,-2.756,0.000,0.000,-2.490,-2.750,-2.955,-2.791,-2.147,-2.935,-2.837,0.000,-1.362,-2.375,-3.236,-2.785,-2.954,-3.022,-2.516,0.000,-2.947,-3.422,-2.975,-3.939,-2.582,-3.753,-3.558,0.000,-3.688,-3.099,-4.453,-2.565,-3.653,-3.046,0.000,-2.932,-3.654,-2.631,-3.188,-2.963,-1.995,-1.695,-2.312,-1.730,0.000,-2.502,-2.061,-2.663,-0.998,-3.235,-2.824,-2.778,-3.705,-3.786,-2.969,-4.340,-6.172,-6.946,-7.083,-4.682,-7.364,-6.869,-4.798,-6.454,-6.992,-5.888
C,-7.497,-4.836,-4.534,-3.985,-4.710,-4.295,-2.762,-4.529,-4.047,-4.229,-3.759,-2.916,-3.165,-3.171,-3.268,-3.347,-3.875,-4.855,-3.271,-4.772,-3.932,-4.522,-4.659,-3.792,-4.470,-3.611,-4.080,-4.219,-3.079,-4.029,-4.054,-3.478,-3.861,-4.659,-4.038,-4.694,-4.542,-4.881,-4.291,-4.308,-4.775,-4.451,-4.282,-4.536,0.000,-3.704,-4.502,-4.324,-3.955,-3.910,-3.423,0.000,-6.747,-5.636,-3.512,-6.390,-10.240,-6.031,-3.781,-6.795,-3.287,-9.107,-1.086,-9.699,-5.906,-10.113,-7.302,-10.042,-0.888,-8.379,-5.437,-7.274,-6.561,-7.233,-8.375,-6.252,-4.935,-11.458,-10.686,-13.750,-12.867,-13.938,-8.406,-13.553,-10.602,-10.583,-16.119,-13.781,0.000,-8.985,-11.849,-12.990,-13.507,-9.677,-15.949,-14.041,0.000,-15.386,-12.545,-7.179,-10.360,-12.588,-13.322,-14.766,-13.914,-11.906,-7.634,-13.042,-13.596,-9.570,-6.632,-12.797,-12.397,-9.664,-6.920,-7.105,0.000,-6.868,-6.897,-5.666,-4.349,-2.410,0.000,-12.423,-11.796,0.000,-10.614,-13.845,-17.059,-8.338,-10.673,-12.353,-8.399,-7.572,-11.365,-11.325,-9.707,-2.588,-10.778,-6.167,-7.409,-12.824,-13.359,-10.939,-11.141,-6.541,-7.782,-9.141,-12.790,-10.489,-8.976,-9.096,-9.572,-12.955,-6.610,-10.480,-4.828,-14.276,-16.092,-13.152,-12.084,-12.341,-15.751,-10.529,-13.358,-10.307,-7.599,-12.712,-13.682,-14.301,-11.224,-14.123,-8.707,-7.672,-7.885,0.000,-13.457,-8.540,-9.252,-4.484,-6.207,-7.266,-7.600,-11.761,-7.772,-7.248,-9.372,-10.480,-10.460,-11.491,-12.332,-10.413,-12.978,-6.459,-12.769,-14.911,-10.573,-9.823,-10.804,-4.277,-9.022,-8.584,-11.531,-9.661,-15.148,-8.027,0.000,-8.104,-9.622,0.000,-7.061,-8.937,-7.822,-10.053,-9.556,-10.108,-9.127,-13.149,-8.895,-7.848,-11.676,-13.636,-14.214,-8.963,-13.629,-14.271,-14.459,-9.670,-13.160,-10.381,-8.435,-9.312,-14.057,-6.555,-8.384,-13.417,-14.225,-9.837,-8.743,-7.076,-14.323,-12.855,-12.646,-13.580,-4.109,-15.811,-5.287,-8.749,-9.440,-11.904,-9.080,-11.217,-9.619,0.000,-3.795,-6.334,0.000,-8.121,-8.591,-8.094,-6.548,-3.870,-14.499,-5.294,-12.726,-7.604,-11.469,-10.208,-14.376,-8.131,-4.537,-7.908,-7.210,-9.464,-10.727,-13.826,-11.897,-12.425,-6.366,-13.497,-14.148,-7.484,-10.676,-7.253,-6.426,-5.188,-8.078,-10.121,-3.451,-13.137,-11.456,-4.923,-12.154,-7.167,-12.526,-3.622,-8.142,-9.848,-11.992,0.000,-12.289,-11.025,-11.956,-6.175,-5.651,-8.274,-13.539,-9.002,-11.542,-3.369,-7.391,-7.618,-10.146,-9.679,-9.326,-10.800,-9.290,-8.772,-13.032,-8.247,-13.047,-11.300,-13.675,-13.659,-13.528,-10.319,-11.202,-4.240,-7.120,0.000,-10.602,-4.478,-11.521,-12.769,-8.593,-7.882,-0.768,-8.113,-11.229,-10.345,-10.788,-1.345,-6.366,-11.172,-7.498,-11.270,-7.879,-6.457,-9.980,-8.554,-13.819,-5.635,-4.491,-13.944,-5.411,-6.001,-3.149,-7.733,-10.399,-7.102,-4.046,-5.754,-13.166,-6.532,-14.081,-10.191,-10.812,-10.340,-14.997,-14.150,-11.241,-10.049,-12.085,-8.313,-6.027,-7.594,-9.834,-8.200,-6.624,-5.568,-2.331,-5.310,-9.159,-4.836,-4.628,-5.433,-5.268,-5.046,-5.695,-5.079,-4.468,-4.964,-4.632,-4.753,-4.812,-5.362,-5.458,-4.736,-5.072,-3.965,-4.637,-5.192,-5.012,-4.332,-3.845,-5.282,-4.210,-5.299,-3.271,-5.655,-3.533,-3.190,-3.780,0.000,-4.512,-4.060,-4.875,-4.756,-2.963,-5.198,-3.940,-4.478,-4.420,-4.960,-5.613,-4.613,-5.460,-4.798,-4.071,-5.350,-5.251,-5.252,-4.156,-5.494,-4.641,-4.255,-3.536,-5.431,-2.929,-5.586,-4.872,-5.766,-5.318,-4.456,-5.550,-4.362,-4.886,-5.068,-5.292,-5.557,-3.982,-5.132,-5.289,-4.563,-4.974,-4.877,-4.474,-4.420,-5.193,-4.250,-4.717,-4.298,-4.089,-4.576,-3.549,-3.551,-3.865,-4.120,-4.819,-3.657,-2.947,-4.268,0.000,-3.966,-3.497,-4.794,-4.261,-4.029,-3.768,-4.712,-4.131,-4.266,-4.129,-4.957,-4.896,-4.544,-4.766,-3.131,-4.707,-5.037,-5.156,-4.106,-4.426,-4.560,-4.340,-3.845,-4.882,-4.510,-5.166,-2.947,-3.904,-4.850,-4.443,-4.341,-4.715,-3.844,-4.885,-4.285,-5.010,-4.612,-5.744,-4.048,-5.280,-5.455,-4.851,-5.213,-4.959,-5.885,-4.247,-5.086,-4.738,-4.829,-3.993,-5.231,-3.918,-4.471,-4.238,-2.955,0.000,-3.605,-3.096,-4.447,-3.619,-3.281,-3.631,-2.102,-4.483,-3.512,-3.564,-4.405,-4.947,-2.993,-6.318,-5.915,-10.507,-6.631,-8.512,-6.667,-10.635,-3.708,-9.916,-6.735,-8.313
G,-6.624,-3.404,-2.838,-3.140,-3.613,-3.043,-1.685,-3.474,0.000,0.000,-2.841,-1.497,-2.104,-2.177,-2.532,-2.580,-2.949,-3.940,-2.580,-3.195,-3.122,-3.693,-4.053,-3.061,-3.352,-2.526,-3.362,-3.493,-1.725,-3.386,-2.802,-1.900,-3.313,-3.412,-3.210,-4.044,-3.583,-3.883,-3.405,-3.345,-3.341,-3.195,-3.126,-3.960,-1.959,-2.668,-3.234,-3.012,-2.071,-2.433,-2.217,0.413,-4.484,-1.064,-1.215,-6.472,-8.709,-6.172,-3.798,-6.337,-3.799,-9.604,-4.749,-9.054,-4.747,-6.252,-7.982,-11.326,-2.829,-10.899,-5.159,-8.098,-5.720,-8.168,-8.379,-5.353,-0.958,-10.930,0.000,-11.395,0.000,-15.017,-9.242,-13.436,-11.153,0.000,-15.853,-12.856,-9.890,-14.963,-10.327,-12.476,-11.244,-9.457,-15.863,-13.570,-10.108,-15.560,-11.101,-12.759,-12.871,-11.334,-13.310,-16.586,-10.345,-10.613,-12.701,-11.986,-14.956,-10.232,-7.970,-9.326,-13.530,-8.624,-7.465,-6.275,-10.247,-6.832,-4.473,-2.544,0.720,0.000,-10.055,-12.831,-13.409,-8.722,-10.033,-12.418,-14.531,-6.764,-11.930,-11.799,-8.787,-6.132,-7.726,-13.029,-8.713,-5.183,-10.222,0.000,-6.658,-12.070,-13.423,-10.716,-13.541,-7.191,-8.401,-8.436,-13.732,-8.294,-5.663,0.000,-12.207,-14.663,-9.687,0.000,-6.444,-10.756,-8.907,-9.099,-9.092,-13.276,-10.113,-15.330,-14.907,-11.251,-12.053,-11.895,-11.365,-9.157,-9.733,-13.787,-6.038,-6.689,-10.298,-9.808,-13.729,-7.582,0.000,-5.726,-5.615,-5.705,-5.953,-8.799,-9.838,-7.909,-8.946,-7.055,-6.266,-10.542,-11.112,-12.094,-12.720,-9.133,-12.447,-14.492,-14.265,0.000,0.000,-8.971,-11.393,-10.867,-13.888,-11.019,-12.943,-10.877,-8.810,-7.896,-11.121,-11.458,-8.495,0.000,-9.434,-10.303,-7.531,-11.608,-13.732,-9.982,-11.928,-14.838,-13.853,-11.297,-14.460,-9.272,-16.679,-8.739,-13.055,-8.283,-7.996,-10.963,-7.254,-9.024,-12.701,-5.327,-7.532,-9.461,-14.800,-7.385,-8.883,-11.411,-13.381,-11.438,-11.341,-10.059,-6.700,-19.388,-6.809,0.000,-6.184,-10.892,-9.821,-17.529,-10.525,-10.661,0.000,-6.830,-8.438,-7.416,-8.767,-7.421,-6.871,-8.134,-11.731,-7.447,-11.395,-6.683,-15.274,-11.404,-13.651,-10.892,-6.318,-7.753,-4.821,-9.639,-11.652,-16.238,-11.690,-13.984,-7.545,-15.694,-12.323,-9.516,-14.862,-7.710,-3.625,-7.303,-7.592,0.000,-0.067,-9.899,-11.075,-3.185,-10.164,-4.978,-12.496,-0.242,-15.155,-9.559,-8.945,-7.539,-14.882,-10.596,-12.270,-4.726,-4.633,-12.318,-12.457,-8.914,-9.673,-3.357,-8.560,-5.947,0.000,-7.807,-10.372,-9.165,-13.315,-5.975,-12.411,-10.736,-7.155,-10.984,-13.761,-12.331,-15.560,-10.766,0.000,-4.724,-8.964,-9.606,-10.769,-2.956,0.000,-13.093,-15.046,-14.430,-8.208,-15.463,-8.639,-12.125,-7.698,2.608,-2.446,0.000,-8.523,-13.503,-15.007,-9.626,-12.962,-7.133,-8.656,-5.712,-7.045,-10.769,-8.509,-5.786,-9.730,-6.584,-7.327,-6.186,-8.523,-10.394,-16.031,-5.567,-13.660,-9.735,-10.454,-16.165,-12.978,-16.958,-14.963,-14.593,-12.786,-11.116,-6.592,-7.423,-6.509,-8.972,-4.149,-4.520,-1.192,-4.772,-4.858,-3.540,-4.027,-2.951,-3.910,0.000,-4.072,-3.718,-2.554,-3.072,-3.280,-2.968,0.000,-3.791,-3.421,-2.489,-2.845,-2.237,-3.324,-3.604,-3.388,-2.775,-2.804,0.000,-3.282,-3.275,-2.597,-3.742,-2.790,-2.108,-2.751,-2.966,-4.329,-3.054,-3.365,-3.689,-2.104,-3.613,-2.672,-3.100,-2.659,-4.076,-4.129,-3.223,-3.552,-3.698,-3.310,-3.683,-3.574,-3.525,-3.127,-4.005,-3.805,-3.735,-2.351,-3.961,-1.763,-5.201,-5.109,-4.430,-4.557,-2.882,-4.119,-3.796,-4.628,-3.706,-4.073,-4.503,-3.564,-4.086,-3.835,-3.163,-3.571,-3.804,0.000,-3.895,-4.344,-3.628,-3.375,-3.198,-3.206,-3.644,-2.907,-2.863,-3.116,-3.459,-3.492,-3.086,-1.598,-3.553,-0.569,0.000,-2.236,-3.395,-3.216,-3.436,-3.030,-3.784,-3.542,-3.461,-3.255,-4.013,-4.490,-4.100,-3.942,-2.679,-3.937,-4.180,-4.521,-3.587,-3.973,-3.632,-3.463,-3.100,-3.816,-3.212,-3.558,-1.864,-2.255,-3.872,0.000,-3.488,-3.269,-2.978,-3.727,-3.275,-3.660,0.000,-4.166,-2.632,-4.253,-3.894,-3.362,-3.974,0.000,-4.465,-2.344,-4.428,-2.989,-4.094,-3.483,-3.835,-3.236,-3.691,-3.158,-2.518,-2.328,-3.050,-1.631,-3.265,-3.293,-1.816,-2.796,-1.245,-4.145,-2.523,-2.693,-3.751,-3.648,0.000,-4.693,-6.301,-8.237,-7.211,-6.624,-7.879,-8.523,-5.069,-7.868,-7.769,-7.247
A,-6.523,-2.606,-2.846,-3.271,-4.080,-3.731,-2.032,-3.941,-3.519,-3.473,-3.252,-1.714,-2.932,-2.631,-3.011,-2.750,-3.199,-4.423,-2.747,-3.330,-3.287,-3.825,-4.096,-2.947,-3.390,-2.305,0.000,0.000,-1.085,0.000,-2.713,-1.709,-3.419,-3.093,-3.042,-3.752,-3.159,-3.584,-3.113,-2.969,-3.010,-3.198,-3.019,-3.773,-1.590,-3.058,-3.162,-2.856,-2.531,-2.843,-2.725,-1.556,-5.179,-4.459,-2.511,0.000,-7.065,-3.482,0.000,-6.803,-2.405,-8.717,0.000,-7.073,-4.724,-7.935,-8.427,-10.030,-1.513,-9.753,-3.109,-7.437,-6.196,-9.631,-5.647,0.000,0.000,-7.043,-8.291,0.000,-11.054,-14.626,-9.830,-13.741,-10.540,-8.721,-15.185,-9.649,-11.528,-14.923,-3.815,-12.446,0.000,-4.667,-13.602,-14.077,-12.488,-14.127,-6.868,-12.834,-7.817,-7.247,-8.382,-13.644,0.000,-8.772,-12.873,-8.656,-12.635,-9.323,-10.695,-9.866,-13.148,-7.337,-7.879,-4.390,-12.074,-8.102,-4.556,-2.314,-2.476,-3.061,-12.836,-7.789,-11.887,-11.331,-5.230,-10.245,-14.907,0.000,-13.045,-8.885,-6.349,-7.716,0.000,-12.104,-9.288,-5.394,-7.537,-5.753,-7.487,-7.696,-11.110,-9.303,-9.303,-7.591,-9.890,0.000,-12.171,0.000,0.000,-7.112,-10.919,-15.127,-9.270,-9.025,-6.849,-9.482,-9.834,-10.714,0.000,-12.210,-11.089,-13.449,-14.552,-10.731,-11.971,-5.143,-9.551,-9.344,0.000,-12.852,-7.524,-7.525,0.000,-9.157,-12.478,-7.130,-8.341,-4.896,-4.886,-5.792,-5.321,-9.279,-10.276,-9.979,-4.558,-7.120,-0.995,-8.212,-10.392,-9.793,-9.805,-10.862,-12.900,-11.417,-12.821,-10.735,-12.679,-7.895,-12.743,-13.402,-12.130,-13.105,-10.107,-9.403,-11.217,-5.959,-11.486,-14.736,-9.056,-7.873,-6.156,-10.202,-8.950,-7.421,-11.440,-10.522,-9.711,-14.076,-12.556,-10.287,-11.487,0.000,-13.520,-8.731,-12.024,-9.948,0.000,0.000,-7.238,-11.554,-9.084,-4.869,-7.773,0.000,-13.784,-6.035,-8.100,-9.611,-11.451,-9.432,-7.080,-8.593,-5.442,-17.973,-6.663,-8.019,-5.387,-10.678,0.000,-17.360,-9.804,-11.042,-3.586,-4.142,-12.908,-4.360,-7.673,-7.583,0.000,-5.286,0.000,-5.442,-10.488,-5.879,-13.404,-7.252,-10.730,-9.639,-4.845,-2.321,0.000,-9.322,-6.965,-13.401,-7.878,-10.907,-5.058,-14.263,-13.057,-13.670,-13.536,-5.173,-4.919,-6.696,-5.606,-9.176,-4.505,-12.132,-9.329,-0.337,-10.731,-4.054,-8.804,-2.746,-13.766,-6.510,-7.834,-6.292,-13.625,-11.087,-9.503,-3.849,-3.179,-11.085,-8.241,-9.781,-9.013,-3.191,-8.107,-5.257,-7.191,-6.812,-8.100,-5.980,-14.043,-5.609,-12.452,-9.628,0.000,-8.953,-13.856,-9.051,-13.819,0.000,-10.475,-3.588,-8.843,-8.416,-11.062,-0.398,-12.476,-14.117,-14.347,-11.643,-7.796,-13.128,-6.867,-11.962,0.000,0.393,-4.524,-8.364,-6.744,-15.962,-14.360,-9.959,-10.852,-9.098,-10.203,0.000,-4.439,-9.092,-6.713,0.000,-6.900,-8.694,-5.564,-5.486,-5.448,-5.898,-14.545,-6.104,-12.587,-8.389,0.000,-15.841,-10.072,-14.419,-13.398,-14.940,-8.611,-12.053,-6.090,-6.319,-6.270,-7.636,-2.886,-3.195,-1.483,-5.519,-6.576,-2.233,-3.715,-4.004,-4.335,-3.529,-3.624,-3.621,-3.143,-3.910,0.000,-2.960,-3.616,0.000,-3.484,-2.787,-3.262,-2.414,-3.400,-3.490,0.000,-2.731,-2.934,-3.201,-2.919,-3.314,-2.712,-3.749,-2.469,-2.231,-3.122,-2.722,-4.122,-2.690,0.000,-3.655,-2.915,-3.437,-2.575,-2.801,-1.947,-3.502,-3.376,-3.300,-3.544,0.000,-3.204,-3.688,-3.686,-3.102,-3.038,-3.764,-3.153,-2.780,-2.203,-3.303,-1.547,-4.742,-4.626,-3.988,-4.338,-2.265,-4.610,-3.242,-4.362,-1.457,-3.248,-4.346,-3.268,-4.036,-4.180,-3.499,-3.318,-3.697,-3.062,-3.673,-4.124,-3.569,-3.509,-3.043,-2.949,-3.650,-2.919,-2.607,-3.236,-3.431,-4.002,-3.273,-1.812,-3.875,-0.608,-3.388,-2.639,-3.889,-3.447,-3.391,-3.058,-3.875,-3.345,-3.210,-3.210,-3.904,-4.180,-3.763,-4.082,-2.458,-3.953,-4.063,-4.187,-3.481,-3.482,-3.547,-3.374,-2.556,-3.673,-3.194,-3.467,-2.119,-2.370,-3.953,-3.411,-3.354,-3.162,0.000,-3.489,-3.443,-3.623,-3.401,-4.106,0.000,-4.312,-3.957,-3.886,-4.335,-3.744,-5.100,-2.965,-4.521,-3.298,-4.570,-3.831,-3.602,0.000,-3.601,-3.475,-2.857,-2.332,-3.050,-2.150,-3.555,-3.361,-2.472,-3.261,-1.115,-4.149,-3.154,-3.197,-3.863,-3.277,-3.367,0.000,-6.861,-4.963,-7.907,0.000,-8.658,-5.212,-6.236,-4.642,-8.434,-4.931
V,-6.527,-4.017,-3.144,-3.267,-3.833,-3.684,-2.030,-4.290,-3.670,-3.735,-3.383,-1.674,-2.762,-2.671,-2.609,-2.874,-3.344,-4.455,-2.898,-3.728,-3.455,-4.013,-4.248,-3.117,-3.727,-3.069,-3.667,-3.842,-2.304,-3.950,-3.623,-2.505,-3.797,-3.589,-3.168,-3.691,-3.518,-4.185,-3.286,-3.572,-3.138,-3.363,-3.609,-4.050,-2.499,-3.533,-3.727,-3.582,0.000,-3.555,-3.484,-2.720,-6.088,-5.203,-3.473,-5.514,-8.922,0.000,-4.227,-7.107,-2.575,-8.012,-2.870,-9.596,-6.488,-8.976,-9.034,-5.696,-1.315,-7.665,-3.994,-9.840,-5.272,-10.878,-5.655,-5.816,-6.047,0.000,-10.416,-8.054,-13.134,-10.871,-9.341,-13.877,-7.541,-11.920,-16.458,-12.007,-12.092,-11.581,0.000,-12.653,-6.980,-9.064,-7.291,-14.142,-13.820,-8.774,-10.182,-12.522,-10.306,-9.978,-11.059,-8.787,-7.769,-12.725,-11.851,-5.257,-9.064,-12.521,-12.064,-11.186,-15.275,-10.590,-9.758,-6.221,-13.266,-9.710,-4.314,-2.866,-4.648,-4.648,-13.410,-7.336,-7.872,-12.022,-5.381,-7.695,-16.471,-6.309,-13.521,-5.119,-5.612,-9.109,-8.246,-9.505,-9.297,-5.883,-10.485,-7.908,-8.500,0.000,-7.324,-10.952,-11.351,-9.211,-10.637,-5.318,-7.412,-7.164,-7.646,-9.479,-9.341,-14.915,-9.405,-11.951,-7.699,-10.856,-11.556,-11.024,-9.866,-13.622,-12.123,-9.785,-11.467,-7.166,-10.004,-6.338,0.000,-11.422,-8.427,-8.895,-7.709,-8.682,-7.466,-11.507,-9.050,-7.844,-9.721,-4.565,-5.647,-6.525,0.000,-10.587,-11.346,-11.384,-8.382,-8.529,-5.923,-10.894,-13.033,-7.502,-2.962,-10.937,-13.708,-6.498,-9.940,-10.467,-11.798,-9.294,-9.064,-13.767,-15.479,-12.471,-4.658,-6.982,-12.569,-7.759,-11.110,-15.063,-13.302,-10.609,-1.803,-11.884,-9.355,-9.408,-9.367,-11.014,-10.970,-12.422,-9.570,-11.422,-5.062,-7.913,-7.315,-9.782,-6.315,-10.350,-7.872,-6.840,-9.205,-13.184,0.000,-4.667,-8.970,-9.690,-10.050,-7.380,-8.888,-6.955,0.000,-10.467,-9.074,-9.438,-3.542,-12.494,-7.025,-10.195,-6.654,-11.355,-8.325,-16.668,-8.802,-10.366,-5.251,0.000,-13.996,-7.890,-8.772,-10.303,-1.278,-7.100,-10.126,-5.660,-9.570,-7.508,-9.578,-8.177,-4.076,-10.278,-5.274,-6.194,-7.143,-10.748,0.000,-9.415,-4.124,-5.258,0.000,-10.698,-12.048,-13.459,-10.252,-7.705,-6.036,0.000,-6.249,-8.842,-6.137,-11.636,-3.487,-3.121,-10.729,-4.412,0.000,-5.348,-12.698,-8.656,-9.037,-6.441,-9.302,-10.293,-5.055,-5.573,-5.999,-9.628,-6.412,-12.675,-10.805,-4.722,-9.344,-8.054,-8.260,-8.936,-5.643,0.000,-14.618,0.000,-10.768,-10.368,-9.205,0.000,-9.467,0.000,-14.963,-6.906,-9.395,-2.819,-10.695,-9.555,-12.649,-4.004,-12.517,-14.369,-15.653,-7.675,-11.870,-11.466,0.000,-12.749,-8.214,-1.849,-6.026,-11.704,-4.802,-14.131,-12.659,-9.568,-7.476,-8.298,-11.133,-6.116,-4.313,0.000,-5.439,-4.951,-7.893,-10.574,-4.403,-9.014,-7.051,0.000,-11.883,-10.198,-15.018,-9.853,-8.926,-16.763,0.000,-10.762,-9.596,-15.139,-4.483,-12.450,-7.445,-7.675,-8.293,-7.563,-3.936,-4.971,-1.706,-7.216,-7.540,-3.653,0.000,-5.192,-4.894,-4.726,-4.484,-3.956,-3.487,-4.346,-3.902,-3.783,-4.180,-4.159,-4.291,-3.370,-3.704,-2.744,-3.655,-4.239,-3.434,-3.025,-3.571,-3.706,-3.459,-3.514,-3.216,-4.174,-2.523,-2.094,-2.529,-2.945,-4.362,-2.906,-3.808,-4.086,-2.927,-3.664,-3.036,-3.751,-2.745,-3.897,0.000,-4.073,-4.269,-3.358,-2.976,-4.052,-4.038,-3.191,-2.731,-4.057,-4.058,-2.975,-2.380,-4.080,-1.945,-4.376,-4.818,-3.898,-3.860,-2.558,-4.442,-2.396,-4.443,-0.180,-3.456,-3.869,-2.864,0.000,-3.891,-3.867,0.000,-3.780,-1.623,-3.439,-3.633,-3.474,-3.712,-3.382,0.000,-3.931,0.000,-3.097,-3.421,-2.879,-4.119,-3.414,-1.937,-3.872,-0.950,-3.399,-2.750,-3.901,-3.613,-3.380,-3.022,-4.065,-3.641,-3.388,-3.220,-4.054,-4.420,-4.146,-4.420,-2.998,-4.333,-4.464,-4.347,-3.580,-3.801,-3.750,-3.702,-3.168,-4.200,-3.562,-3.919,-2.427,-2.893,-4.404,-3.693,-3.674,-4.052,-3.817,-4.242,-4.187,-4.131,-4.125,-5.050,-3.889,-4.869,-4.505,-4.584,-5.061,-4.207,-5.411,-3.462,-4.800,-3.323,-4.745,-4.108,-4.303,-3.812,-4.288,-4.211,0.000,-3.065,-3.098,-2.338,-4.076,-3.628,-2.672,-3.473,-1.935,-4.339,-3.291,-3.803,-4.475,-4.551,-4.736,-4.680,-7.714,-7.015,-9.174,-5.454,-9.404,-7.014,-6.532,-6.493,-8.684,-6.147
L,-5.926,-3.715,-2.703,-2.508,-3.193,0.000,-1.398,0.000,-2.737,-2.643,-2.617,-1.266,-2.145,-2.122,-1.963,-1.915,-2.577,-3.384,-2.107,0.000,-2.514,-3.294,-3.399,-2.466,-3.034,-2.350,-2.824,-3.321,-1.870,-2.859,-2.759,-1.751,-2.742,-3.256,-2.048,-2.974,0.000,-3.358,-2.635,-3.062,-3.038,-3.435,0.000,-3.455,-1.614,-2.802,-3.282,-3.155,-2.723,-3.144,0.000,-2.120,-5.806,-5.621,0.000,-5.784,-7.758,-3.792,-3.745,-7.008,-3.899,0.000,-1.891,-7.332,-5.865,-10.047,-7.485,0.000,1.227,0.000,-4.834,-8.531,-5.772,-9.630,-4.672,-6.181,-5.227,-6.778,-13.170,-10.943,-15.295,0.000,-6.691,-15.453,-3.790,-13.663,-16.010,-11.733,-12.782,-10.895,-4.609,-14.267,-13.180,-10.461,0.000,-10.076,-13.885,0.000,-10.489,-10.401,-12.262,-8.450,-6.064,0.000,-12.943,-13.881,-10.624,-4.843,0.000,-8.380,-7.004,-10.801,-11.502,-8.340,-7.706,-6.737,-11.175,-7.899,-5.449,-0.677,-4.986,-3.232,-11.444,-6.589,0.000,-10.353,-6.139,-7.447,-14.386,-7.740,-10.439,-7.506,-6.810,-6.876,-11.692,0.000,-7.099,-4.667,-8.690,-8.217,-7.575,-9.208,-7.971,-10.402,-8.668,-7.608,-7.975,-8.188,0.000,-9.910,-7.247,-10.439,-5.134,-12.988,-8.449,-12.443,-6.708,-10.025,-13.814,-15.684,-13.917,-10.014,-15.126,-8.185,0.000,-6.851,-9.293,-8.449,-6.542,-14.198,-10.659,-5.783,-6.057,-7.699,-11.009,-11.665,0.000,-6.194,-12.506,-6.950,-6.454,-6.263,0.784,-11.666,-8.523,-9.118,-9.232,-8.713,-9.784,-11.083,-12.710,0.000,-5.495,-7.955,-10.609,-8.031,-8.890,-12.812,-14.171,-8.329,-2.257,-9.895,-11.084,-10.198,-8.313,-7.259,-11.799,0.000,-10.943,-13.668,-8.227,-12.023,-6.044,-8.101,-12.044,-11.174,-5.545,-14.159,-8.258,-9.497,0.000,-14.130,-6.672,-9.461,0.000,-13.269,-8.508,-9.412,-11.378,-11.618,-8.531,-12.495,-6.576,-4.202,-8.103,-11.294,0.000,-8.845,-4.154,0.000,-9.973,-12.169,-9.249,-12.659,-1.422,0.000,-8.730,-10.770,-10.154,-13.196,-7.629,-14.708,-8.140,-14.003,-5.730,-5.453,-13.442,0.000,-7.599,-6.065,-6.389,-5.372,-14.994,-6.069,-11.165,-8.601,0.000,-9.385,0.000,-7.920,-5.975,-7.941,-8.652,-10.761,-9.393,0.000,-8.655,0.000,-8.196,0.000,-10.877,-10.747,-8.346,-9.227,-7.128,-2.370,-6.706,-11.923,-7.535,-11.389,-3.542,-4.929,-11.204,-7.532,-8.443,-5.814,-11.617,-6.811,-9.437,-8.215,0.000,-12.426,-1.645,-3.809,0.000,-8.154,-8.839,-10.242,-9.584,-3.986,-9.377,-6.905,-11.181,-7.165,0.000,-4.461,-13.399,-6.689,0.000,-8.923,-14.056,-9.105,0.000,-9.993,-12.474,-11.925,-14.899,-2.400,-9.089,-9.659,-11.771,-5.161,-14.458,-11.739,-12.471,-6.005,-12.598,-9.070,-8.759,-11.435,-12.429,-0.487,-6.215,-13.058,-1.788,-12.699,-8.604,-5.986,-5.768,-11.113,-15.965,-7.030,-3.901,-10.126,-5.985,-4.891,-9.728,-9.995,-5.688,-8.682,-8.348,-9.454,0.000,-8.166,-14.391,-12.225,-16.042,-14.624,-7.988,0.000,-7.278,-12.769,-3.257,-8.454,-8.812,-6.319,-10.228,-4.830,-4.111,-4.493,-2.041,-5.997,-8.784,-4.427,-2.524,-5.038,-3.912,-4.538,-3.521,-4.049,-3.542,-4.021,-3.959,0.000,-4.077,-3.540,-3.867,-3.522,-3.262,-2.551,-3.131,-3.682,-3.046,-2.657,-2.855,-3.527,-2.682,0.000,-2.269,-3.768,-1.946,-1.506,-2.584,-2.473,0.000,-2.104,-3.409,-3.219,-2.664,0.000,-2.361,-2.988,-3.113,0.000,-2.572,-3.227,-4.215,-3.250,-2.694,-3.470,-3.752,-3.426,-2.067,0.000,-2.794,-2.291,-1.779,-3.552,-1.630,0.000,-4.072,-3.488,-3.213,-2.401,-3.763,-2.074,-3.548,-1.179,-3.720,-3.547,-2.302,-3.590,-3.416,-3.868,-3.305,-3.259,-2.381,-2.926,0.000,-3.001,-3.314,-2.890,-2.966,0.000,-2.481,-2.223,-2.615,-2.191,-3.534,-2.735,-1.650,-3.100,-0.552,-2.611,-2.138,-3.426,-3.047,-2.563,-2.414,-3.107,-2.687,-2.681,-2.753,-3.499,-3.455,0.000,0.000,-1.813,0.000,-3.673,-3.473,-2.610,-2.927,-3.268,-3.083,-2.294,-3.118,-3.289,-3.390,-1.509,-2.570,-3.354,-3.059,-2.876,0.000,-2.750,-3.484,0.000,-3.368,-3.341,-4.275,-2.998,-3.860,-4.171,-3.839,-4.155,-3.634,-4.857,-3.153,-3.947,-3.016,-3.538,-3.114,-3.636,-2.913,0.000,0.000,-2.269,-2.017,-2.371,-1.956,-2.967,-2.644,-2.131,-2.741,-0.910,-3.268,-2.998,-2.894,-3.445,-4.296,-3.157,-4.947,-5.920,-8.278,-6.780,-6.328,-6.820,-8.101,-2.903,-7.788,-6.236,-6.696
I,-7.497,-4.885,-3.787,-3.594,-4.125,-4.472,-2.663,-4.642,-3.989,-3.821,-3.892,-2.120,-3.128,-3.231,-3.316,-3.217,-3.821,-4.648,-3.714,-4.435,-3.730,-4.467,-4.670,-3.744,-4.223,-4.283,-4.274,-4.675,-3.662,-4.636,-4.623,0.000,-4.279,-4.306,-3.490,-4.047,-4.587,-4.767,-4.043,-4.347,-3.913,-4.660,-4.782,-4.950,-3.872,-4.523,-4.378,-4.765,-4.400,-4.416,-4.293,-4.005,-7.257,-6.475,-4.288,-7.327,-10.759,-4.406,-5.579,-7.376,-3.996,-8.259,-3.236,-10.565,-7.685,-10.917,-9.327,-4.929,-2.525,-8.316,-5.134,-9.829,-6.244,-10.619,-7.096,-8.477,-8.316,-5.610,-14.514,-11.448,-15.627,-9.789,-10.384,-11.564,-6.926,-14.846,-14.843,-8.525,-14.413,-11.346,-5.374,-10.032,-11.432,-9.703,-7.811,-14.511,-15.079,-8.951,-8.591,-13.786,-8.261,-12.239,-12.171,-8.549,-11.815,-12.095,-12.574,-5.827,-10.346,-12.469,-13.205,-13.619,-16.519,-11.094,-9.850,-6.794,-13.377,-10.348,-6.370,-3.808,-5.405,-5.461,-13.757,-6.454,-4.163,-12.216,-5.766,-6.120,-18.130,-8.048,-14.085,0.000,-4.611,-10.138,-12.237,-10.342,-10.765,-5.950,-11.092,-8.550,-10.195,-5.003,0.000,-10.879,-12.922,-8.340,-11.455,-6.676,-7.319,-8.804,-9.763,-10.580,-8.411,-15.160,-10.622,-14.047,-7.743,-11.991,-15.109,-14.212,-14.097,-14.531,-14.815,-12.358,-10.436,-6.464,-10.933,-7.018,-5.712,-14.393,-10.065,-8.844,-7.947,-8.688,-11.330,-13.329,-9.658,-8.152,-13.427,-7.098,-5.043,-7.139,-5.092,-11.690,-10.139,-11.199,-7.930,-11.235,-9.884,-8.507,-9.961,-6.904,0.000,-10.936,-14.545,0.000,-12.159,-13.454,-15.407,-9.534,-8.787,-12.191,-13.673,-11.890,0.000,-6.319,-14.069,-7.417,-12.450,-16.888,-14.050,-12.445,0.000,-11.463,-11.452,-6.866,-10.597,-13.271,-10.776,-12.347,-8.846,-13.560,0.000,-8.392,-9.481,-13.040,0.000,-11.168,-11.116,-11.838,-11.516,-12.104,-6.497,-6.294,-10.905,-13.468,-9.825,-8.901,-8.638,-7.254,-8.393,-10.899,-11.596,-13.170,-5.104,-11.105,-7.314,-13.014,-9.842,-11.352,-11.274,-16.660,-9.680,-15.335,-7.367,-5.186,-16.240,-9.010,-10.429,-11.003,-6.793,-9.476,-14.232,-6.344,-10.308,-7.992,-9.938,-7.851,-3.586,-11.139,-6.164,-8.722,-9.807,-11.764,-4.084,-10.105,0.000,-3.738,-5.482,-10.964,-12.732,-11.948,-10.789,-9.676,-7.795,-4.289,-6.421,-11.674,-6.809,-10.811,0.000,-2.634,-10.412,-7.362,-3.636,-6.543,-12.415,-10.929,-11.655,-7.861,-9.577,-11.545,-3.331,-7.918,-7.273,-10.886,-7.190,-11.839,-13.020,-5.528,-9.426,-8.868,-11.492,-10.720,-6.933,-4.784,-15.167,-5.780,-11.126,-12.221,-13.623,-8.015,-10.005,-7.164,-14.495,-10.236,-13.875,-4.181,-9.487,-8.778,-13.280,-5.740,-14.361,-14.418,-15.867,-7.974,-12.894,-12.334,-4.693,-11.567,-10.058,-3.651,-6.672,-15.011,-5.899,-17.129,-12.662,-9.378,-7.538,-10.888,-12.997,-7.743,-4.824,-6.932,-6.103,-6.577,-9.592,-11.052,0.000,-9.567,-10.842,-9.047,-13.872,-10.853,-18.407,-14.192,-14.276,-17.468,-5.810,-10.875,-11.181,-15.593,0.000,-12.270,-8.452,-7.693,-11.038,-8.025,-4.495,-5.632,-3.471,-8.593,-10.115,-5.742,-5.070,-6.529,-6.395,-5.403,-5.718,-4.932,-4.495,-6.178,-4.993,-5.440,-5.447,-5.688,-6.048,-4.662,-5.058,-3.927,-4.024,-5.538,-4.239,-4.236,-5.217,-4.953,-4.013,-4.576,-4.139,-5.323,-2.772,-2.743,-2.929,-4.064,-4.547,-3.769,-4.391,-5.187,-3.706,-4.520,-4.479,-4.439,-4.106,-4.553,-4.421,-4.715,-5.320,-3.938,-3.320,-5.369,-4.562,-3.968,-3.181,-5.318,-4.465,-3.058,-2.565,-4.582,-2.649,-4.276,-5.960,-4.059,-3.967,-2.588,-4.416,-2.565,-4.720,-0.733,-4.136,-4.422,-3.007,-3.253,-4.244,-4.478,-3.790,-4.022,-1.539,-3.617,-3.978,-3.756,-4.596,-4.041,-3.878,-4.419,-3.543,0.000,-3.431,-2.521,-4.327,-3.728,-2.517,-3.984,-1.479,-3.309,-2.873,-4.282,-3.638,-3.279,-3.327,-4.456,-3.827,-3.447,-3.615,-4.613,-4.980,-4.681,-4.863,-3.648,-4.372,-4.885,-4.841,-4.272,-4.285,-4.429,-4.297,-3.694,-4.804,-4.119,-4.467,-3.012,-3.823,-4.799,-4.438,-4.080,-5.152,-4.261,-5.078,-4.759,-5.192,-4.612,-5.744,-4.277,-5.422,-5.026,-4.968,-5.956,-4.406,-5.749,-4.101,-4.875,-3.848,-4.725,-4.649,-5.104,-4.175,-5.139,-5.108,-3.710,-3.592,-3.648,-2.963,-4.715,-4.139,-3.290,-3.993,-2.637,-4.263,-4.233,-4.639,-5.441,-5.495,-5.124,-5.154,-8.503,-7.176,-9.916,-4.377,-10.081,-6.814,-6.648,-6.563,-8.771,-6.022
M,0.000,-4.580,-4.022,-4.789,-5.381,-5.616,-3.806,-5.926,-5.079,-4.293,-4.864,-3.220,-4.511,-3.970,-4.669,-4.391,-5.115,-5.987,-4.739,-5.270,-5.059,-6.065,-6.225,-5.006,-4.985,-4.543,-4.788,-5.638,-3.533,-5.196,-5.391,-4.007,-5.126,-5.148,-4.813,-5.679,-5.869,-5.681,-5.170,-5.271,-4.771,-5.776,-5.608,-6.027,-3.390,-5.275,-5.439,-4.511,-3.726,-5.043,-4.467,-3.479,-6.546,-6.887,-4.334,-7.175,-10.901,-5.689,-5.414,-6.939,-4.318,-8.429,-4.076,-10.664,-7.125,-11.206,-8.712,-8.138,-1.969,-6.232,-5.934,-10.489,-6.942,-10.334,-6.105,-7.506,-7.152,-6.680,-14.486,-10.331,-15.294,-7.115,-9.607,-15.413,0.000,-13.170,-16.466,-9.388,-15.796,-14.891,-6.787,-14.340,-12.192,-11.622,-8.956,-13.275,-17.216,-8.333,-7.432,-14.438,-9.497,-13.280,-11.497,-8.762,-12.922,-14.665,-14.962,0.000,-10.218,-12.679,-10.825,-12.912,-15.755,-10.258,-9.042,-6.566,-13.902,-10.175,-6.329,-3.265,-4.535,-6.789,-14.578,0.000,-6.488,-13.560,-6.866,0.000,-16.666,-8.688,-15.376,-7.932,-4.475,-9.071,-13.259,-9.736,-10.560,-6.820,-11.536,-8.315,-10.620,-7.937,-10.530,-10.944,-13.933,-9.465,-11.168,-7.874,-8.092,-9.291,-9.187,-11.250,-8.451,-16.189,-10.486,-14.514,-7.857,-8.837,-13.980,-15.551,-13.181,-13.170,-15.079,-11.948,-8.237,0.000,-13.611,-7.064,-7.782,-14.312,-10.638,0.000,-5.889,-7.557,-11.056,-14.000,-9.249,-8.889,-13.619,-7.699,-5.577,-5.676,-4.257,-13.198,-11.943,-11.826,-8.556,-9.264,-10.394,-10.021,-9.668,-7.810,-7.048,-11.958,-12.449,-7.771,-11.798,-14.146,-16.195,-12.013,-8.820,-12.780,-16.433,-11.606,-8.116,-7.929,-14.243,-4.877,-12.142,-17.075,-9.793,-11.556,-5.657,-11.624,-12.793,-7.459,-10.402,-14.730,-11.791,-14.513,-7.875,-15.349,-7.606,-8.368,-8.524,-12.650,-9.024,-10.027,-10.911,-12.623,-10.992,-12.544,-9.259,-7.151,-8.703,-14.684,-6.686,-9.386,-7.102,-7.514,-10.399,-10.392,-10.260,-12.446,-4.974,-9.974,-9.620,-11.656,-10.356,-12.352,-7.967,-17.843,-7.578,-13.975,-7.098,-4.954,-15.482,-6.324,-8.251,-6.554,-5.804,-7.932,-14.686,-7.246,-9.476,-8.553,-9.263,-7.072,-7.908,-11.746,-6.490,-8.770,-11.249,-10.525,-8.531,-8.932,-7.850,-7.609,-7.851,-9.271,-9.284,-12.091,-12.621,-9.908,-8.532,-4.307,-5.124,-12.012,-7.865,-8.560,-5.823,-3.656,-8.298,-7.266,-7.787,-6.241,-14.919,-10.228,-10.202,-8.558,-7.956,-14.903,0.000,-5.758,-7.067,-11.741,0.000,-11.701,-12.148,-5.374,-10.393,-8.593,-11.291,-11.451,-5.793,-4.275,-16.283,-6.601,-10.635,-11.459,-13.340,-9.188,-9.735,-8.786,-16.406,-11.492,-14.564,-4.643,-10.060,-10.122,-12.320,-5.097,-15.524,-15.547,-17.646,-10.344,-14.887,-13.856,-7.296,-10.387,-10.291,-3.972,-6.852,-12.646,-4.107,-16.315,-13.419,-7.893,0.000,-11.008,-16.000,-8.573,-3.757,-9.107,-6.458,-5.662,-11.740,-12.446,-5.364,-9.658,-9.542,-11.629,-9.547,-9.692,-15.320,-10.800,-15.432,-19.395,-8.124,-10.973,-11.815,-17.584,-3.623,-12.277,-7.851,-7.367,-10.944,-7.142,-5.179,-5.457,-3.871,-7.699,-9.838,-5.546,-4.946,-6.861,-5.732,-6.023,-4.512,-5.099,-4.725,-5.364,-5.464,-4.682,-4.828,-4.734,-4.865,-4.542,-4.448,-4.224,-4.637,-4.707,-4.323,-4.463,-4.591,-4.399,-4.499,-4.532,-4.559,-4.777,-3.613,-3.418,-4.085,-4.545,-5.697,-3.895,-4.926,-4.716,-4.489,-4.595,-3.441,-4.196,-4.218,-4.011,-4.089,-4.959,-5.047,-4.396,-4.216,-4.547,-5.066,-4.538,-3.780,-4.707,-4.315,-3.450,-2.823,-4.838,-2.767,-4.821,-5.118,-4.452,-4.208,-2.965,-5.010,-2.756,-5.351,0.137,-4.610,-4.910,-3.285,-4.697,-4.655,-4.711,-4.118,-4.388,-3.204,-4.511,-4.999,-4.638,-4.555,-4.635,-4.216,-4.375,-3.834,-4.002,-4.248,-3.419,-4.723,-4.541,-2.548,-4.745,-1.543,-4.045,0.000,-4.842,-4.522,-4.321,-4.403,-4.563,-4.754,-4.327,-4.304,-5.272,-5.743,-5.536,-5.354,-4.221,-5.350,-5.510,-5.424,-4.948,-5.109,-5.064,-5.388,-4.580,-4.456,-4.932,-4.657,0.000,-4.160,-4.729,-4.825,-4.771,-4.764,-4.703,-5.409,-5.340,-4.969,-4.928,-5.608,-4.678,-5.854,-5.593,-5.378,-6.069,-4.574,-6.263,-4.250,-5.851,-4.272,-5.101,-5.409,-4.817,-4.573,-5.340,-4.889,-4.241,-3.980,-4.109,-3.452,-4.914,-4.657,-3.617,-4.825,-2.770,-5.258,-4.810,-5.284,-6.061,-5.658,-5.819,-5.712,-10.018,-7.599,-11.249,-5.209,-11.730,-7.512,-8.339,-7.322,-10.429,-6.448
P,-6.507,-3.866,-3.130,-3.299,-4.132,-3.990,-1.875,-3.695,-3.168,-3.249,-3.220,-1.682,-2.833,-2.516,-2.540,-1.917,-2.868,-3.849,-2.253,-3.263,-2.924,-3.549,-3.738,-2.825,0.000,-2.179,-2.941,-3.470,-1.392,-2.909,-2.120,-1.430,-2.891,-2.801,-2.476,-3.014,-3.432,0.000,-2.804,-2.642,-3.049,0.000,-3.158,-3.196,-1.195,-2.642,-2.721,-2.356,-2.554,-2.501,-2.970,-1.574,-5.592,-5.127,-3.209,-4.470,0.000,-3.602,-3.107,-7.325,-4.359,-7.096,-4.737,0.000,-5.981,-10.320,-8.668,-8.768,0.000,-8.838,-5.532,-8.238,-6.541,-9.296,0.000,-5.395,-5.790,-9.090,-12.123,-8.965,-12.851,-11.321,-10.152,-15.220,-11.335,-14.874,-17.522,-12.598,-14.420,-14.684,-10.509,-13.201,-12.145,-9.983,-11.046,-10.974,-14.435,-10.804,-10.322,-12.728,-12.150,0.000,0.000,-11.082,-12.149,-14.458,-15.865,-12.081,-11.410,-10.587,-9.247,-13.773,-9.899,-9.413,-8.095,-7.367,-11.540,-8.505,-6.499,-2.727,-4.449,-3.981,-12.389,-9.620,-10.924,-11.435,-10.817,-15.163,-16.223,-12.758,-13.335,-13.045,-12.970,-11.447,-14.270,-11.169,-11.094,-6.119,0.000,-8.620,-8.490,-12.195,-11.092,-9.516,0.000,-8.564,-8.236,-10.306,-9.637,-11.334,-9.165,-10.320,-11.284,-13.400,-5.870,-13.293,-9.166,-8.999,-14.706,-15.684,-11.806,-11.721,-16.602,-14.479,-11.706,-14.065,-14.243,-11.684,-12.348,-16.251,-14.132,-13.882,-6.728,-9.121,-12.951,-12.535,-10.617,0.000,-12.586,-8.176,-5.183,-6.065,-4.472,-9.092,-6.601,-10.335,-7.514,-7.699,-8.857,-9.290,-11.490,-6.316,-11.638,-11.175,-15.196,-14.780,-12.777,-14.321,-15.680,-11.072,-9.621,-10.724,-10.581,-11.680,-13.632,-10.754,-11.510,-5.421,-12.909,-16.804,-9.383,-14.874,-10.938,-10.323,-11.866,-10.673,-10.527,-14.218,0.000,-13.872,-11.554,-14.696,-12.989,-7.966,-10.270,-10.881,-13.331,-10.191,-9.569,-10.163,-4.818,-13.534,-8.790,-3.796,-10.443,-13.058,-11.889,-13.110,-11.271,-9.758,-14.722,-12.355,0.000,-12.018,-5.157,-14.131,-10.647,-11.646,-9.421,-13.629,-12.328,-11.651,-11.471,-12.515,-4.013,-6.516,-13.039,-9.903,-11.385,-7.475,-9.749,0.000,-13.261,-11.667,-12.928,-9.536,-11.712,-11.365,-10.725,-8.755,-8.215,-5.315,-4.922,-8.418,-11.797,-10.981,-12.393,-10.171,-9.498,-10.546,-15.435,-10.468,-12.838,-10.035,-5.493,-7.249,-8.340,-12.249,-6.375,-12.742,-8.376,-1.602,-13.250,-6.904,-11.029,-5.105,-13.515,0.000,-6.344,-10.231,-10.214,-12.244,-9.873,-8.519,1.729,-12.919,-13.675,-10.004,-9.127,-2.095,-9.952,-5.222,-10.718,0.000,-8.190,-9.296,-11.851,-11.799,-10.199,-8.071,-14.012,-12.080,-10.879,-13.833,-11.298,-9.463,-13.851,-2.573,-11.259,-8.621,-12.394,-4.318,-14.678,-10.626,-14.128,-12.976,-13.578,-13.017,-12.854,-14.816,-11.229,0.144,-3.953,-12.979,-6.515,-15.667,-13.137,-11.318,-11.071,-14.519,-16.085,-7.959,-9.547,-13.342,-9.304,-4.183,-10.858,-7.761,-6.486,-6.816,-8.533,-12.376,-12.821,-9.793,-11.965,-11.274,-13.596,-16.846,-15.324,-11.747,-13.073,-13.962,-13.571,-9.498,-8.867,-5.107,-7.806,-7.457,-6.652,-4.967,-3.627,-5.900,-8.066,-3.980,-3.915,-4.570,-3.822,-3.527,-3.066,-4.136,0.000,-4.170,-4.190,-3.245,-3.560,-3.527,-3.542,-3.124,-3.572,-2.291,-3.472,-3.509,-3.676,-3.263,-2.813,-3.020,-2.301,-3.480,-2.284,-3.815,-2.438,-2.635,0.000,-2.731,-3.543,-2.535,-3.737,0.000,-3.405,-3.679,-1.578,-2.345,-3.981,-4.087,-3.671,-3.075,-3.880,-4.027,-3.607,-3.859,-3.796,-3.830,-3.705,-4.321,-3.702,-1.578,-2.917,-3.625,-2.257,-5.076,-5.227,-3.975,-5.015,-3.645,-4.704,-3.636,-4.389,0.000,-4.189,-4.794,-2.746,-3.966,-4.080,-3.684,-3.451,-3.400,-3.018,-3.482,-3.889,0.000,0.000,-2.504,-2.184,-2.850,-2.387,-1.844,-2.499,-3.016,-3.208,-2.564,-1.708,-3.273,-0.673,-2.939,-2.467,-3.648,-3.237,-2.868,-2.890,0.000,-3.089,-3.016,-2.942,-3.632,-3.544,-3.545,-3.459,-1.687,-3.194,-3.430,-3.315,-2.753,-2.992,0.000,-3.263,-2.362,-2.899,-2.826,-3.287,-1.569,-2.412,-3.221,-3.221,-3.373,-3.298,-3.095,-3.801,-3.484,-3.385,-3.421,-4.264,-3.327,-4.312,-4.225,-4.012,-4.015,-3.912,-5.147,-3.537,-3.892,-3.520,-3.946,-3.423,-3.759,-3.141,-3.581,-3.281,-2.328,-1.985,-2.608,-1.997,-3.638,-2.686,-2.286,-2.991,-0.642,-3.428,0.000,-2.917,-3.546,-3.799,-2.772,-4.581,-5.773,-7.433,-6.420,-5.272,-6.443,-7.401,-3.743,-6.836,-6.163,-6.051
Y,-7.812,-5.519,-4.907,-4.265,-4.552,-4.670,0.000,-4.577,-4.169,-4.050,-4.243,-2.799,-3.549,-3.712,-3.562,-3.816,-4.356,-4.975,-3.820,-4.918,-3.605,-5.139,-4.419,-4.368,-4.837,-4.834,-4.046,-5.134,-4.193,-4.852,-4.986,-4.518,-4.756,-5.349,-4.710,-5.147,-5.703,-5.858,-5.434,-5.348,-5.589,-5.861,-5.649,-5.750,-4.332,-4.941,-5.079,-5.128,-4.466,-4.924,-4.131,-4.070,-7.150,-7.185,-3.533,-6.337,-11.745,-8.396,-5.016,-8.499,-4.609,-9.159,-1.635,-10.559,-7.549,-10.120,-9.521,-9.994,-3.151,-10.039,-7.089,-9.740,-8.756,-10.268,-8.961,-6.539,-7.221,-12.806,-14.951,-15.145,-16.198,-13.994,-10.312,-11.339,-10.558,-12.952,-13.083,-13.138,-9.186,0.000,-11.877,-11.276,-13.771,-11.267,-16.809,-14.636,-9.378,-16.480,-15.210,0.000,-15.934,-13.445,-14.061,-16.164,-16.905,-12.757,0.000,-15.583,-15.075,-11.824,-9.690,-13.533,-11.781,-11.578,-10.095,-9.288,-8.289,-7.361,-8.283,-6.419,-6.177,-4.738,-10.014,-14.557,-13.957,-8.420,-12.687,-14.787,-15.977,-10.123,-8.531,-13.004,-11.217,-10.645,-15.074,-13.269,-9.247,-4.555,-12.384,-9.329,-6.567,-13.656,-13.181,-12.211,-11.766,-8.860,-9.048,-9.516,-14.288,-12.855,-10.375,-11.374,-9.874,-9.815,-8.694,-12.257,-8.269,-13.811,-14.377,-9.934,-14.769,-8.795,-15.598,-8.549,-15.102,-14.127,-7.294,-14.285,-14.034,-11.095,-12.473,-15.855,-8.393,-9.796,-12.169,-10.845,-14.406,-8.678,-13.078,-5.740,-6.908,-7.001,-7.914,-9.833,-8.219,-9.098,-10.733,-11.906,-11.175,-12.996,-13.462,-11.214,-14.002,-7.253,-14.011,-15.330,-10.952,-14.234,-15.551,0.000,-8.295,-13.148,-13.043,-12.694,-15.386,-9.913,-7.909,-10.982,-7.500,-9.475,-9.549,-11.132,-9.207,-11.212,-8.160,-11.934,-6.408,-9.973,-10.230,0.000,-12.609,-10.852,-15.775,-12.855,-16.216,-12.287,-15.906,-11.536,-15.168,-14.826,-10.951,-11.331,-16.442,-6.799,-10.075,-15.521,-15.420,-9.242,-9.865,-6.582,-17.571,-15.448,-14.325,-13.198,-3.842,-16.420,-7.938,-11.719,-9.689,-10.655,-12.102,0.000,-9.724,-10.570,-7.397,-7.460,-9.913,-9.673,-9.083,-9.247,-10.294,-10.067,-16.298,-8.792,-12.948,-11.358,-11.911,-12.781,-14.579,-5.739,-7.781,-11.019,-9.514,-9.499,-10.888,-14.988,-14.261,-15.646,-12.021,-15.948,-15.833,-13.002,-8.993,-9.687,-6.817,-4.061,-8.288,-12.270,-7.485,-11.475,-11.606,-6.087,-13.556,-5.553,-13.511,-7.849,0.000,-11.799,-12.178,-2.705,-14.857,-9.505,-13.640,-7.335,-6.668,0.000,-15.934,-11.761,-11.050,-4.352,-8.033,-10.159,-12.390,-10.327,-8.976,-11.580,0.000,-10.162,-15.817,0.000,-15.753,-15.156,-15.836,-15.775,-9.541,-11.924,-15.335,-2.502,-8.318,-10.016,-8.266,-5.869,-14.130,-8.410,0.000,-3.872,-8.444,0.000,-13.185,-13.567,-12.819,-3.714,-5.684,-13.931,-8.697,-9.324,0.000,-9.075,-13.179,-10.356,-10.792,-6.207,-4.887,-15.052,-8.069,-8.379,-9.635,-9.385,-10.389,-8.700,-9.536,-12.571,-15.463,-6.934,-16.908,-12.907,-16.216,0.000,-17.181,-16.893,-11.670,0.000,-14.618,-11.095,-8.425,-9.097,-10.282,-8.701,-8.034,-6.975,-4.206,-8.451,-10.569,-6.734,-6.723,-7.022,-6.643,-6.426,-7.598,-6.713,-6.344,-7.757,-6.146,-6.528,-6.333,-6.287,-6.866,-6.081,-6.596,-5.418,-5.843,-6.749,-5.800,-5.416,-5.276,-6.643,-5.211,-6.362,-4.668,-6.621,-4.800,-4.428,-4.822,-4.879,-5.380,-4.499,-5.836,-5.991,-4.124,-5.932,-5.335,-5.230,-5.155,-5.698,-5.841,-5.567,-6.632,-5.294,-5.273,-5.893,-5.778,-5.224,-4.643,-6.016,-5.528,-3.852,-4.123,-5.917,-3.388,-5.911,-5.896,-5.902,-5.340,-4.939,-6.056,-4.650,-4.703,-5.441,-5.740,-5.432,-4.336,-5.349,-5.343,-4.272,-4.571,-5.017,-3.831,-4.409,-5.560,-4.371,-5.018,-4.336,-3.938,-4.655,-3.316,-3.636,-3.846,-4.135,-4.826,-4.188,0.000,-4.554,-2.153,-3.851,-3.426,-4.792,-4.537,-4.311,-4.454,-5.044,-4.428,-4.465,-4.426,-5.460,-5.616,-5.233,-5.479,-4.156,-5.484,-5.709,-5.752,-4.906,-5.132,-4.927,-5.281,-4.612,-5.877,-4.819,-5.403,-3.713,-4.446,-5.537,-4.952,-4.824,-5.535,-4.524,-5.708,-5.410,-5.516,-5.419,-6.444,-4.801,-5.814,-5.915,-5.467,-6.178,-5.157,-6.515,-4.548,-5.774,-4.846,-5.348,-4.912,-5.568,-4.544,-5.305,-4.873,-3.600,-4.217,-4.539,-3.593,-5.215,-4.660,-3.529,-4.394,0.000,-5.197,-4.164,-4.704,-5.420,-6.422,-3.738,-7.455,-6.005,-11.371,-6.557,-9.172,-6.143,-11.195,-3.233,-10.588,-5.929,-9.459
F,-7.535,-4.690,-4.112,-3.362,-3.855,-3.908,-2.231,-4.041,-3.596,-3.328,-3.340,-2.036,-2.947,0.000,-2.558,-2.837,0.000,-4.373,-2.922,-4.521,-3.205,-4.284,-4.006,-3.405,-3.831,-3.774,-3.632,-4.334,0.000,-4.165,-4.141,-3.287,-3.845,-4.631,-3.599,-4.121,-4.607,-4.916,-4.354,-4.649,-4.928,-4.961,-4.915,-5.113,-3.826,-4.194,-4.853,-4.767,-4.730,-4.526,-4.381,-3.653,-7.451,-7.016,-4.101,-6.114,-10.727,-6.730,-5.874,-9.431,-4.473,-8.023,3.365,-10.023,-8.726,-11.658,-10.519,-7.861,-1.838,-7.787,-6.416,-8.992,-8.778,-11.796,-7.423,-6.807,-6.856,-10.047,-14.057,-13.239,-15.720,-9.511,-12.021,-15.384,-9.484,-14.130,-17.428,-13.652,-9.807,-4.589,-8.474,-14.948,-11.852,-10.183,-10.341,-15.760,-12.032,-9.791,-12.797,-6.882,-14.696,-12.333,-12.039,-7.717,-14.177,-14.302,-6.709,-8.969,-11.477,-9.369,-11.752,-14.674,-14.116,-9.621,-10.471,-8.081,-9.120,-9.539,-8.169,-5.012,-6.322,-1.329,-10.481,-10.309,-8.775,-9.622,-9.570,-11.203,-18.511,-10.210,-12.285,-8.803,-8.852,-11.066,-14.019,-8.910,-11.229,-6.245,-11.835,-9.346,-9.350,-10.915,-11.156,-12.859,-11.584,-10.103,-11.924,-9.452,-9.247,-11.378,-10.072,-11.988,0.000,-14.749,-8.039,-12.655,-9.178,-14.697,-16.853,-14.410,-14.142,-10.716,-18.634,0.000,-10.253,-12.263,0.000,-11.814,-10.670,-14.214,-11.288,-10.668,-10.381,-9.598,-11.550,-10.912,-9.062,-7.228,-14.339,-8.704,-8.205,-8.667,-5.056,-12.384,-10.537,-10.779,-10.018,-13.466,-12.105,-13.596,-13.325,-6.571,-9.363,-8.563,-15.038,-11.905,0.000,-13.818,-14.894,-5.337,-6.206,-13.854,-12.487,-13.830,-11.307,-9.967,-7.257,-8.496,-11.564,-9.749,-11.135,-11.414,-7.219,-8.646,-11.910,-12.466,0.000,-14.193,-10.941,-5.763,-9.064,-14.227,-10.012,-10.604,-11.108,-15.001,-10.577,-12.819,-14.869,-13.068,-11.639,-12.550,-12.080,-8.415,-12.153,-14.827,-8.737,-11.413,-9.944,-1.430,-11.825,-14.881,-12.497,-13.961,-5.790,-9.813,-8.927,-12.810,-11.522,-14.042,-9.899,-7.729,-9.487,-9.475,-5.789,-6.237,-10.032,-6.770,-10.518,-10.727,-8.183,-9.104,-13.857,-8.252,-12.678,-9.584,-4.351,-11.232,-9.033,-8.660,-7.465,-8.561,-8.269,-9.972,-10.134,-8.623,-10.179,-8.365,-9.043,-7.837,-14.528,-12.932,0.000,-10.764,-8.179,-0.307,-7.053,-12.635,-8.827,-13.125,-8.028,-6.393,-14.150,-7.297,-9.766,-8.272,-5.887,-10.268,-13.078,-4.123,-7.833,-11.911,-7.548,-7.851,-5.887,-4.212,-12.755,-11.161,-13.402,-5.538,-9.110,-9.469,-12.669,-10.065,-7.048,-7.844,-11.107,-8.237,-11.265,-7.168,-14.534,-10.039,-12.085,-12.426,-13.883,-11.526,-15.517,-1.159,-9.325,-11.892,-13.460,-5.724,-14.322,-14.182,-9.041,0.000,-10.251,-5.630,-11.142,-15.265,-13.004,-1.470,-8.419,-13.873,-6.047,-10.706,-6.141,-10.622,-10.737,-10.903,-14.838,-7.604,-5.631,-11.523,-7.347,-7.779,-9.663,-11.974,-8.228,-10.071,-10.089,-11.557,-11.017,-8.820,-18.761,-13.582,-14.585,-9.293,-11.922,-11.159,0.000,-8.033,-7.867,-13.985,-10.269,-8.708,-12.109,-7.389,-6.818,-6.030,0.503,-8.932,-11.029,-6.838,-5.531,-6.922,-6.548,-6.225,-6.940,-6.036,-5.766,-7.479,-5.931,-6.071,-6.403,-6.229,-6.550,-5.883,-6.119,-4.911,-4.965,-6.360,-5.334,-4.516,-4.981,-6.417,-4.373,-5.736,-4.227,-6.317,-3.740,-2.966,-3.782,-3.898,-4.632,-3.970,-5.272,-5.497,-3.728,-5.297,-4.815,-4.771,-4.587,-5.358,-5.293,-5.161,-6.283,-5.148,-4.672,-5.731,-5.448,-4.912,-4.186,-5.714,-5.087,-3.621,-3.607,-5.390,0.000,-5.486,-5.983,-5.033,-4.975,-4.651,-5.297,-4.789,-4.504,-4.587,-5.107,0.000,-4.207,-4.843,-5.230,-4.846,-4.532,-4.653,-3.013,-3.890,-4.751,-4.003,-4.704,-3.906,-3.988,-4.779,-3.879,-3.515,-3.622,-4.027,-4.995,-3.820,-3.388,-4.341,-1.991,-3.761,-3.529,-4.777,-4.329,-3.748,-3.633,-4.638,-4.016,-3.789,-3.962,-4.976,-4.811,-4.561,-5.121,-3.260,-4.919,-5.189,-5.121,-4.232,-4.334,-4.634,-4.624,-3.927,-5.328,-4.728,-5.127,-3.415,-3.961,-5.180,-4.360,-4.034,-4.993,-4.022,-4.841,-4.687,-4.927,-5.003,-5.929,-4.326,-5.299,-5.323,-5.318,-5.689,-5.274,-6.266,-4.829,-5.074,-4.569,-5.071,-4.369,-5.541,-4.038,-4.739,-4.905,-3.351,-3.392,-3.533,-3.348,-4.367,-3.770,-3.650,-3.871,-2.856,-4.597,-4.100,-4.582,-5.267,-6.086,-4.906,-6.930,-7.662,-10.529,-8.831,-8.480,-8.657,-10.478,-5.717,-10.357,-7.670,-8.733
W,-8.261,-5.004,-4.303,-4.124,-4.883,-4.813,-3.257,-5.090,-4.428,-4.053,-4.074,0.000,-3.980,-3.281,-3.655,-3.978,-4.320,-5.098,-3.690,-5.035,-4.491,-5.137,-4.889,-4.595,-4.577,-3.458,-4.395,-5.500,-3.660,-4.553,-4.619,-3.804,-4.453,-5.317,-4.886,-4.864,-5.670,-5.235,-4.848,-4.990,-5.681,-5.713,-5.688,-5.799,-3.739,-4.237,-5.434,-5.319,-4.509,-4.819,-5.230,-1.655,-7.147,-6.933,-4.551,-7.590,-11.441,-7.044,-4.615,-7.171,-4.845,-8.611,-4.703,-10.182,-6.335,-10.797,-7.715,-9.786,-2.776,-9.833,-7.958,-10.451,-7.736,-8.177,-8.231,-7.765,-5.808,-11.259,-11.581,-14.388,-13.204,-13.056,-6.225,-17.558,-10.872,-11.412,-20.186,-16.306,-11.254,-11.971,-13.490,-17.023,-15.953,-13.290,-15.000,-14.802,-12.497,-14.593,-15.976,-10.887,-16.891,-14.275,-14.282,-15.069,-17.783,-16.517,-10.662,-13.681,-12.840,-11.586,-6.555,-13.654,-14.071,-10.497,-7.174,-8.446,-9.072,-7.818,-6.371,-4.925,-6.406,-0.854,-9.865,-13.585,-12.841,-7.158,-13.257,-13.651,-15.302,-10.390,-13.115,-12.945,-11.465,-7.517,-15.650,-11.398,-9.681,-4.928,-13.336,-8.400,-8.839,-13.168,-14.930,-11.920,-14.394,-8.529,-7.819,-12.474,-12.264,-13.599,-10.191,-11.231,-10.252,-13.538,-9.212,-10.876,-6.745,-11.956,-15.557,-16.991,-16.068,-13.542,-17.639,-14.234,-12.881,-12.061,-11.225,-14.364,-13.663,-16.839,-13.502,-12.215,-6.008,-8.091,-13.265,-11.060,-11.760,-10.034,-10.093,-6.705,-7.111,-7.355,-5.320,-13.004,-9.541,-9.623,-12.025,-7.892,-11.072,-12.314,-14.267,-9.597,-13.352,-9.018,-11.382,-15.372,-11.957,-10.371,-11.980,-8.803,0.000,-8.743,-14.194,-9.208,-15.494,-10.182,-9.304,-9.411,-10.466,-11.689,-9.679,-10.012,-9.811,-11.262,-12.122,-13.004,-9.420,-14.224,-11.259,-13.934,-9.895,-16.509,-14.492,-12.356,-13.380,-15.304,-16.255,-9.566,-14.499,-15.248,-8.749,-12.855,-14.222,-8.309,-6.893,-14.819,-11.222,-11.088,-9.687,-10.002,-16.249,-13.103,-13.942,-14.243,-0.954,-14.025,-9.660,-8.900,-11.682,-13.672,-13.128,-13.309,-10.007,-11.003,-6.085,-7.144,-9.658,-9.995,-9.295,-7.900,-7.955,-6.882,-16.202,-7.650,-11.676,-10.137,-11.569,-12.026,-13.390,-9.643,-6.458,-10.969,-10.908,-10.039,-13.698,-13.072,-14.771,-14.390,-12.134,-12.562,-15.581,-9.019,-14.012,-11.040,-9.345,-6.998,-8.246,-10.444,-7.868,-12.746,-10.696,-7.839,-12.544,-9.937,-15.080,-5.670,-13.503,-11.125,-12.420,-8.327,-10.940,-15.145,-11.971,-6.602,-7.041,-10.628,-15.566,-10.718,-12.386,-5.412,-10.854,-9.138,-10.813,-12.767,-10.175,-11.042,-14.671,-10.224,-14.693,-12.051,-15.880,-14.320,-15.120,-16.604,-15.993,-14.231,-11.635,0.000,-10.061,-10.776,-9.397,-5.040,-11.869,-13.206,-14.509,-11.429,-11.336,-13.671,-14.772,-11.347,-14.371,-2.931,-9.157,-12.182,-8.683,0.000,-11.883,-6.959,-12.310,-12.032,-16.610,-10.490,-5.925,-15.309,-7.562,-7.666,-11.240,-11.944,-9.894,-10.517,-11.248,-14.032,-13.765,-11.294,-15.530,-11.875,-17.705,-17.116,-17.191,-15.521,-14.430,-15.179,-11.610,-9.128,-8.020,-8.699,-10.415,0.000,-8.330,-1.651,-3.126,-7.952,-10.389,-7.354,-5.633,-6.466,-5.838,-6.841,-6.026,-6.374,-6.020,-5.879,-6.144,-5.148,-5.940,-5.592,-4.934,-5.121,-5.142,-4.320,-5.378,-5.068,-4.621,-4.824,-2.963,-5.835,-4.991,-5.304,-4.391,-5.869,-4.288,-3.939,-5.081,-4.899,-5.885,-4.464,-6.091,-5.460,0.090,-5.647,-4.584,-4.608,-4.788,-5.596,-5.092,-5.488,-6.355,-4.710,-4.419,-5.240,-6.156,-5.612,-4.688,-5.512,-5.655,-5.217,0.000,-6.113,-3.853,-5.830,-6.202,-6.555,-5.534,-4.729,-5.698,-5.191,-5.892,-5.465,-6.541,-6.034,-5.084,-6.051,-5.138,-5.704,-5.614,-5.277,-5.093,-4.884,-5.970,-5.200,-4.901,-4.953,-5.257,-5.399,-4.649,-4.330,-4.655,-4.748,-4.876,-4.631,-3.408,-4.856,-2.537,-4.510,-3.891,-4.874,-4.959,-4.662,-4.652,-4.825,-4.772,-5.132,-4.933,-5.701,-5.790,-5.644,-5.067,-4.103,-5.606,-6.059,-5.738,-4.797,-5.559,-5.120,-5.297,-4.736,-4.889,-5.272,-5.385,-3.063,-4.189,-5.162,-4.724,-4.978,-4.792,-4.263,-5.211,-4.797,-4.376,-4.879,-5.677,-4.164,-5.323,-5.943,-5.022,-4.974,-5.002,-5.721,-4.471,-5.586,-4.892,-4.758,-4.514,-5.491,-4.578,-4.923,-4.410,-3.514,-3.916,-4.041,0.000,-4.683,-3.983,0.000,-4.235,-2.108,-4.707,-4.036,-3.716,-5.042,-5.605,-4.983,-7.156,-7.978,-11.078,-9.099,-10.012,-9.025,-11.485,-7.022,-10.766,-7.987,-9.515
