,M 1,R 2,E 3,I 4,A 5,E 6,I 7,L 8,P 9,A 10,Q 11,E 12,K 13,V 14,E 15,A 16,R 17,I 18,D 19,L 20,K 21,M 22,G 23,K 24,K 25,R 26,V 27,T 28,D 29,H 30,K 31,L 32,N 33,V 34,D 35,K 36,V 37,I 38,K 39,N 40,I 41,N 42,T 43,I 44,S 45,S 46,E 47,L 48,K 49,K 50,I 51,K 52,E 53,L 54,S 55,Q 56,L 57,L 58,L 59,C 60,D 61,L 62,I 63,L 64,H 65,F 66,N 67,H 68,P 69,I 70,K 71,T 72,E 73,N 74,L 75,A 76,E 77,A 78,E 79,R 80,N 81,N 82,P 83,L 84,F 85,E 86,E 87,S 88,K 89,I 90,S 91,D 92,V 93,S 94,L 95,V 96,S 97,N 98,S 99,F 100,S 101,I 102
K,-6.494,-2.127,-3.032,-3.594,-1.998,-3.103,-3.133,-3.310,-0.633,-2.067,-2.261,-3.122,0.000,-2.727,-3.033,-2.175,-2.296,-3.056,-2.467,-2.911,0.000,-1.125,-2.509,0.000,0.000,-2.547,-2.969,-2.429,-2.525,-1.761,0.000,-2.379,-3.131,-3.366,-3.144,0.000,-3.681,-3.305,0.000,-2.991,-4.255,-3.149,-2.541,-3.949,-3.060,-3.212,-3.764,-3.670,0.000,0.000,-3.241,0.000,-3.297,-2.523,-2.753,-2.475,-2.390,-2.791,-2.521,-0.580,-3.207,-3.069,-2.549,-2.733,-2.085,-2.239,-3.316,-2.000,-1.890,-3.221,0.000,-2.464,-3.295,-2.748,-3.553,-2.121,-3.533,-2.360,-2.830,-1.897,-2.973,-3.130,-1.980,-3.991,-3.127,-2.869,-3.029,-2.886,0.000,-3.045,-3.289,-2.673,-2.888,-3.323,-3.156,-2.705,-3.274,-3.092,-3.683,-2.828,-3.222,-3.057
R,-7.042,0.000,-3.893,-4.376,-2.828,-3.968,-4.076,-4.272,-1.763,-3.114,-3.140,-3.798,-4.070,-3.407,-3.609,-3.129,0.000,-3.692,-2.982,-3.769,-4.119,-1.861,-3.134,-4.139,-3.984,0.000,-3.784,-3.236,-3.312,-2.556,-4.061,-3.439,-3.766,-3.899,-4.314,-4.270,-4.369,-4.149,-4.636,-3.737,-4.769,-4.214,-3.612,-4.819,-4.002,-4.369,-4.441,-4.373,-4.598,-4.401,-3.763,-4.254,-4.201,-3.590,-3.345,-3.379,-3.608,-3.794,-3.454,-1.672,-3.796,-3.930,-3.408,-3.690,-2.943,-3.134,-3.999,-2.983,-2.836,-4.222,-4.336,-3.456,-4.135,-3.735,-4.548,-3.246,-4.486,-3.317,-3.522,0.000,-3.715,-3.784,-2.817,-4.779,-4.020,-3.688,-3.975,-3.621,-4.156,-4.160,-4.055,-3.407,-3.763,-4.141,-3.996,-3.553,-3.985,-3.602,-4.094,-3.622,-3.968,-3.852
H,-8.142,-4.453,-5.040,-5.424,-4.162,-5.084,-4.924,-5.047,-3.012,-3.826,-3.989,-4.984,-5.320,-4.604,-4.792,-4.259,-4.315,-5.047,-4.026,-4.970,-5.044,-3.169,-4.048,-5.252,-4.913,-4.520,-4.897,-4.631,-4.234,0.000,-4.501,-4.867,-4.744,-4.637,-5.323,-5.113,-4.748,-5.058,-5.481,-4.702,-5.330,-4.896,-4.388,-4.932,-4.566,-5.152,-4.728,-5.302,-5.414,-5.249,-4.387,-4.798,-4.893,-4.301,-3.652,-3.778,-4.336,-4.197,-3.870,-2.246,-4.170,-4.516,-3.890,-4.032,0.000,-3.673,-4.291,0.000,-3.261,-5.013,-4.893,-4.650,-4.989,-4.673,-5.510,-4.381,-5.318,-4.328,-4.658,-4.802,-5.076,-4.171,-3.754,-5.184,-4.839,-4.630,-4.715,-4.691,-4.973,-5.032,-5.008,-4.279,-4.381,-4.952,-4.922,-4.097,-5.037,-4.295,-4.688,-4.270,-4.920,-4.516
E,-6.697,-2.359,0.000,-3.930,-2.377,0.000,-3.755,-4.047,-0.822,-2.278,-2.723,0.000,-3.562,-2.843,0.000,-2.636,-2.406,-3.443,-2.686,-2.957,-3.092,-1.240,-2.758,-3.294,-3.351,-2.674,-3.494,-2.420,-2.640,-1.948,-3.489,-2.429,-3.066,-3.781,-2.887,-2.792,-3.828,-3.306,-2.979,-2.718,-4.589,-2.766,-2.121,-4.186,-2.989,-2.882,0.000,-3.610,-3.256,-3.079,-2.871,-3.256,0.000,-2.175,-2.708,-2.407,-2.491,-2.708,-2.587,-0.478,-3.313,-3.050,-2.546,-2.822,-2.259,-2.284,-3.431,-2.212,-2.063,-3.028,-3.587,-2.674,0.000,-2.555,-3.755,-2.350,0.000,-2.367,0.000,-2.522,-3.232,-3.586,-2.507,-3.985,-3.453,0.000,0.000,-3.042,-3.267,-3.427,-3.299,-3.014,-2.979,-3.412,-3.141,-3.166,-3.493,-3.366,-3.937,-3.001,-3.647,-3.588
D,-7.216,-2.721,-3.983,-4.623,-3.008,-3.908,-4.300,-4.241,-1.583,-2.909,-2.956,-4.105,-4.222,-3.591,-3.909,-3.496,-3.181,-4.156,0.000,-4.034,-3.999,-1.500,-3.172,-3.772,-3.980,-3.284,-4.139,-3.277,0.000,-2.514,-3.814,-3.377,-3.076,-4.227,0.000,-3.393,-4.269,-4.139,-3.882,-3.198,-5.255,-3.250,-2.859,-4.328,-3.470,-3.327,-3.428,-4.101,-3.854,-3.830,-3.243,-3.348,-3.750,-2.534,-3.075,-2.300,-2.743,-2.614,-2.662,-0.418,0.000,-3.250,-2.795,-3.014,-2.249,-3.107,-3.473,-2.553,-2.841,-3.784,-3.806,-3.446,-4.030,-3.183,-4.440,-3.079,-4.186,-3.212,-4.151,-3.517,-3.959,-3.878,-2.983,-4.033,-4.080,-3.583,-3.632,-3.728,-3.623,-3.753,-3.769,0.000,-3.082,-3.783,-3.392,-3.210,-3.818,-3.389,-3.819,-3.252,-4.021,-3.756
N,-7.048,-2.604,-3.652,-4.132,-2.671,-3.733,-3.674,-3.932,-1.565,-2.471,-2.817,-3.795,-4.038,-3.335,-3.622,-2.978,-3.066,-3.945,-2.964,-3.976,-3.970,-1.473,-2.968,-3.815,-3.940,-3.127,-3.714,-3.276,-3.243,-2.319,-3.722,-3.100,0.000,-3.986,-3.622,-3.801,-3.855,-3.639,-3.875,0.000,-4.641,0.000,-3.093,-4.096,-3.238,-3.466,-3.619,-3.853,-3.746,-3.657,-3.065,-3.426,-3.498,-2.561,-2.555,-2.463,-2.705,-2.808,-2.608,-0.608,-3.367,-3.372,-2.722,-2.899,-2.303,-2.808,0.000,-2.249,-2.552,-3.764,-3.548,-3.260,-3.848,0.000,-4.161,-2.777,-4.004,-2.885,-3.669,-2.981,0.000,0.000,-2.639,-3.942,-3.638,-3.410,-3.219,-3.326,-3.693,-3.411,-3.701,-3.117,-2.959,-3.636,-3.477,-2.818,-3.603,0.000,-3.615,-3.040,-3.648,-3.379
Q,-7.437,-3.338,-4.259,-4.536,-3.065,-4.280,-4.247,-4.427,-1.936,-3.114,0.000,-4.091,-4.469,-3.713,-3.933,-3.431,-3.453,-4.276,-3.387,-4.075,-4.369,-2.443,-3.312,-4.394,-4.152,-3.644,-4.303,-3.635,-3.510,-2.705,-3.956,-3.700,-3.969,-4.166,-4.033,-3.964,-4.348,-4.006,-4.200,-3.719,-4.629,-3.917,-3.282,-4.505,-3.811,-4.023,-4.150,-4.359,-4.291,-4.229,-3.505,-4.066,-4.289,-3.242,-3.127,0.000,-3.292,-3.634,-3.349,-1.423,-3.713,-3.977,-3.282,-3.719,-3.053,-2.818,-3.923,-2.700,-2.502,-3.995,-4.299,-3.637,-4.226,-3.628,-4.361,-3.395,-4.362,-3.389,-3.873,-3.620,-4.006,-3.992,-2.986,-4.803,-4.068,-3.818,-4.068,-3.988,-4.128,-4.304,-4.340,-3.510,-3.776,-4.355,-4.043,-3.719,-4.338,-3.955,-4.393,-3.713,-4.223,-4.064
T,-6.996,-2.869,-3.897,-4.163,-3.200,-4.081,-3.954,-3.925,-1.831,-2.971,-2.872,-3.776,-4.073,-3.409,-3.650,-3.327,-3.111,-4.112,-2.966,-4.014,-4.037,-1.469,-3.027,-4.226,-3.888,-2.721,-3.766,0.000,-3.037,-2.068,-3.790,-3.563,-3.605,-3.767,-4.189,-4.017,-3.691,-3.951,-4.392,-3.818,-4.548,-4.156,0.000,-4.186,-3.778,-3.907,-4.373,-4.170,-4.310,-4.144,-3.685,-4.118,-3.915,-3.299,-3.837,-3.133,-3.213,-3.285,-3.476,-1.409,-3.816,-3.719,-3.325,-3.547,-2.768,-3.097,-3.790,-2.532,-2.641,-3.861,-3.192,0.000,-3.995,-3.446,-4.202,-2.214,-4.209,-3.254,-3.565,-3.429,-3.968,-3.579,-3.009,-4.539,-3.645,-3.650,-3.683,-3.582,-3.884,-3.855,-3.907,-3.163,-3.309,-3.964,-3.720,-3.225,-3.964,-3.526,-3.996,-3.280,-3.994,-3.915
S,-6.766,-2.145,-3.624,-4.141,-2.717,-3.597,-3.763,-3.764,-1.378,-2.631,-2.695,-3.576,-4.012,-3.342,-3.455,-3.117,-2.878,-3.868,-2.728,-3.485,-3.687,-1.594,-2.900,-3.915,-3.798,-2.846,-3.614,-3.043,-2.996,-1.927,-3.470,-3.336,-3.367,-3.614,-3.613,-3.600,-3.795,-3.748,-3.698,-3.507,-4.423,-3.529,-2.761,-3.959,0.000,0.000,-3.649,-3.980,-3.845,-3.828,-3.395,-3.513,-3.563,-2.861,0.000,-2.512,-2.808,-2.609,-2.806,-0.848,-3.080,-3.191,-2.751,-2.899,-2.173,-2.534,-3.193,-2.132,-2.165,-3.504,-2.963,-3.203,-3.603,-3.329,-3.863,-2.031,-3.848,-2.953,-3.468,-3.097,-3.603,-3.075,-2.325,-3.832,-3.187,-2.984,-3.277,0.000,-3.289,-3.398,0.000,-2.583,-2.559,0.000,-2.949,-2.526,0.000,-2.693,0.000,-2.519,0.000,-3.200
C,-8.233,-4.869,-5.572,-5.839,-4.617,-5.705,-5.527,-5.648,-3.762,-4.685,-4.060,-5.265,-5.660,-5.176,-4.943,-4.936,-4.709,-5.739,-4.511,-5.672,-5.368,-3.851,-4.666,-5.759,-5.369,-5.000,-5.468,-5.273,-4.448,-3.220,-5.040,-5.731,-5.481,-5.215,-6.198,-5.921,-5.044,-5.553,-6.299,-5.630,-5.706,-6.011,-5.260,-5.660,-5.261,-5.833,-5.540,-5.636,-6.162,-6.240,-5.482,-5.713,-5.489,-5.204,-5.069,-4.446,-5.109,-5.143,-4.863,0.000,-4.589,-5.111,-4.513,-4.793,-3.965,-3.982,-4.743,-3.851,-3.732,-5.438,-5.191,-4.921,-5.400,-5.190,-5.810,-4.623,-5.628,-4.661,-4.391,-5.269,-5.497,-4.511,-4.560,-5.684,-5.153,-4.905,-5.116,-4.733,-5.185,-5.535,-5.199,-4.463,-4.477,-5.127,-5.245,-4.444,-5.023,-4.466,-4.985,-4.492,-5.024,-4.741
G,-7.321,-3.340,-4.406,-4.602,-3.437,-4.278,-4.545,-5.043,-2.608,-3.315,-2.757,-3.917,-4.391,-3.575,-4.100,-3.543,-3.528,-4.227,-3.503,-4.016,-4.399,-2.283,0.000,-4.225,-4.117,-3.735,-4.228,-3.885,-3.658,-2.430,-4.082,-4.054,-4.495,-4.609,-4.459,-4.588,-4.852,-4.802,-4.820,-4.388,-4.934,-4.503,-3.906,-4.796,-4.589,-4.137,-4.723,-4.591,-4.720,-4.584,-3.834,-4.550,-4.304,-3.672,-4.286,-3.117,-3.560,-3.615,-2.857,-1.627,-3.992,-3.667,-3.276,-3.830,-3.154,-3.138,-3.852,-3.144,-3.176,-4.257,-4.455,-3.771,-4.013,-4.275,-4.773,-3.744,-4.784,-3.861,-4.473,-3.956,-4.399,-4.517,-3.509,-4.832,-4.289,-3.984,-4.088,-3.793,-4.048,-4.448,-4.141,-3.487,-3.774,-4.381,-3.962,-3.752,-4.159,-3.673,-4.216,-3.677,-4.156,-4.171
A,-6.813,-2.542,-4.173,-4.171,0.000,-4.076,-3.946,-4.494,-1.597,0.000,-2.857,-3.614,-4.040,-3.272,-3.571,0.000,-3.184,-3.976,-2.858,-3.769,-3.356,-2.158,-2.557,-4.290,-3.817,-3.298,-3.806,-3.271,-3.099,-1.768,-4.067,-3.536,-3.670,-3.823,-4.193,-4.074,-3.271,-4.129,-4.289,-4.037,-4.424,-4.432,-3.581,-4.313,-4.274,-4.119,-4.710,-4.305,-4.504,-4.511,-3.957,-4.402,-4.323,-3.693,-4.248,-3.454,-3.734,-3.813,-3.707,-1.681,-3.979,-3.993,-3.490,-3.687,-2.899,-3.195,-4.099,-2.957,-2.587,-4.178,-4.211,-3.329,-4.110,-3.437,-4.470,0.000,-4.401,0.000,-3.271,-3.444,-4.105,-3.676,-3.052,-4.516,-3.777,-3.920,-3.796,-3.472,-4.142,-4.244,-4.239,-3.407,-3.621,-4.334,-4.052,-3.596,-4.310,-3.767,-4.479,-3.712,-4.468,-4.060
V,-6.509,-3.223,-4.225,-3.957,-3.285,-4.325,-4.022,-4.193,-2.136,-3.145,-2.037,-3.569,-3.753,0.000,-3.345,-3.134,-2.841,-3.821,-3.067,-3.863,-3.592,-2.098,-2.451,-3.928,-3.445,-2.853,0.000,-3.237,-2.388,-1.391,-3.736,-3.609,-3.663,0.000,-4.502,-4.351,0.000,-3.786,-5.060,-4.341,-4.151,-4.672,-3.785,-4.028,-4.069,-4.370,-4.774,-4.186,-4.663,-4.685,-3.951,-4.373,-4.224,-3.913,-4.020,-3.439,-3.716,-4.033,-3.933,-1.990,-3.938,-3.936,-3.681,-3.774,-2.867,-3.276,-3.959,-2.666,-2.479,-3.787,-3.990,-3.062,-3.794,-3.219,-4.078,-3.061,-4.058,-2.830,-2.381,-3.415,-3.776,-3.548,-3.098,-4.259,-3.568,-3.673,-3.494,-3.205,-3.740,-3.963,-3.865,-3.176,0.000,-3.936,-3.821,0.000,-3.959,-3.373,-4.143,-3.371,-4.152,-3.781
L,-5.351,-2.962,-3.614,-3.240,-2.550,-3.831,-3.135,0.000,-1.386,-2.389,-0.975,-3.096,-3.162,-2.372,-2.408,-2.659,-2.095,-3.232,-2.288,0.000,-2.310,-1.636,-1.084,-3.033,-2.897,-2.403,-2.623,-2.858,-1.946,-0.406,-3.026,0.000,-3.083,-2.723,-3.861,-3.731,-2.617,-3.209,-4.409,-3.701,-3.070,-4.094,-2.973,-3.169,-3.420,-3.808,-3.951,0.000,-4.106,-4.321,-3.273,-3.908,-3.732,0.000,-3.136,-2.858,0.000,0.000,0.000,-1.597,-2.871,0.000,-3.145,0.000,-2.073,-2.398,-3.160,-1.765,-1.304,-3.217,-3.254,-2.510,-3.089,-2.603,0.000,-2.249,-3.408,-1.829,-1.397,-2.663,-2.840,-2.273,-2.176,0.000,-2.815,-2.971,-2.888,-2.235,-2.989,-3.494,-3.396,-2.122,-2.592,-3.409,0.000,-2.616,-3.134,-2.779,-3.185,-2.746,-3.278,-3.174
I,-6.066,-3.028,-3.706,0.000,-2.746,-4.053,0.000,-3.550,-1.713,-2.629,-1.005,-3.145,-3.214,-2.456,-2.735,-2.582,-2.270,0.000,-2.585,-3.526,-2.991,-1.618,-1.586,-3.319,-2.933,-2.253,-2.619,-2.903,-1.904,-0.716,-3.281,-3.115,-3.308,-2.788,-4.255,-4.183,-2.681,0.000,-4.887,-3.793,0.000,-4.363,-3.355,0.000,-3.442,-4.090,-4.244,-3.521,-4.270,-4.297,0.000,-3.928,-3.732,-3.407,-3.388,-3.126,-3.402,-3.672,-3.606,-1.808,-3.388,-3.598,0.000,-3.492,-2.403,-2.833,-3.421,-1.965,-1.871,0.000,-3.490,-2.520,-3.118,-2.595,-3.390,-2.359,-3.546,-1.817,-1.420,-2.612,-2.995,-2.559,-2.386,-3.824,-3.099,-3.171,-2.882,-2.430,-3.276,0.000,-3.412,-2.614,-2.690,-3.563,-3.458,-2.710,-3.426,-3.045,-3.415,-2.938,-3.588,0.000
M,0.000,-4.683,-5.436,-5.047,-4.483,-5.561,-4.958,-5.470,-3.347,-4.357,-3.043,-4.697,-4.972,-4.077,-4.262,-4.281,-3.924,-4.928,-4.085,-5.136,-4.373,0.000,-3.124,-4.849,-4.604,-3.857,-4.473,-4.566,-3.955,-2.496,-5.082,-4.808,-4.660,-4.619,-5.493,-5.423,-4.336,-4.842,-6.184,-5.045,-5.016,-5.830,-5.083,-5.046,-5.413,-5.751,-5.731,-4.779,-5.745,-5.702,-4.572,-5.657,-5.260,-4.753,-4.889,-4.627,-4.741,-4.999,-5.002,-3.029,-4.869,-5.011,-4.690,-5.121,-4.009,-4.359,-5.125,-3.766,-3.478,-5.054,-5.232,-4.051,-4.682,-4.316,-5.258,-4.227,-5.143,-3.680,-3.467,-4.371,-4.706,-4.358,-4.235,-5.607,-4.828,-4.791,-4.621,-3.910,-4.977,-5.182,-5.239,-4.213,-4.719,-5.357,-5.065,-4.672,-5.034,-4.873,-5.350,-4.795,-5.232,-5.139
P,-7.744,-3.363,-4.753,-5.008,-3.828,-4.547,-4.936,-4.674,0.000,-3.318,-3.431,-4.281,-4.893,-4.109,-4.397,-4.215,-3.974,-4.753,-3.998,-4.605,-4.693,-2.904,-4.023,-5.417,-4.873,-3.926,-4.553,-4.393,-3.933,-2.884,-4.323,-4.758,-4.476,-3.952,-4.801,-5.643,-5.624,-5.772,-5.683,-5.792,-5.449,-4.662,-4.983,-5.141,-4.850,-4.425,-5.041,-5.059,-4.615,-5.028,-4.555,-3.882,-4.263,-4.269,-3.985,-2.940,-3.684,-3.259,-3.583,-1.448,-3.923,-3.920,-3.451,-3.884,-3.043,-3.062,-3.845,-2.643,0.000,-4.200,-4.029,-3.371,-4.425,-4.465,-4.521,-3.238,-4.588,-3.893,-4.512,-4.176,-4.875,-4.138,0.000,-4.953,-3.612,-4.015,-4.179,-4.054,-4.121,-4.451,-4.166,-3.569,-3.743,-4.242,-4.191,-3.506,-4.445,-3.644,-4.059,-3.588,-4.510,-4.393
Y,-7.299,-4.337,-4.718,-4.685,-3.581,-4.879,-4.405,-4.629,-2.797,-3.402,-3.222,-4.383,-4.536,-3.950,-4.094,-3.668,-3.230,-4.245,-3.345,-4.274,-4.157,-2.594,-3.208,-4.519,-3.975,-3.482,-3.893,-3.838,-3.406,-2.033,-3.983,-4.436,-4.252,-3.941,-5.165,-4.757,-4.085,-4.558,-5.615,-4.667,-4.493,-4.969,-4.080,-4.648,-4.286,-5.039,-4.649,-4.828,-5.369,-5.275,-4.335,-4.796,-4.608,-4.142,-3.910,-3.619,-4.266,-4.220,-3.931,-2.307,-3.705,-4.116,-3.920,-3.995,-3.064,-3.546,-3.990,-3.008,-2.636,-4.439,-4.407,-3.663,-4.260,-3.983,-4.796,-3.667,-4.559,-2.989,-3.233,-4.273,-4.417,-3.668,-3.289,-4.424,-4.133,-3.984,-4.102,-3.650,-4.479,-4.506,-4.347,-3.745,-3.690,-4.329,-4.506,-3.695,-4.383,-3.921,-4.073,-3.981,-4.198,-4.257
F,-7.111,-3.852,-4.339,-4.321,-3.366,-4.485,-4.124,-4.255,-2.520,-3.186,-2.469,-3.959,-4.093,-3.711,-3.474,-3.415,-2.821,-4.100,-3.065,-3.936,-3.754,-2.406,-2.536,-4.100,-3.898,-3.222,-3.564,-3.458,-2.671,-1.610,-3.734,-4.195,-3.873,-3.589,-4.832,-4.422,-3.742,-4.435,-5.291,-4.763,-4.148,-4.915,-3.736,-4.309,-4.338,-4.677,-4.610,-4.654,-5.145,-5.191,-4.490,-4.780,-4.395,-4.157,-4.152,-3.327,-4.142,-4.228,-3.945,-2.251,-3.348,-4.060,-3.869,-3.888,-2.824,0.000,-3.787,-2.681,-2.275,-4.078,-3.799,-3.265,-3.834,-3.570,-4.255,-3.069,-4.023,-2.496,-2.509,-3.557,-3.974,-3.212,-2.965,-3.929,0.000,-3.373,-3.482,-3.188,-3.660,-4.169,-3.872,-2.965,-2.965,-3.725,-3.779,-2.998,-3.791,-3.150,-3.730,0.000,-3.718,-3.494
W,-9.114,-5.768,-6.073,-6.105,-5.087,-6.252,-5.992,-6.476,-4.377,-5.100,-4.638,-5.652,-5.722,-5.413,-5.425,-5.254,-4.572,-5.942,-4.736,-5.608,-5.303,-4.354,-4.484,-5.791,-5.548,-4.714,-5.207,-5.235,-4.937,-3.625,-5.704,-6.070,-5.772,-5.425,-6.676,-6.283,-5.673,-6.159,-7.186,-6.460,-6.019,-6.809,-5.881,-6.561,-6.556,-6.857,-6.619,-6.444,-6.997,-6.987,-6.111,-6.790,-6.283,-6.187,-6.115,-5.416,-5.981,-6.102,-5.901,-4.220,-5.360,-6.006,-5.781,-5.872,-4.908,-5.331,-5.789,-4.866,-4.343,-5.857,-5.867,-4.530,-5.669,-5.177,-5.735,-5.015,-5.527,-4.092,-4.597,-5.482,-5.787,-5.357,-4.735,-6.288,-5.293,-5.212,-5.453,-4.997,-5.735,-6.069,-5.847,-4.925,-5.108,-5.880,-5.902,-5.328,-5.704,-5.567,-5.728,-5.546,-5.501,-5.753
