,M 1,E 2,E 3,Q 4,P 5,E 6,C 7,R 8,E 9,E 10,K 11,R 12,G 13,S 14,L 15,H 16,V 17,W 18,K 19,S 20,E 21,L 22,V 23,E 24,V 25,E 26,D 27,D 28,V 29,Y 30,L 31,R 32,H 33,S 34,S 35,S 36,L 37,T 38,Y 39,R 40,L 41
K,-7.196,-3.639,-3.298,-2.645,-2.222,-3.504,-1.083,-3.328,-3.383,-3.416,0.000,-3.398,-3.111,-3.450,-3.805,-2.381,-3.698,-2.149,0.000,-3.277,-3.529,-3.392,-3.485,-3.780,-3.359,-3.801,-3.284,-3.488,-3.879,-2.741,-4.050,-3.597,-2.817,-4.380,-4.264,-4.292,-3.946,-3.591,-2.794,-3.744,-3.783
R,-7.024,-3.600,-3.357,-2.802,-2.102,-3.105,-1.309,0.000,-3.111,-3.032,-2.951,0.000,-2.940,-3.137,-3.464,-2.120,-3.073,-2.038,-2.996,-3.054,-3.139,-3.383,-3.419,-3.601,-3.444,-3.705,-3.203,-3.169,-3.430,-2.315,-3.558,0.000,-2.447,-3.637,-3.719,-3.760,-3.614,-3.042,-2.314,0.000,-3.408
H,-8.489,-4.698,-4.378,-3.883,-3.790,-4.241,-2.857,-4.556,-4.671,-4.837,-4.433,-4.380,-4.211,-4.410,-4.636,0.000,-4.103,-3.260,-4.124,-4.379,-4.106,-4.568,-4.650,-4.423,-4.687,-4.543,-4.389,-4.172,-4.344,-3.135,-4.371,-3.725,0.000,-4.415,-4.471,-4.502,-4.344,-3.707,-3.164,-3.954,-4.425
E,-6.173,0.000,0.000,-2.498,-1.725,0.000,-0.839,-2.849,0.000,0.000,-3.058,-3.131,-3.284,-3.396,-3.620,-2.214,-3.530,-1.823,-3.335,-2.822,0.000,-2.942,-2.945,0.000,-2.732,0.000,-2.890,-3.081,-3.317,-2.389,-3.904,-3.747,-3.009,-4.334,-4.296,-4.310,-4.030,-3.693,-2.800,-3.921,-4.074
D,-7.375,-4.049,-4.107,-3.213,-2.790,-3.860,-1.967,-3.495,-4.012,-4.304,-3.806,-3.476,-3.812,-3.784,-3.998,-2.752,-3.854,-2.522,-3.588,-3.373,-3.616,-3.555,-3.653,-3.718,-3.374,-3.444,0.000,0.000,-3.570,-2.722,-4.206,-3.759,-3.038,-4.336,-4.337,-4.350,-4.160,-3.774,-3.051,-3.994,-4.274
N,-8.120,-4.215,-3.823,-3.167,-3.202,-4.050,-2.140,-4.127,-4.127,-4.294,-4.132,-3.902,-3.870,-3.965,-4.399,-3.175,-4.243,-2.954,-3.777,-3.804,-3.879,-4.110,-4.305,-4.201,-4.017,-4.073,-3.843,-3.954,-4.266,-3.208,-4.464,-3.852,-3.136,-4.486,-4.406,-4.336,-4.155,-3.779,-3.105,-3.903,-4.154
Q,-7.490,-4.059,-3.725,0.000,-2.841,-3.862,-1.868,-3.865,-4.059,-4.142,-3.807,-4.018,-3.840,-4.074,-4.398,-2.793,-3.807,-2.629,-3.810,-3.803,-3.903,-4.074,-3.989,-4.115,-4.050,-4.266,-3.880,-3.839,-4.141,-2.887,-4.238,-3.762,-3.278,-4.376,-4.411,-4.503,-4.232,-3.673,-2.957,-3.952,-4.241
T,-7.630,-3.775,-3.781,-2.958,-3.054,-3.601,-2.007,-3.833,-3.889,-3.937,-3.790,-3.754,-3.568,-3.888,-4.186,-2.697,-3.804,-2.509,-3.402,-3.585,-3.595,-3.795,-4.060,-3.868,-3.881,-3.844,-3.645,-3.463,-3.835,-2.712,-4.075,-3.452,-2.724,-3.981,-3.969,-3.889,-3.646,0.000,-2.618,-3.515,-3.899
S,-7.174,-3.457,-3.421,-2.800,-2.693,-2.994,-1.737,-3.269,-3.492,-3.656,-3.397,-3.350,-3.002,0.000,-3.390,-2.136,-3.169,-2.031,-2.887,0.000,-2.935,-3.584,-3.578,-3.442,-3.565,-3.420,-3.327,-3.070,-3.340,-2.171,-3.549,-2.850,-2.015,0.000,0.000,0.000,-3.031,-2.731,-2.053,-2.948,-3.359
C,-8.224,-4.886,-4.630,-3.718,-3.730,-4.092,0.000,-4.535,-4.518,-4.499,-4.351,-4.558,-4.324,-4.371,-4.478,-3.406,-4.131,-3.287,-4.034,-4.462,-4.048,-4.794,-4.839,-4.537,-4.851,-4.554,-4.559,-4.191,-4.506,-3.307,-4.535,-4.004,-3.320,-4.373,-4.588,-4.618,-4.521,-3.890,-3.302,-4.223,-4.461
G,-7.025,-3.763,-3.711,-3.088,-2.357,-3.292,-1.591,-3.325,-3.514,-3.476,-3.221,-3.469,0.000,-3.393,-3.452,-2.455,-3.164,-2.028,-3.236,-2.943,-3.166,-3.405,-3.525,-3.657,-3.280,-3.403,-2.952,-2.846,-3.181,-2.539,-3.725,-3.676,-2.757,-3.797,-3.959,-3.986,-3.777,-3.388,-2.709,-3.730,-3.799
A,-7.147,-3.368,-3.738,-2.921,-2.701,-3.415,-1.830,-3.610,-3.725,-3.716,-3.429,-3.612,-3.491,-3.693,-4.028,-2.485,-3.578,-2.347,-3.315,-3.330,-3.417,-3.468,-3.656,-3.603,-3.584,-3.664,-3.322,-3.184,-3.572,-2.496,-4.024,-3.559,-2.725,-3.979,-4.029,-4.070,-3.864,-3.363,-2.647,-3.733,-3.983
V,-6.733,-3.582,-3.586,-2.609,-2.348,-3.264,-1.649,-3.160,-3.558,-3.570,-3.280,-3.509,-3.356,-3.427,-3.586,-2.312,0.000,-2.186,-3.196,-3.077,-3.141,-3.165,0.000,-3.234,0.000,-3.306,-2.932,-2.983,0.000,-2.209,-3.756,-3.285,-2.509,-3.814,-3.865,-3.921,-3.758,-3.219,-2.523,-3.593,-3.823
L,-6.087,-3.381,-3.185,-2.370,-2.346,-2.939,-1.500,-2.980,-3.268,-3.306,-2.955,-3.240,-3.003,-3.075,0.000,-2.021,-2.912,-1.886,-2.734,-3.009,-2.817,0.000,-3.185,-3.174,-3.274,-3.195,-3.043,-2.886,-3.083,-1.932,0.000,-2.544,-1.989,-3.183,-3.258,-3.285,0.000,-2.530,-1.969,-2.797,0.000
I,-7.713,-4.105,-3.699,-2.771,-2.969,-3.599,-1.954,-3.685,-3.847,-3.848,-3.694,-3.758,-3.493,-3.659,-3.990,-2.828,-3.737,-2.654,-3.411,-3.619,-3.533,-3.798,-3.912,-3.842,-3.842,-3.849,-3.669,-3.514,-3.668,-2.702,-3.991,-3.369,-2.647,-3.923,-3.948,-3.900,-3.886,-3.196,-2.790,-3.484,-3.910
M,0.000,-4.698,-4.520,-3.585,-3.448,-4.716,-2.746,-4.442,-4.538,-4.385,-4.303,-4.573,-4.433,-4.607,-5.020,-3.519,-4.794,-3.297,-4.272,-4.084,-4.420,-4.442,-4.565,-4.669,-4.423,-4.576,-4.119,-4.282,-4.802,-3.620,-4.984,-4.416,-3.750,-5.141,-5.151,-5.038,-4.908,-4.373,-3.653,-4.568,-4.900
P,-7.615,-3.942,-4.124,-3.464,0.000,-3.587,-2.304,-3.844,-4.033,-4.289,-4.074,-3.994,-3.841,-4.202,-4.357,-2.668,-3.697,-2.622,-3.574,-3.715,-3.737,-4.130,-3.997,-4.038,-4.272,-3.930,-3.841,-3.654,-3.848,-2.687,-4.262,-3.473,-2.793,-3.888,-3.977,-4.015,-3.930,-3.262,-2.663,-3.652,-4.037
Y,-8.383,-4.895,-4.502,-3.832,-3.828,-4.339,-2.925,-4.471,-4.627,-4.829,-4.565,-4.318,-4.312,-4.306,-4.650,-3.396,-4.285,-3.216,-4.286,-4.286,-4.170,-4.630,-4.746,-4.471,-4.652,-4.521,-4.427,-4.174,-4.368,0.000,-4.446,-3.790,-3.353,-4.452,-4.468,-4.455,-4.332,-3.752,0.000,-3.943,-4.468
F,-8.213,-4.504,-4.129,-3.316,-3.545,-3.660,-2.647,-3.849,-4.238,-4.558,-4.190,-4.179,-3.920,-3.817,-4.004,-2.883,-3.642,-2.935,-3.583,-4.181,-3.490,-4.322,-4.232,-3.950,-4.373,-4.022,-4.027,-3.684,-3.821,-2.796,-4.100,-3.323,-2.697,-3.875,-3.998,-3.984,-3.945,-3.177,-2.802,-3.494,-4.132
W,-8.522,-5.173,-4.833,-4.155,-3.811,-4.427,-2.870,-4.626,-4.667,-4.354,-4.320,-5.022,-4.440,-4.414,-4.841,-3.644,-4.415,0.000,-4.447,-4.519,-4.409,-4.846,-5.008,-5.116,-5.007,-5.116,-4.802,-4.637,-4.911,-3.726,-5.016,-4.744,-3.998,-5.132,-5.263,-5.211,-5.150,-4.537,-3.770,-4.848,-5.059
