,M 1,I 2,S 3,S 4,V 5,K 6,L 7,N 8,L 9,I 10,L 11,V 12,L 13,S 14,L 15,S 16,T 17,M 18,H 19,V 20,F 21,W 22,C 23,Y 24,P 25,V 26,P 27,S 28,S 29,K 30,V 31,S 32,G 33,K 34,S 35,D 36,Y 37,F 38,L 39,I 40,L 41,L 42,N 43,S 44,C 45,P 46,T 47,R 48,L 49,D 50,R 51,S 52,K 53,E 54,L 55,A 56,F 57,L 58,K 59,P 60,I 61,L 62,E 63,K 64,M 65,F 66,V 67,K 68,R 69,S 70,F 71,R 72,N 73,G 74,V 75,G 76,T 77,G 78,M 79,K 80,K 81,T 82,S 83,F 84,Q 85,R 86,A 87,K 88,S 89
K,-8.806,-2.903,-4.496,-4.212,-3.266,0.000,-4.335,-3.125,-4.858,-4.521,-5.113,-4.337,-5.229,-4.663,-5.529,-4.213,-3.731,-2.854,-2.804,-3.948,-3.857,-1.956,-2.969,-2.710,-3.696,-3.733,-3.186,-3.853,-3.745,0.000,-2.999,-3.875,-2.889,0.000,-3.526,-2.972,-2.589,-3.045,-3.333,-2.313,-3.809,-3.324,-2.958,-3.712,-1.673,-2.526,-2.830,-2.932,-3.210,-2.074,-3.138,-3.154,0.000,-2.804,-3.259,-2.970,-2.581,-4.190,0.000,-2.018,-3.374,-4.158,-3.041,0.000,-2.175,-2.266,-2.841,0.000,-2.955,-3.693,-2.686,-3.323,-3.093,-3.187,-2.796,-2.702,-2.618,-2.774,-1.754,0.000,0.000,-2.928,-3.753,-3.010,-2.850,-2.795,-2.059,0.000,-2.993
R,-9.276,-3.591,-4.490,-4.509,-3.407,-3.586,-4.374,-3.272,-4.675,-4.638,-5.118,-4.580,-5.265,-4.941,-5.535,-4.542,-3.837,-2.889,-3.012,-3.606,-3.590,-1.927,-3.101,-2.341,-3.585,-3.805,-3.392,-3.991,-3.781,-3.526,-3.100,-4.170,-3.072,-3.665,-3.269,-3.201,-2.590,-3.129,-3.481,-2.664,-3.866,-3.496,-3.276,-3.657,-1.917,-2.748,-3.098,0.000,-3.524,-2.546,0.000,-3.393,-3.596,-2.743,-3.701,-3.286,-2.977,-4.135,-3.571,-2.562,-3.658,-4.128,-3.315,-3.867,-1.550,-2.681,-2.826,-3.508,0.000,-3.644,-2.856,0.000,-3.159,-3.046,-3.058,-2.969,-2.841,-3.005,-1.904,-3.423,-3.267,-1.865,-3.362,-3.153,-2.829,0.000,-2.296,-3.471,-3.298
H,-10.554,-4.396,-5.073,-5.278,-4.567,-4.157,-5.541,-3.591,-5.677,-5.101,-5.792,-4.931,-5.804,-4.919,-6.100,-4.948,-4.482,-3.276,0.000,-3.984,-4.084,-1.773,-3.757,-3.382,-4.315,-4.499,-4.052,-4.851,-4.844,-4.390,-4.175,-4.745,-4.187,-4.457,-4.790,-3.972,-3.307,-3.763,-4.304,-3.191,-4.471,-4.577,-4.132,-4.333,-2.703,-3.923,-4.035,-3.930,-4.604,-3.535,-4.019,-4.731,-4.555,-3.989,-4.822,-3.974,-3.970,-5.104,-4.454,-4.018,-4.222,-4.992,-4.564,-5.261,-2.947,-3.806,-4.067,-4.680,-4.459,-4.666,-4.017,-4.547,-4.297,-4.214,-4.057,-4.266,-4.059,-4.520,-3.450,-5.077,-4.922,-4.113,-4.642,-4.156,-3.906,-4.400,-3.903,-4.533,-4.333
E,-9.324,-3.695,-5.396,-5.065,-3.993,-4.546,-5.201,-4.104,-5.249,-5.131,-5.475,-5.031,-5.718,-5.256,-6.111,-4.592,-4.161,-3.222,-2.869,-4.052,-4.159,-1.766,-3.302,-3.189,-3.794,-4.262,-3.393,-4.039,-3.806,-3.442,-3.427,-3.927,-3.018,-3.664,-3.572,-3.473,-2.303,-2.787,-3.387,-2.567,-4.149,-3.621,-3.597,-3.897,-2.032,-3.032,-3.086,-3.097,-3.360,-2.785,-3.369,-3.126,-3.414,0.000,-3.432,-3.059,-2.829,-4.329,-3.794,-2.580,-3.624,-4.333,0.000,-3.727,-2.455,-2.839,-2.951,-3.739,-3.444,-4.113,-3.313,-3.510,-3.717,-3.572,-3.405,-3.356,-3.284,-3.402,-2.336,-3.707,-3.931,-3.607,-4.223,-3.682,-3.381,-3.473,-3.017,-3.914,-3.819
D,-9.896,-3.869,-5.495,-5.387,-4.624,-4.701,-5.647,-4.622,-5.642,-5.161,-5.671,-5.139,-5.738,-5.583,-6.154,-5.348,-4.801,-3.409,-3.139,-4.306,-4.314,-2.091,-3.563,-3.392,-4.145,-4.452,-3.367,-4.202,-4.244,-3.633,-3.583,-3.995,-3.472,-3.648,-3.818,0.000,-2.122,-2.686,-3.342,-2.605,-3.437,-3.826,-3.641,-3.807,-2.015,-3.466,-3.463,-3.231,-3.885,0.000,-3.498,-3.873,-3.957,-3.504,-3.835,-3.256,-3.299,-4.707,-4.049,-3.025,-3.934,-4.609,-4.028,-4.367,-2.611,-3.249,-3.890,-4.177,-3.779,-4.172,-3.602,-4.196,-3.838,-3.855,-3.540,-3.856,-3.563,-3.972,-2.991,-4.525,-4.521,-3.912,-4.288,-3.988,-3.809,-3.991,-3.703,-4.247,-4.190
N,-9.683,-3.371,-4.513,-4.428,-3.800,-3.712,-4.754,0.000,-5.294,-4.674,-5.370,-4.519,-5.327,-4.663,-5.585,-4.485,-3.995,-2.771,-2.702,-3.893,-3.306,-1.593,-3.026,-2.686,-4.012,-3.970,-3.452,-4.093,-4.140,-3.710,-3.254,-3.836,-3.398,-3.433,-3.708,-3.211,-2.599,-3.048,-3.611,-2.556,-3.702,-3.806,0.000,-3.808,-2.023,-3.199,-3.258,-3.154,-3.646,-2.968,-3.374,-3.706,-3.942,-3.050,-3.507,-3.175,-3.240,-4.679,-3.872,-2.716,-3.630,-4.586,-3.847,-4.078,-2.323,-2.725,-3.774,-4.053,-3.321,-3.849,-3.413,-4.131,0.000,-3.659,-2.949,-3.488,-2.910,-3.532,-2.527,-4.187,-3.952,-3.451,-3.956,-3.611,-3.571,-3.346,-2.846,-3.723,-3.398
Q,-9.704,-4.058,-4.766,-4.765,-3.829,-3.995,-5.001,-3.364,-5.054,-4.922,-5.376,-4.736,-5.677,-4.745,-5.906,-4.173,-3.807,-3.005,-2.840,-3.581,-3.972,-1.680,-3.190,-3.109,-3.687,-4.117,-3.659,-4.364,-4.164,-3.767,-3.790,-4.313,-3.309,-4.119,-4.157,-3.691,-2.903,-3.301,-3.586,-2.791,-4.191,-3.869,-3.650,-4.014,-2.331,-3.116,-3.456,-3.685,-3.945,-2.878,-3.684,-3.745,-3.790,-3.634,-4.229,-3.546,-3.512,-4.352,-3.970,-3.068,-4.029,-4.452,-3.627,-4.365,-2.896,-3.256,-3.010,-4.108,-3.966,-4.399,-3.565,-3.691,-4.010,-3.668,-3.748,-3.601,-3.721,-3.840,-2.773,-4.214,-4.233,-3.819,-4.536,-3.836,0.000,-3.880,-3.136,-4.180,-3.995
T,-9.194,-3.453,-4.419,-3.972,-3.390,-3.369,-4.473,-2.163,-4.677,-4.300,-4.890,-4.154,-4.974,-3.699,-5.034,-3.758,0.000,-2.387,-2.242,-3.565,-2.190,-1.787,-2.734,-2.503,-3.708,-3.626,-3.316,-3.956,-3.954,-3.329,-3.147,-3.881,-3.161,-3.614,-3.737,-3.398,-2.852,-3.525,-3.844,-2.940,-4.074,-3.901,-3.538,-4.028,-2.064,-3.195,0.000,-3.264,-3.634,-2.895,-3.378,-3.814,-3.718,-3.110,-3.698,-3.447,-3.401,-4.566,-3.999,-2.965,-3.829,-4.488,-3.809,-4.220,-2.434,-2.994,-3.508,-4.025,-3.486,-3.985,-3.385,-3.974,-3.488,-3.547,-3.161,-3.414,0.000,-3.421,-2.398,-3.859,-3.602,0.000,-3.929,-3.641,-3.404,-3.393,-2.822,-3.673,-3.713
S,-8.818,-3.082,0.000,0.000,-2.906,-2.904,-4.136,-1.838,-4.199,-3.860,-4.291,-3.591,-4.362,0.000,-4.330,0.000,-2.887,-1.798,-1.983,-2.833,-1.557,-0.850,-1.981,-1.774,-2.941,-3.144,-2.661,0.000,0.000,-2.690,-2.689,0.000,-2.479,-2.937,0.000,-2.694,-1.953,-2.513,-2.987,-2.099,-3.317,-3.257,-2.897,0.000,-1.525,-2.524,-2.731,-2.630,-3.147,-2.335,-2.687,0.000,-3.207,-2.774,-3.366,-2.745,-2.800,-3.890,-3.481,-2.567,-3.235,-3.799,-3.239,-3.899,-1.942,-2.600,-2.661,-3.439,-3.040,0.000,-2.669,-3.155,-2.981,-2.828,-2.845,-2.814,-2.763,-2.883,-1.952,-3.590,-3.438,-2.797,0.000,-2.982,-2.691,-3.109,-2.368,-3.099,0.000
C,-9.647,-4.547,-4.899,-4.955,-4.461,-3.906,-5.340,-2.568,-5.300,-4.625,-5.397,-4.389,-5.269,-3.872,-5.334,-4.251,-3.713,-2.822,-3.373,-3.843,-2.323,-2.169,0.000,-3.471,-4.409,-4.366,-4.171,-4.665,-4.818,-4.151,-4.087,-4.670,-3.876,-4.196,-4.651,-3.948,-3.084,-3.748,-4.319,-3.359,-4.376,-4.244,-4.291,-4.628,0.000,-3.810,-4.223,-3.540,-4.444,-3.609,-3.523,-4.624,-4.560,-3.740,-4.537,-4.211,-4.136,-5.139,-4.838,-4.382,-4.422,-4.999,-4.827,-5.634,-3.254,-4.143,-4.182,-4.727,-4.413,-4.697,-4.043,-4.483,-4.396,-4.108,-4.115,-4.245,-4.152,-4.425,-3.519,-5.061,-4.886,-4.200,-4.676,-4.319,-3.880,-4.542,-3.886,-4.445,-4.537
G,-9.550,-3.924,-4.820,-4.632,-3.912,-4.137,-5.117,-2.828,-4.976,-4.812,-5.359,-4.743,-5.532,-4.438,-5.643,-4.286,-3.773,-2.763,-2.712,-3.360,-2.520,-1.844,-2.541,-3.100,-3.918,-4.370,-3.580,-4.165,-3.879,-3.606,-3.658,-4.289,0.000,-3.839,-4.062,-3.450,-2.647,-3.245,-3.666,-3.090,-3.991,-3.831,-3.765,-4.073,-2.326,-3.201,-3.511,-3.396,-3.959,-3.217,-3.527,-4.041,-3.977,-3.556,-4.245,-3.569,-3.663,-4.433,-4.204,-3.342,-4.135,-4.440,-3.834,-4.413,-2.602,-2.688,-2.619,-3.884,-3.642,-3.966,-3.086,-3.263,-3.447,0.000,-3.159,0.000,-2.977,0.000,-2.209,-3.603,-3.981,-3.302,-3.870,-3.446,-3.071,-3.714,-3.060,-3.773,-3.798
A,-9.474,-3.050,-4.591,-4.164,-3.644,-3.498,-4.733,-1.969,-4.715,-4.117,-4.843,-4.035,-4.997,-3.583,-5.035,-3.623,-3.258,-2.321,-2.132,-3.589,-1.950,-1.538,-2.073,-1.727,-3.587,-3.731,-3.541,-4.016,-4.071,-3.448,-3.457,-4.059,-3.402,-3.777,-3.963,-3.558,-2.679,-3.468,-3.936,-3.029,-4.064,-4.063,-3.713,-4.250,-2.205,-3.253,-3.576,-3.398,-3.795,-3.093,-3.446,-3.655,-3.771,-3.114,-3.723,0.000,-3.111,-4.511,-4.099,-3.187,-3.892,-4.311,-3.892,-4.359,-2.564,-2.831,-3.251,-4.064,-3.642,-4.053,-3.408,-3.925,-3.648,-3.484,-3.429,-3.442,-3.525,-3.486,-2.618,-3.965,-3.978,-3.526,-4.014,-3.770,-3.583,-3.605,0.000,-3.842,-3.899
V,-8.884,-3.396,-4.460,-3.920,0.000,-3.141,-4.298,-1.704,-4.263,-3.538,-4.411,0.000,-4.362,-2.912,-4.428,-3.285,-2.817,-1.775,-2.172,0.000,-1.750,-1.803,-2.977,-2.303,-3.631,0.000,-3.341,-3.902,-4.033,-3.417,0.000,-4.014,-3.253,-3.537,-3.814,-3.323,-2.752,-3.663,-4.160,-3.335,-4.218,-4.262,-3.677,-4.114,-1.995,-3.097,-3.338,-3.062,-3.809,-3.060,-3.203,-3.815,-3.713,-2.961,-3.931,-3.432,-3.248,-4.307,-3.951,-3.419,-3.511,-4.150,-3.962,-4.575,-2.530,-3.104,0.000,-4.049,-3.581,-4.041,-3.261,-3.720,-3.495,-3.302,0.000,-3.249,-3.264,-3.300,-2.489,-3.898,-3.868,-3.414,-3.791,-3.443,-3.278,-3.458,-3.073,-3.659,-3.672
L,-7.613,-2.983,-3.520,-3.064,-2.518,-2.416,0.000,-0.826,0.000,-2.561,0.000,-2.355,0.000,-1.855,0.000,-2.399,-1.827,-1.050,-1.804,-2.573,-2.378,-1.034,-2.405,-1.818,-2.930,-2.749,-2.820,-3.496,-3.493,-2.965,-2.949,-3.435,-2.623,-2.925,-3.238,-2.637,-2.174,-2.833,0.000,-2.643,0.000,0.000,-2.791,-3.275,-1.164,-2.191,-2.824,-2.528,0.000,-2.209,-2.470,-3.001,-3.043,-2.359,0.000,-2.798,-2.860,0.000,-3.164,-2.781,-2.900,0.000,-3.091,-3.991,-1.828,-2.719,-2.512,-3.378,-3.064,-3.556,-2.792,-2.960,-3.166,-2.739,-2.930,-2.747,-2.850,-2.832,-1.964,-3.431,-3.382,-3.004,-3.378,-2.961,-2.561,-3.023,-2.310,-3.175,-3.151
I,-9.160,0.000,-4.195,-3.699,-3.298,-2.967,-3.986,-1.550,-4.285,0.000,-4.360,-3.029,-4.049,-2.639,-4.069,-3.165,-2.714,-1.573,-2.325,-3.438,-2.296,-1.914,-2.791,-2.434,-3.640,-3.242,-3.214,-3.859,-4.053,-3.533,-3.042,-3.835,-3.278,-3.223,-3.599,-3.033,-2.757,-3.700,-4.314,0.000,-4.266,-4.266,-3.305,-3.801,-1.765,-2.898,-3.261,-2.959,-3.620,-2.769,-2.904,-3.536,-3.734,-2.597,-3.635,-3.215,-3.226,-4.369,-3.782,-3.186,0.000,-4.292,-4.032,-4.438,-2.225,-3.056,-3.650,-4.010,-3.292,-3.837,-3.320,-3.880,-3.275,-3.282,-3.086,-3.171,-3.098,-3.238,-2.549,-3.990,-3.712,-3.241,-3.663,-3.337,-3.259,-3.246,-2.709,-3.510,-3.382
M,0.000,-4.041,-5.226,-4.655,-3.764,-4.447,-4.729,-3.162,-5.617,-4.885,-5.876,-4.770,-5.838,-4.184,-5.848,-4.240,-3.738,0.000,-3.264,-4.711,-4.204,-2.875,-4.104,-3.341,-4.976,-4.546,-4.608,-5.268,-5.214,-4.679,-4.344,-5.161,-4.342,-4.633,-4.337,-4.562,-4.081,-4.767,-5.270,-4.291,-5.356,-5.078,-4.699,-5.214,-3.112,-4.026,-4.423,-4.396,-4.611,-3.870,-4.473,-4.449,-4.737,-3.905,-4.483,-4.581,-4.410,-5.165,-4.944,-3.815,-4.690,-5.080,-4.503,-5.098,0.000,-3.857,-4.127,-4.961,-4.406,-5.041,-4.410,-4.794,-4.670,-4.500,-4.334,-4.343,-4.177,-4.230,0.000,-4.556,-4.470,-4.185,-5.077,-4.747,-4.389,-4.274,-3.591,-4.720,-4.564
P,-9.701,-4.002,-4.699,-4.591,-4.107,-3.958,-5.180,-3.059,-5.134,-4.685,-5.148,-4.568,-5.390,-4.847,-5.553,-4.788,-4.275,-2.946,-2.971,-3.799,-3.806,-2.156,-3.201,-2.694,0.000,-3.694,0.000,-3.979,-3.958,-3.383,-3.365,-4.144,-3.362,-3.928,-4.010,-3.398,-2.117,-3.081,-3.637,-2.874,-3.408,-3.607,-3.290,-4.027,-2.039,0.000,-3.497,-3.344,-3.989,-3.037,-3.377,-4.134,-3.788,-3.520,-4.176,-3.532,-3.694,-4.527,-4.146,0.000,-4.062,-4.258,-3.798,-4.402,-2.603,-2.994,-3.026,-3.981,-3.758,-4.233,-3.423,-3.812,-3.783,-3.448,-3.725,-3.531,-3.757,-3.638,-2.732,-4.218,-4.099,-3.701,-4.288,-3.798,-3.501,-3.849,-3.324,-3.991,-3.990
Y,-10.109,-4.296,-4.982,-4.948,-4.288,-3.825,-5.158,-3.040,-5.425,-4.738,-5.596,-4.354,-5.356,-4.258,-5.578,-4.414,-3.945,-2.966,-3.477,-3.941,-4.131,-2.067,-3.726,0.000,-4.182,-4.355,-3.906,-4.682,-4.684,-4.284,-4.059,-4.467,-4.089,-4.133,-4.431,-3.876,0.000,-4.070,-4.485,-3.476,-4.570,-4.711,-4.216,-4.281,-2.587,-3.647,-3.951,-3.636,-4.346,-3.506,-3.719,-4.546,-4.581,-3.691,-4.585,-3.931,-4.007,-4.772,-4.447,-4.010,-3.937,-4.709,-4.697,-5.343,-2.724,-3.941,-4.155,-4.666,-4.260,-4.523,-3.976,-4.368,-4.176,-3.981,-3.771,-3.948,-3.870,-4.197,-3.208,-4.913,-4.762,-4.091,-4.337,-4.125,-3.691,-4.154,-3.648,-4.311,-4.253
F,-9.152,-3.348,-3.851,-3.641,-3.395,-2.904,-4.244,-1.485,-4.163,-3.205,-4.069,-3.060,-4.069,-2.677,-4.137,-3.430,-2.730,-1.582,-2.695,-3.343,0.000,-1.628,-2.980,-2.451,-3.293,-3.534,-3.238,-4.018,-4.181,-3.590,-3.570,-3.964,-3.423,-3.382,-3.991,-2.987,-2.751,0.000,-4.007,-3.001,-3.941,-4.178,-3.320,-3.716,-2.004,-2.917,-3.431,-2.966,-3.883,-2.870,-2.987,-3.975,-3.833,-2.805,-4.161,-3.355,0.000,-4.436,-3.790,-3.513,-3.296,-4.126,-4.027,-4.742,-2.620,0.000,-3.478,-3.979,-3.658,-4.011,0.000,-3.680,-3.246,-3.153,-3.044,-3.115,-2.948,-3.261,-2.681,-4.319,-4.169,-3.562,-3.600,0.000,-3.056,-3.508,-3.023,-3.397,-3.642
W,-10.913,-5.164,-5.959,-5.634,-4.434,-4.773,-5.406,-3.621,-5.512,-5.421,-6.153,-5.215,-6.261,-5.189,-6.267,-4.937,-4.180,-3.727,-4.349,-4.864,-4.884,0.000,-4.503,-4.435,-4.964,-5.417,-5.054,-5.769,-5.370,-5.148,-5.173,-5.823,-4.634,-5.135,-5.402,-4.836,-4.288,-5.017,-5.152,-4.530,-5.466,-5.181,-5.280,-5.525,-3.852,-4.305,-4.811,-4.795,-5.343,-4.303,-4.899,-5.120,-5.166,-4.615,-5.650,-5.102,-4.965,-5.274,-5.234,-4.611,-5.151,-5.558,-4.831,-5.688,-4.071,-4.864,-4.296,-5.133,-5.216,-5.434,-4.645,-4.630,-5.151,-4.691,-4.866,-4.603,-4.679,-4.531,-3.640,-4.954,-4.940,-4.786,-5.218,-4.894,-4.298,-5.075,-4.024,-5.150,-5.222
