,M 1,S 2,G 3,R 4,G 5,K 6,Q 7,G 8,G 9,K 10,A 11,R 12,A 13,K 14,A 15,K 16,T 17,R 18,S 19,S 20,R 21,A 22,G 23,L 24,Q 25,F 26,P 27,V 28,G 29,R 30,V 31,H 32,R 33,L 34,L 35,R 36,K 37,G 38,N 39,Y 40,A 41,E 42,R 43,V 44,G 45,A 46,G 47,A 48,P 49,V 50,Y 51,L 52,A 53,A 54,V 55,L 56,E 57,Y 58,L 59,T 60,A 61,E 62,I 63,L 64,E 65,L 66,A 67,G 68,N 69,A 70,A 71,R 72,D 73,N 74,K 75,K 76,T 77,R 78,I 79,I 80,P 81,R 82,H 83,L 84,Q 85,L 86,A 87,I 88,R 89,N 90,D 91,E 92,E 93,L 94,N 95,K 96,L 97,L 98,G 99,K 100,V 101,T 102,I 103,A 104,Q 105,G 106,G 107,V 108,L 109,P 110,N 111,I 112,Q 113,A 114,V 115,L 116,L 117,P 118,K 119,K 120,T 121,E 122,S 123,H 124,H 125,K 126,A 127,K 128,G 129,K 130
K,-9.229,-15.791,-14.446,-10.948,-15.813,0.000,-9.929,-15.578,-15.445,0.000,-14.168,-10.315,-14.138,0.000,-16.051,0.000,-10.979,-9.739,-14.652,-11.929,-8.729,-15.744,-15.065,-17.212,-12.707,-20.274,-18.628,-13.429,-15.311,-12.986,-14.149,-14.260,-12.225,-14.550,-15.553,-10.789,0.000,-15.906,-11.658,-16.629,-14.070,-10.928,-11.610,-15.969,-14.861,-16.788,-14.337,-16.890,-17.275,-15.554,-20.904,-14.049,-17.095,-16.511,-16.678,-14.062,-10.932,-20.016,-17.187,-13.827,-16.763,-11.259,-14.666,-14.932,-12.865,-13.628,-20.441,-18.018,-12.580,-17.213,-17.261,-9.189,-15.582,-14.312,0.000,0.000,-11.370,-11.661,-17.078,-12.349,-18.476,-13.978,-16.742,-16.681,-14.507,-16.106,-17.952,-14.257,-12.146,-13.459,-17.232,-13.231,-15.332,-18.064,-13.333,0.000,-17.017,-17.999,-14.376,0.000,-16.019,-14.323,-13.232,-15.976,-13.321,-15.471,-16.702,-16.526,-14.697,-16.869,-14.567,-15.547,-14.569,-14.050,-12.919,-16.035,-17.145,-16.692,0.000,0.000,-13.562,-11.355,-14.735,-15.953,-14.311,0.000,-12.345,0.000,-7.151,0.000
R,-11.507,-14.278,-12.039,0.000,-13.839,-12.519,-12.845,-14.961,-14.491,-10.319,-15.155,0.000,-15.287,-10.052,-16.644,-11.769,-11.030,0.000,-12.406,-12.895,0.000,-18.032,-12.799,-14.442,-13.261,-18.262,-14.534,-14.544,-12.457,0.000,-15.226,-14.686,0.000,-14.606,-11.659,0.000,-12.270,-11.132,-12.315,-15.593,-17.089,-14.639,0.000,-15.165,-9.575,-17.977,-12.642,-18.299,-14.589,-14.771,-17.780,-12.515,-17.308,-16.849,-16.531,-12.622,-14.760,-17.703,-14.258,-13.841,-17.268,-15.842,-15.217,-12.819,-17.664,-11.623,-19.265,-14.421,-14.788,-17.880,-17.133,0.000,-17.625,-16.759,-8.993,-11.926,-13.379,0.000,-17.625,-13.226,-16.837,0.000,-12.212,-14.649,-15.837,-15.146,-18.223,-15.446,0.000,-16.253,-18.559,-16.954,-18.720,-15.668,-15.219,-8.746,-14.984,-17.458,-12.494,-6.674,-15.616,-14.641,-15.796,-16.975,-13.889,-11.809,-12.214,-15.492,-13.425,-14.139,-16.375,-16.812,-15.461,-13.669,-13.280,-13.517,-14.528,-16.301,-12.193,-9.019,-15.655,-16.768,-15.576,-12.962,-13.290,-11.161,-14.267,-9.941,-11.491,-9.094
H,-14.093,-18.323,-17.350,-13.409,-18.303,-16.633,-11.277,-18.374,-17.954,-16.752,-16.505,-13.217,-16.088,-16.951,-16.361,-15.117,-13.824,-11.935,-17.051,-12.532,-13.220,-19.073,-16.607,-15.535,-12.787,-18.640,-13.257,-17.317,-16.654,-11.224,-15.119,0.000,-13.947,-11.888,-15.393,-14.304,-15.245,-17.058,-11.139,-12.503,-16.424,-14.414,-9.553,-17.572,-15.807,-17.927,-18.367,-18.909,-13.385,-15.973,-14.304,-14.200,-18.071,-17.479,-18.184,-13.775,-17.058,-14.262,-15.543,-15.058,-16.708,-16.922,-15.553,-14.383,-18.578,-13.113,-19.209,-18.934,-14.080,-16.168,-18.208,-10.688,-13.693,-12.860,-14.135,-15.936,-14.515,-11.371,-17.108,-13.360,-14.872,-13.785,0.000,-16.174,-13.259,-15.579,-19.236,-18.377,-10.924,-14.232,-16.265,-15.718,-17.493,-16.795,-12.075,-13.017,-14.163,-18.163,-15.923,-10.008,-17.631,-17.681,-17.099,-16.473,-6.805,-16.432,-18.313,-17.628,-13.997,-13.004,-12.530,-16.555,-9.662,-13.927,-13.422,-15.858,-16.192,-14.321,-15.840,-15.410,-16.323,-15.703,-15.470,0.000,0.000,-14.797,-13.489,-10.008,-11.604,-10.506
E,-12.538,-17.979,-12.925,-17.390,-13.863,-17.582,-13.747,-17.261,-12.932,-16.380,-12.660,-18.131,-14.553,-16.823,-14.753,-15.264,-15.449,-16.908,-17.825,-14.432,-16.994,-14.711,-11.889,-19.551,-11.990,-21.251,-18.142,-14.234,-15.420,-16.950,-14.142,-16.089,-16.785,-15.788,-17.739,-16.561,-14.453,-12.560,-16.441,-17.328,-15.388,0.000,-16.353,-15.617,-11.660,-16.729,-12.752,-15.048,-16.652,-13.555,-18.776,-14.395,-15.053,-13.272,-14.382,-15.500,0.000,-18.099,-16.280,-13.606,-14.740,0.000,-13.750,-17.279,0.000,-15.264,-16.611,-14.079,-16.871,-13.640,-14.802,-13.797,-9.427,-17.424,-14.056,-15.782,-16.076,-16.096,-19.956,-14.405,-17.202,-14.576,-17.824,-18.068,-15.582,-16.020,-15.317,-14.723,-15.279,-16.039,-12.060,0.000,0.000,-19.651,-14.156,-11.743,-14.971,-19.288,-14.184,-8.454,-12.518,-16.617,-14.080,-13.617,-8.852,-12.091,-14.338,-12.871,-16.536,-16.160,-18.718,-16.280,-12.789,-12.208,-12.133,-18.423,-19.140,-16.688,-12.617,-13.777,-15.138,0.000,-16.262,-17.537,-16.230,-12.429,-11.956,-5.812,-8.466,-5.203
D,-15.219,-17.975,-13.335,-18.498,-12.896,-20.797,-12.936,-16.602,-13.424,-20.288,-13.629,-16.802,-13.864,-21.023,-14.611,-19.377,-13.825,-17.734,-17.380,-13.293,-17.121,-14.568,-13.511,-20.104,-17.117,-20.122,-17.459,-15.718,-14.840,-17.626,-14.567,-11.961,-17.321,-17.904,-19.361,-20.929,-15.988,-12.619,-15.013,-16.772,-14.861,-11.102,-17.702,-17.220,-12.531,-17.882,-14.349,-15.996,-16.100,-14.610,-16.082,-15.975,-14.553,-12.054,-14.376,-16.554,-13.173,-15.492,-17.364,-12.733,-14.404,-11.309,-13.216,-17.261,-12.658,-18.517,-13.924,-15.347,-14.536,-16.877,-17.401,-15.322,0.000,-15.368,-17.367,-18.095,-14.698,-17.975,-18.360,-14.742,-17.253,-19.238,-16.061,-19.097,-16.889,-18.065,-15.122,-16.017,-17.223,-13.922,0.000,-8.862,-11.315,-20.779,-12.747,-15.371,-18.745,-20.138,-15.732,-11.676,-13.976,-17.200,-16.000,-14.700,-13.365,-11.352,-14.654,-15.275,-18.637,-16.915,-16.547,-16.363,-17.885,-13.524,-15.796,-21.010,-20.289,-16.617,-17.721,-14.958,-15.354,-8.978,-17.062,-17.382,-16.694,-15.490,-12.135,-8.856,-8.226,-6.875
N,-12.182,-15.851,-15.159,-18.235,-15.479,-13.781,-10.871,-14.640,-15.496,-13.687,-14.477,-14.708,-11.847,-14.078,-14.489,-13.668,-8.207,-14.736,-12.578,-8.005,-14.532,-18.187,-14.212,-18.030,-15.428,-18.594,-17.707,-15.776,-13.961,-15.801,-13.797,-11.817,-15.775,-14.771,-16.627,-16.330,-7.884,-14.910,0.000,-14.054,-15.946,-14.165,-15.087,-16.128,-14.903,-15.449,-15.703,-17.257,-17.205,-14.882,-16.270,-15.600,-16.681,-16.438,-16.043,-13.930,-15.663,-15.764,-18.001,-10.807,-15.786,-15.392,-13.343,-14.923,-16.506,-16.285,-18.943,-15.463,0.000,-16.489,-16.874,-12.796,-10.789,0.000,-11.518,-14.079,-8.130,-15.927,-14.746,-7.461,-16.561,-18.255,-13.523,-18.340,-12.717,-15.566,-17.918,-14.245,-15.459,0.000,-12.972,-12.097,-16.361,-18.616,0.000,-10.979,-18.139,-19.716,-12.719,-9.214,-16.392,-13.839,-15.082,-16.436,-10.160,-14.404,-16.369,-15.679,-14.036,-16.217,0.000,-11.549,-8.188,-12.020,-11.546,-17.129,-17.166,-11.844,-13.194,-12.557,-12.753,-13.744,-10.369,-13.695,-11.493,-13.236,-9.697,-9.234,-8.048,-8.003
Q,-10.061,-16.152,-16.039,-14.582,-16.816,-14.510,0.000,-17.206,-13.066,-14.867,-12.547,-13.197,-14.565,-13.082,-14.191,-9.783,-13.735,-12.165,-15.156,-9.027,-13.086,-17.755,-16.506,-12.949,0.000,-19.091,-12.557,-16.004,-12.340,-11.545,-13.419,-11.798,-14.055,-12.231,-12.585,-13.658,-12.439,-16.260,-14.357,-14.021,-16.055,-8.984,-11.409,-15.715,-15.321,-12.306,-16.817,-16.659,-13.401,-15.080,-18.746,-12.644,-16.785,-17.123,-17.615,-12.142,-12.255,-18.921,-13.426,-13.904,-16.864,-12.722,-15.163,-12.679,-14.239,-12.347,-20.233,-16.977,-14.994,-14.688,-15.770,-11.067,-15.465,-15.833,-13.207,-14.314,-10.367,-11.153,-18.873,-12.279,-14.362,-14.375,-13.099,-14.552,0.000,-13.160,-18.400,-15.906,-11.747,-15.427,-18.370,-10.840,-13.437,-16.226,-11.839,-11.722,-14.137,-17.585,-14.394,-8.751,-17.608,-16.390,-15.349,-14.376,0.000,-16.206,-17.554,-16.358,-12.166,-12.459,-15.491,-15.378,0.000,-10.420,-12.337,-14.220,-14.119,-12.748,-11.364,-13.983,-14.477,-8.997,-9.914,-11.697,-11.295,-10.319,-8.851,-4.289,-8.896,-6.601
T,-9.566,-11.711,-14.317,-16.245,-16.005,-15.058,-2.074,-15.714,-14.205,-13.815,-8.274,-16.045,-8.536,-13.161,-9.855,-11.684,0.000,-12.499,-11.013,-8.184,-13.923,-11.177,-16.557,-15.792,-13.374,-19.396,-14.356,-13.004,-14.670,-15.282,-11.054,-15.351,-15.394,-14.180,-15.295,-14.855,-12.680,-15.173,-11.937,-14.363,-11.037,-14.409,-15.395,-13.648,-15.747,-10.921,-15.722,-12.270,-13.223,-14.104,-18.680,-13.512,-9.404,-11.600,-13.215,-12.563,-15.145,-19.415,-15.591,0.000,-10.662,-16.320,-11.208,-13.942,-17.146,-14.138,-12.298,-17.291,-12.038,-11.626,-10.806,-13.342,-15.728,-15.184,-15.335,-15.304,0.000,-15.342,-15.568,-7.971,-13.255,-18.459,-17.142,-15.331,-14.897,-14.535,-11.746,-10.779,-14.577,-12.913,-17.298,-12.655,-15.649,-15.423,-10.717,-9.611,-15.304,-16.323,-11.812,-11.400,-11.186,0.000,-12.976,-11.400,-11.231,-16.142,-18.339,-13.791,-14.625,-12.681,-12.357,-11.210,-14.055,-9.925,-10.147,-16.544,-16.327,-13.188,-12.007,-13.352,0.000,-12.358,-11.223,-15.656,-11.940,-12.684,-8.619,-4.048,-6.216,-8.877
S,-7.864,0.000,-12.129,-14.486,-12.203,-15.734,-8.432,-10.736,-12.083,-15.919,-9.229,-12.944,-8.157,-15.007,-8.270,-13.120,-3.943,-12.033,0.000,0.000,-13.274,-11.203,-11.881,-14.698,-13.678,-14.292,-10.453,-14.906,-7.584,-12.775,-12.742,-14.638,-14.458,-13.550,-14.491,-14.211,-12.828,-11.077,-10.226,-13.851,-9.136,-13.894,-12.400,-15.395,-9.268,-9.828,-11.798,-11.659,-10.743,-14.214,-15.115,-11.526,-10.562,-8.777,-14.107,-13.059,-14.425,-16.501,-15.080,-6.615,-11.639,-15.547,-14.149,-13.800,-16.085,-14.152,-8.916,-12.079,-12.051,-10.839,-8.917,-11.870,-14.438,-13.237,-15.727,-15.619,-8.773,-13.233,-16.265,-9.635,-11.266,-15.455,-14.691,-15.449,-15.061,-12.706,-11.466,-14.246,-12.097,-11.591,-16.526,-11.861,-15.851,-16.541,-5.730,-11.673,-14.006,-16.182,-6.517,-8.715,-13.660,-12.544,-14.093,-8.833,-8.934,-11.852,-12.956,-14.911,-13.844,-10.094,-13.649,-13.766,-11.579,-4.612,-10.345,-15.249,-15.178,-10.890,-14.396,-12.235,-9.341,-11.847,0.000,-14.405,-10.455,-10.762,-6.090,-3.499,-5.267,-7.172
C,-11.993,-15.342,-12.823,-13.180,-15.007,-18.715,-14.981,-15.538,-16.155,-18.517,-13.526,-13.182,-13.080,-18.175,-15.945,-16.424,-10.903,-11.892,-12.418,-12.356,-13.291,-15.348,-13.833,-16.713,-17.515,-14.988,-16.388,-14.927,-13.279,-11.035,-13.397,-16.314,-12.226,-14.332,-15.580,-14.013,-19.476,-13.118,-15.475,-13.855,-14.923,-17.166,-10.666,-15.090,-11.214,-18.237,-13.601,-16.886,-16.614,-13.911,-13.110,-14.344,-14.613,-13.068,-14.387,-13.853,-18.008,-13.917,-16.074,-8.630,-13.218,-18.882,-14.526,-14.692,-18.818,-13.847,-14.064,-14.525,-14.618,-13.543,-11.923,-12.371,-16.088,-15.301,-16.886,-18.624,-15.248,-11.537,-17.258,-12.777,-16.595,-14.688,-15.346,-15.972,-15.980,-15.679,-14.380,-15.079,-11.292,-14.947,-16.885,-17.734,-18.510,-15.615,-11.590,-13.194,-14.909,-15.700,-11.343,-11.736,-13.113,-14.961,-15.027,-14.319,-11.664,-12.373,-11.466,-13.438,-13.656,-15.021,-15.971,-14.887,-16.201,-11.393,-11.692,-15.398,-15.563,-16.788,-17.440,-16.546,-15.136,-19.180,-15.481,-16.639,-16.006,-16.263,-14.859,-11.743,-13.723,-12.704
G,-10.918,-13.790,0.000,-15.072,0.000,-17.982,-11.531,0.000,0.000,-17.175,-10.104,-13.092,-5.843,-16.904,-10.995,-16.445,-9.444,-13.772,-12.218,-9.232,-14.683,-12.953,0.000,-19.203,-16.249,-19.148,-16.205,-13.818,0.000,-14.074,-14.980,-15.179,-14.330,-16.416,-16.780,-14.320,-13.430,0.000,-13.150,-16.647,-13.443,-12.313,-13.539,-14.730,0.000,-13.230,0.000,-14.351,-15.120,-13.361,-17.375,-15.431,-13.006,-9.640,-13.801,-16.277,-11.307,-15.815,-17.759,-10.296,-12.061,-12.073,-15.012,-16.526,-12.684,-16.393,-11.191,0.000,-14.031,-13.254,-14.982,-12.250,-12.451,-16.375,-14.487,-15.981,-12.219,-14.206,-18.167,-12.071,-15.612,-15.281,-16.607,-17.728,-16.414,-16.294,-11.570,-15.479,-12.447,-11.472,-13.440,-12.207,-14.272,-18.863,-8.743,-12.934,-18.151,-17.854,0.000,-7.058,-13.838,-16.430,-15.975,-12.478,-10.496,0.000,0.000,-12.749,-14.901,-14.629,-16.483,-16.475,-14.599,-10.266,-13.106,-18.741,-17.298,-14.556,-16.123,-15.209,-13.872,-10.272,-9.235,-15.078,-13.177,-12.035,-5.789,-3.813,0.000,-8.511
A,-9.161,-11.591,-11.315,-15.690,-11.041,-15.938,-7.900,-11.855,-11.130,-17.112,0.000,-14.995,0.000,-15.075,0.000,-13.488,-9.021,-14.340,-12.040,-6.420,-15.962,0.000,-14.050,-17.002,-13.878,-18.769,-12.661,-12.479,-9.348,-16.444,-11.763,-12.337,-16.606,-15.054,-16.254,-14.088,-14.614,-11.067,-14.426,-13.834,0.000,-12.661,-16.500,-12.295,-10.464,0.000,-10.909,0.000,-11.439,-11.911,-17.677,-14.374,0.000,0.000,-12.602,-15.213,-12.959,-19.534,-16.386,-4.001,0.000,-14.542,-13.234,-15.198,-14.507,-14.823,0.000,-12.149,-14.799,0.000,0.000,-12.223,-13.135,-16.068,-17.103,-16.548,-9.018,-16.754,-17.846,-9.802,-10.780,-18.331,-16.693,-15.962,-13.571,-14.879,0.000,-12.798,-12.409,-14.458,-15.224,-12.062,-13.461,-16.830,-10.928,-11.353,-14.593,-15.755,-7.940,-8.060,-10.354,-11.694,-14.769,0.000,-9.786,-12.227,-14.958,-11.618,-14.611,-11.114,-17.063,-15.267,-12.990,0.000,-11.184,-17.221,-16.301,-11.706,-14.284,-14.858,-10.775,-9.576,-10.004,-15.270,-10.738,-10.027,0.000,-2.943,-3.878,-7.063
V,-9.640,-15.468,-11.791,-17.282,-13.673,-17.623,-10.491,-16.431,-13.410,-17.104,-7.567,-18.491,-11.241,-16.151,-11.814,-10.705,-12.584,-14.075,-15.679,-11.025,-16.276,-11.170,-14.041,-11.315,-13.097,-16.383,-17.201,0.000,-15.441,-16.373,0.000,-16.362,-17.611,-12.524,-13.097,-18.390,-17.394,-13.219,-16.576,-13.974,-13.289,-14.421,-17.276,0.000,-12.290,-13.119,-13.871,-12.666,-14.824,0.000,-17.306,-11.655,-12.015,-11.076,0.000,-10.568,-13.973,-18.776,-13.193,-8.033,-12.458,-15.805,-5.861,-10.543,-15.931,-11.655,-13.816,-15.321,-15.717,-11.954,-9.987,-14.914,-15.147,-18.811,-17.514,-14.284,-12.987,-18.412,-11.404,-5.484,-16.700,-19.168,-16.279,-8.289,-15.598,-12.640,-12.167,-5.080,-15.681,-16.488,-15.756,-14.416,-15.574,-12.388,-15.316,-11.298,-12.481,-13.907,-12.055,-13.856,0.000,-11.858,-9.461,-13.453,-15.015,-13.145,-14.907,0.000,-10.279,-14.998,-17.566,-9.931,-16.334,-12.855,0.000,-13.429,-12.752,-15.724,-13.921,-17.080,-12.907,-12.145,-11.743,-17.155,-13.989,-14.626,-10.465,-8.154,-8.779,-9.661
L,-11.839,-14.303,-16.228,-16.236,-17.468,-18.114,-10.469,-18.966,-16.485,-17.860,-15.304,-15.308,-16.598,-14.238,-16.624,-11.142,-11.196,-14.287,-11.991,-11.032,-14.946,-18.648,-18.823,0.000,-13.042,-12.899,-11.818,-12.523,-18.189,-12.815,-9.166,-14.208,-15.027,0.000,0.000,-16.359,-17.263,-18.572,-15.853,-15.845,-17.427,-15.235,-13.265,-11.416,-16.321,-16.311,-17.920,-18.508,-11.330,-12.007,-16.415,0.000,-17.015,-16.321,-12.740,0.000,-16.889,-16.909,0.000,-12.711,-18.070,-17.180,-11.030,0.000,-18.554,0.000,-19.586,-19.500,-15.208,-15.222,-16.353,-11.552,-16.869,-13.261,-15.951,-17.274,-14.558,-12.932,-13.949,-8.569,-14.745,-14.773,-12.568,0.000,-7.859,0.000,-19.139,-11.261,-14.086,-18.309,-20.649,-14.435,-17.783,0.000,-14.826,-12.733,0.000,0.000,-15.202,-13.789,-13.495,-15.689,-12.199,-16.768,-13.457,-17.583,-18.649,-12.184,0.000,-12.172,-16.288,-11.480,-13.336,-12.875,-8.581,0.000,0.000,-12.877,-15.103,-17.604,-14.684,-15.281,-14.715,-15.626,-14.845,-15.344,-13.732,-10.938,-12.108,-10.800
I,-12.772,-18.104,-16.285,-17.611,-18.142,-17.187,-11.700,-20.027,-17.541,-15.498,-12.860,-18.315,-15.058,-15.680,-15.353,-10.974,-9.827,-14.378,-15.164,-10.658,-14.839,-16.172,-17.737,-10.571,-11.773,-15.041,-19.133,-10.680,-18.388,-15.114,-4.353,-17.620,-17.485,-10.435,-12.352,-18.194,-16.986,-17.787,-14.043,-16.735,-15.925,-16.039,-16.064,-8.188,-16.995,-16.149,-17.378,-18.151,-16.777,-9.791,-18.333,-12.136,-17.558,-16.610,-8.170,-8.163,-17.543,-18.414,-12.242,-10.634,-15.802,-18.997,0.000,-9.522,-18.459,-11.947,-18.457,-19.086,-13.855,-15.045,-15.167,-10.372,-17.662,-16.663,-16.640,-17.312,-11.363,-15.774,0.000,0.000,-18.854,-18.180,-16.542,-9.274,-18.167,-13.584,-18.186,0.000,-16.424,-15.398,-19.401,-16.210,-18.683,-11.999,-15.820,-9.642,-12.412,-13.395,-14.928,-15.216,-11.236,-12.088,0.000,-16.909,-16.932,-18.060,-18.924,-10.917,-9.582,-17.272,-13.530,0.000,-17.272,-16.510,-8.822,-11.170,-11.367,-16.632,-14.181,-15.795,-12.346,-15.805,-14.057,-17.513,-15.609,-16.144,-14.120,-10.583,-12.346,-11.477
M,0.000,-16.675,-14.252,-17.342,-16.676,-16.765,-4.240,-18.220,-17.249,-15.556,-13.804,-17.727,-14.943,-14.555,-16.611,-12.988,-10.733,-15.039,-16.613,-10.724,-14.770,-17.323,-18.313,-11.862,-14.145,-17.419,-19.128,-12.104,-18.744,-15.181,-8.971,-16.860,-17.524,-9.233,-11.019,-17.503,-16.467,-19.084,-15.812,-17.248,-16.639,-14.478,-14.661,-10.903,-17.018,-13.264,-17.919,-17.537,-17.074,-12.565,-19.554,-8.575,-17.676,-17.451,-11.473,-7.611,-17.610,-20.434,-12.041,-11.115,-15.265,-18.861,-11.867,-11.618,-19.894,-11.067,-19.408,-19.358,-15.128,-14.985,-14.999,-13.374,-18.364,-15.896,-14.275,-16.196,-11.419,-16.123,-16.252,-9.311,-19.444,-17.886,-17.988,-10.992,-12.123,-11.708,-17.555,-11.510,-15.650,-17.713,-20.881,-15.601,-17.544,-12.976,-15.052,-11.250,-11.637,-13.216,-14.641,-13.072,-12.528,-12.320,-13.318,-16.688,-14.295,-18.146,-18.862,-11.469,-9.376,-17.304,-16.761,-10.226,-15.994,-15.265,-11.126,-11.808,-11.480,-17.420,-14.402,-15.584,-12.452,-15.144,-16.194,-17.514,-16.154,-13.617,-13.322,-9.864,-12.308,-11.244
P,-11.929,-13.720,-16.994,-15.736,-17.908,-20.293,-9.158,-15.480,-16.893,-19.524,-11.719,-15.580,-12.108,-17.860,-9.666,-18.042,-10.578,-15.899,-13.068,-12.656,-15.769,-13.481,-18.059,-14.057,-16.394,-18.672,0.000,-16.437,-15.990,-12.800,-14.370,-18.605,-17.104,-13.298,-12.093,-15.783,-19.506,-17.753,-16.312,-17.293,-15.072,-17.142,-14.172,-16.114,-15.702,-13.660,-17.350,-15.799,0.000,-15.890,-17.508,-11.320,-13.842,-12.727,-14.875,-11.797,-15.618,-19.370,-12.231,-10.565,-14.561,-18.544,-15.524,-12.384,-20.728,-13.131,-14.650,-20.692,-19.773,-15.644,-17.065,-14.507,-18.707,-19.457,-17.640,-16.744,-11.956,-14.220,-17.876,-14.681,0.000,-16.360,-14.012,-13.930,-17.302,-13.064,-14.557,-15.649,-14.168,-18.899,-20.021,-15.688,-17.695,-15.430,-15.136,-15.259,-14.416,-17.305,-16.560,-12.532,-15.973,-14.373,-16.482,-13.254,-13.449,-18.107,-19.794,-15.866,-13.802,0.000,-18.298,-16.209,-13.945,-9.011,-14.730,-14.617,-14.282,0.000,-14.654,-16.847,-13.124,-13.643,-14.943,-16.754,-13.789,-14.213,-9.903,-7.415,-7.530,-9.764
Y,-12.747,-16.530,-15.776,-16.809,-16.978,-19.866,-14.025,-17.411,-17.361,-20.010,-16.975,-17.182,-16.273,-19.371,-17.593,-17.420,-13.586,-15.478,-13.930,-12.796,-16.109,-17.722,-16.393,-17.112,-17.002,-13.951,-15.657,-16.735,-14.850,-15.029,-14.544,-11.437,-16.072,-11.184,-17.687,-19.451,-19.397,-16.967,-14.504,0.000,-16.674,-16.245,-14.402,-16.773,-15.489,-17.310,-17.784,-18.955,-16.532,-15.411,0.000,-16.000,-17.999,-16.606,-16.891,-15.123,-18.038,0.000,-18.217,-13.940,-15.452,-18.514,-15.386,-16.938,-19.615,-14.715,-17.808,-18.091,-14.005,-15.287,-16.813,-15.571,-12.753,-14.367,-18.478,-18.671,-16.094,-15.827,-16.880,-13.296,-16.241,-16.893,-10.939,-18.040,-16.511,-16.026,-18.546,-16.930,-14.898,-15.939,-14.899,-18.065,-19.022,-16.568,-13.026,-15.638,-15.721,-17.415,-15.366,-13.692,-15.694,-17.245,-15.468,-16.307,-12.090,-15.854,-17.835,-15.827,-14.605,-15.980,-13.644,-16.011,-16.150,-15.273,-11.864,-16.027,-17.103,-17.108,-19.146,-19.087,-17.542,-17.876,-16.932,-14.177,-12.271,-17.728,-15.868,-12.967,-13.893,-12.942
F,-12.322,-14.143,-16.354,-18.030,-17.256,-20.403,-13.725,-18.115,-17.458,-20.598,-16.582,-18.738,-16.563,-19.507,-17.459,-16.213,-12.807,-17.060,-12.459,-11.783,-17.119,-17.722,-18.096,-12.932,-16.806,0.000,-15.448,-14.577,-15.798,-16.419,-12.002,-11.820,-17.799,-10.731,-13.480,-20.142,-19.958,-17.753,-18.009,-11.035,-16.362,-17.760,-15.074,-14.057,-15.318,-16.516,-18.809,-18.402,-15.367,-14.070,-11.080,-13.364,-18.311,-16.426,-14.335,-11.667,-19.428,-14.110,-15.126,-15.032,-16.073,-19.389,-13.840,-13.361,-19.509,-12.390,-19.356,-19.581,-17.108,-16.441,-16.697,-16.070,-16.932,-15.488,-18.931,-19.705,-15.908,-16.616,-16.841,-10.891,-18.641,-17.701,-15.512,-13.311,-18.197,-15.201,-18.518,-15.038,-15.750,-18.141,-17.931,-17.269,-18.469,-12.813,-14.969,-14.722,-11.441,-12.725,-14.392,-13.165,-12.244,-17.255,-12.833,-15.778,-13.852,-15.811,-17.200,-13.015,-11.505,-15.382,-16.325,-13.499,-17.641,-14.890,-12.205,-12.596,-13.298,-16.861,-18.702,-18.742,-17.154,-18.033,-16.130,-16.019,-12.108,-16.916,-15.182,-13.689,-13.560,-12.756
W,-15.022,-16.743,-14.076,-14.269,-15.390,-22.624,-17.358,-17.361,-16.134,-20.612,-19.087,-14.724,-19.095,-19.412,-20.692,-19.530,-16.678,-13.690,-16.012,-16.014,-14.482,-20.159,-15.762,-16.831,-18.138,-16.879,-18.450,-19.742,-13.994,-11.447,-17.988,-17.784,-13.173,-14.499,-15.769,-15.592,-21.956,-14.861,-19.671,-16.791,-19.862,-18.396,-13.537,-18.155,-13.206,-20.228,-15.896,-20.436,-19.130,-17.336,-17.685,-16.691,-20.961,-18.283,-19.835,-15.890,-19.017,-16.743,-17.006,-18.627,-18.525,-20.403,-18.242,-16.687,-21.417,-14.292,-20.354,-15.988,-19.017,-18.581,-18.468,-12.823,-19.849,-19.342,-18.335,-20.327,-18.748,-13.844,-21.544,-16.749,-20.482,-13.547,-17.126,-16.961,-19.058,-16.045,-19.565,-20.557,-12.297,-20.523,-21.800,-20.511,-22.186,-16.816,-17.589,-17.427,-15.992,-17.533,-14.933,-14.187,-17.985,-19.161,-17.635,-18.417,-15.879,-14.277,-14.302,-16.982,-15.266,-17.690,-19.920,-18.783,-18.658,-16.136,-14.904,-15.662,-15.262,-19.608,-18.504,-19.602,-19.541,-20.026,-19.739,-18.413,-17.364,-18.682,-18.355,-16.294,-17.867,-16.706
