,M 1,S 2,A 3,P 4,G 5,S 6,P 7,D 8,Q 9,A 10,Y 11,D 12,F 13,L 14,L 15,K 16,F 17,L 18,L 19,V 20,G 21,D 22,R 23,D 24,V 25,G 26,K 27,S 28,E 29,I 30,L 31,E 32,S 33,L 34,Q 35,D 36,G 37,T 38,A 39,E 40,S 41,P 42,Y 43,S 44,H 45,L 46,G 47,G 48,I 49,D 50,Y 51,K 52,T 53,T 54,T 55,I 56,L 57,L 58,D 59,G 60,Q 61,R 62,V 63,K 64,L 65,K 66,L 67,W 68,D 69,T 70,S 71,G 72,Q 73,G 74,R 75,F 76,C 77,T 78,I 79,F 80,R 81,S 82,Y 83,S 84,R 85,G 86,A 87,Q 88,G 89,V 90,I 91,L 92,V 93,Y 94,D 95,I 96,A 97,N 98,R 99,W 100,S 101,F 102,E 103,G 104,M 105,D 106,R 107,W 108,I 109,K 110,K 111,I 112,E 113,E 114,H 115,A 116,P 117,G 118,V 119,P 120,K 121,I 122,L 123,V 124,G 125,N 126,R 127,L 128,H 129,L 130,A 131,F 132,K 133,R 134,Q 135,V 136,P 137,R 138,E 139,Q 140,A 141,Q 142,A 143,Y 144,A 145,E 146,R 147,L 148,G 149,V 150,T 151,F 152,F 153,E 154,V 155,S 156,P 157,L 158,C 159,N 160,F 161,N 162,I 163,I 164,E 165,S 166,F 167,T 168,E 169,L 170,A 171,R 172,I 173,V 174,L 175,L 176,R 177,H 178,R 179,L 180,N 181,W 182,L 183,G 184,R 185,P 186,S 187,K 188,V 189,L 190,S 191,L 192,Q 193,D 194,L 195,C 196,C 197,R 198,T 199,I 200,V 201,S 202,C 203,T 204,P 205,V 206,H 207,L 208,V 209,D 210,K 211,L 212,P 213,L 214,P 215,I 216,A 217,L 218,R 219,S 220,H 221,L 222,K 223,S 224,F 225,S 226,M 227,A 228,K 229,G 230,L 231,N 232,A 233,R 234,M 235,M 236,R 237,G 238,L 239,S 240,Y 241,S 242,L 243,T 244,T 245,S 246,S 247,T 248,H 249,K 250,R 251,S 252,S 253,L 254,C 255,K 256,V 257,K 258,I 259,V 260,C 261,P 262,P 263,Q 264,S 265,P 266,P 267,K 268,N 269,C 270,T 271,R 272,N 273,S 274,C 275,K 276,I 277,S 278
K,-13.324,-7.672,-7.079,-6.441,-12.818,-10.227,-12.157,-8.703,-7.553,-7.648,-13.551,-11.062,-11.699,-14.575,-12.355,0.000,-14.463,-15.907,-17.673,-16.036,-16.279,-9.451,-5.645,-10.746,-16.337,-12.981,0.000,-4.507,-8.450,-20.653,-11.073,-6.630,-8.520,-13.793,-7.543,-8.459,-7.168,-5.773,-4.849,-5.340,-5.442,-4.062,-6.618,-6.125,-5.675,-3.738,-5.451,-9.435,-9.780,-12.433,-15.151,0.000,-11.562,-11.917,-12.697,-14.789,-11.259,-13.273,-12.377,-12.203,1.991,-6.455,-13.923,0.000,-14.864,0.000,-14.967,-11.336,-12.127,-11.477,-11.773,-10.689,-6.257,-8.932,-9.925,-17.501,-14.395,-13.155,-14.293,-17.026,-8.422,-13.138,-16.499,-12.627,-10.166,-7.370,-15.400,-12.520,-18.562,-13.839,-19.033,-14.802,-17.829,-19.535,-16.397,-16.680,-11.199,-7.956,-3.536,-9.101,-14.102,-19.423,-9.939,-12.871,-10.204,-11.132,-6.030,-16.292,-8.933,0.000,0.000,-16.945,-7.852,-9.289,-13.468,-12.132,-13.351,-10.212,-15.302,-12.981,0.000,-16.295,-18.961,-17.219,-14.549,-8.981,-5.147,-13.541,-16.251,-10.613,-13.530,-12.030,0.000,-4.855,-9.731,-14.280,-7.793,-3.820,-7.826,-4.179,-13.837,-4.892,-3.807,-11.484,-12.887,-4.339,-3.351,-5.387,-6.994,-9.216,-5.716,-14.750,-14.535,-10.784,-20.664,-17.574,-14.127,-10.242,-14.613,-10.726,-15.642,-7.582,-16.393,-2.243,-7.101,-17.982,-13.640,-11.082,-7.991,-12.649,-14.943,-4.503,-8.932,-13.737,-9.682,-5.172,-3.906,-3.123,-4.918,-3.722,-1.715,0.750,-1.917,-2.858,-3.794,-4.023,-4.266,0.000,-5.015,-6.399,-7.066,-6.944,-4.242,-4.501,-4.412,-2.986,-1.890,-3.203,-3.189,-2.553,-3.846,-4.702,-2.469,-3.479,-4.817,-3.671,-3.405,-3.510,-6.236,-4.360,0.000,-6.580,-7.928,-4.854,-5.341,-3.204,-2.334,-2.798,-4.862,-2.978,-2.756,-4.197,0.000,-4.181,-2.447,-5.021,-2.032,-2.778,0.000,-3.204,-3.387,-2.868,-3.081,-3.406,-2.033,-1.923,-3.792,-3.364,-2.819,-4.746,-1.703,-4.911,-3.981,-3.453,-3.547,-4.501,-4.339,-3.179,-2.170,0.000,-3.569,-4.053,-4.363,-3.066,-1.511,0.000,-2.267,0.000,-2.109,-2.882,-1.927,-4.224,-4.776,-3.231,-4.022,-3.781,-3.643,0.000,-2.945,-1.193,-2.716,-3.593,-4.726,-8.011,-13.561,0.000,-10.421,-9.607
R,-12.505,-7.496,-5.636,-3.810,-9.356,-8.770,-10.206,-8.490,-4.936,-6.378,-10.462,-11.690,-8.444,-12.175,-13.390,-10.221,-16.247,-13.071,-14.922,-14.179,-10.831,-10.743,0.000,-11.654,-15.300,-10.045,-5.529,-3.952,-7.096,-18.217,-9.909,-4.529,-7.261,-11.961,-6.538,-9.419,-7.036,-5.183,-3.764,-4.942,-5.624,-3.602,-4.423,-4.984,-4.530,-3.381,-4.858,-7.600,-10.018,-11.840,-12.989,-4.317,-13.946,-10.530,-11.996,-14.637,-10.782,-11.343,-13.099,-9.415,2.221,0.000,-14.003,-2.445,-13.990,-2.069,-14.231,-5.982,-13.903,-11.889,-9.044,-8.592,-5.784,-8.661,0.000,-15.713,-7.956,-12.069,-14.615,-14.703,0.000,-10.112,-13.461,-10.193,0.000,-7.209,-14.745,-12.722,-12.862,-13.326,-17.730,-14.273,-17.886,-17.266,-16.926,-16.313,-11.126,-11.497,0.000,-7.700,-9.000,-16.629,-10.807,-11.521,-10.361,-12.672,0.000,-10.340,-8.198,-4.457,-6.678,-17.146,-9.859,-9.352,-10.683,-11.006,-10.532,-7.489,-15.866,-9.998,-2.016,-16.578,-16.851,-16.602,-10.749,-9.087,0.000,-13.042,-13.683,-9.088,-13.845,-10.154,-6.830,0.000,-9.679,-14.039,-8.022,0.000,-7.545,-5.090,-12.512,-2.739,-3.572,-8.755,-11.336,-4.850,0.000,-3.715,-7.030,-8.507,-5.120,-12.546,-13.168,-14.388,-14.979,-12.722,-10.612,-8.435,-11.847,-10.691,-13.106,-7.220,-14.061,-3.949,-8.486,-15.193,-11.915,-10.689,-7.809,-12.644,-13.394,0.000,-7.551,-12.685,-9.004,-5.698,0.000,-2.734,0.000,-3.743,-2.122,0.606,-2.066,-3.060,0.000,-3.329,-3.382,-2.602,-4.187,-6.194,-6.716,-6.906,-4.354,-4.150,-4.229,-2.737,-1.810,0.000,-3.001,-2.128,-3.455,-4.268,-2.178,-3.252,-4.309,-2.898,-2.976,-3.278,-5.560,-4.150,-2.593,-5.640,-7.172,-4.101,-3.362,-3.137,-1.450,-2.560,0.000,-1.928,-2.164,-3.384,-0.919,-3.325,-2.166,-4.446,-2.087,-2.465,-2.629,-2.750,-2.875,-2.435,-2.657,0.000,-1.390,-1.528,0.000,-2.517,-0.029,-3.674,-0.850,-4.248,-3.372,-2.904,-2.938,-4.217,-3.862,-2.877,-1.774,-2.343,0.000,-3.781,-4.081,-3.095,-1.427,-3.364,-1.989,-3.530,-2.348,-3.049,-2.392,-4.379,-4.853,-3.196,-4.262,-3.934,-3.506,-3.559,-3.046,-1.622,-2.915,0.000,-5.407,-7.463,-12.026,-5.250,-9.984,-9.001
H,-13.163,-8.582,-5.737,-4.242,-10.219,-8.822,-10.491,-7.325,-4.855,-5.704,-6.763,-8.953,-4.319,-13.127,-13.957,-11.041,-15.116,-14.978,-16.920,-18.392,-18.983,-9.709,-4.606,-10.128,-18.742,-13.350,-10.655,-7.196,-9.429,-19.874,-11.933,-4.793,-6.933,-10.931,-4.968,-9.204,-6.824,-5.684,-4.286,-4.328,-5.223,-3.499,-3.152,-5.079,0.000,-4.609,-6.092,-10.965,-14.117,-9.779,-10.769,-8.336,-13.936,-14.334,-14.178,-16.023,-10.371,-12.513,-12.065,-12.217,-3.402,-8.166,-14.630,-8.789,-11.956,-3.560,-14.127,-9.655,-9.345,-14.623,-11.181,-12.227,-5.743,-8.883,-9.422,-12.877,-7.976,-13.974,-16.820,-12.672,-4.140,-10.355,-7.154,-13.152,-9.423,-10.292,-18.179,-8.005,-18.295,-13.279,-16.910,-13.433,-19.873,-13.009,-12.546,-17.614,-12.455,-11.266,-7.125,-10.434,-15.661,-15.518,-9.006,-13.204,-11.607,-10.977,-8.615,-14.414,-7.988,-7.632,-7.203,-18.395,-9.768,-9.405,0.000,-13.320,-11.054,-10.281,-16.753,-7.783,-7.447,-16.620,-17.226,-17.642,-17.560,-5.406,-10.503,-13.314,0.000,-8.986,-14.108,-6.793,-11.521,-11.792,-10.196,-15.431,-9.382,-5.320,-7.477,-7.492,-8.442,-5.537,-5.254,-7.388,-13.354,-6.196,-6.877,-5.141,-7.946,-8.658,-6.918,-8.498,-11.663,-15.379,-16.757,-14.700,-11.105,-8.442,-12.353,-9.976,-9.890,-8.190,-15.850,-5.712,-9.772,-15.573,-14.667,-11.651,-8.598,-16.521,-15.196,-9.334,-8.143,-13.248,-9.641,-7.007,-5.609,0.000,-6.693,-4.267,-2.847,-0.974,-3.212,-4.453,-5.051,-4.764,-4.066,-5.170,-6.691,-7.302,-6.888,-7.883,-5.596,-5.356,-5.291,-3.135,-2.516,-4.238,-3.973,-3.020,-3.928,-4.557,-2.885,-3.942,-4.969,-3.729,0.000,-3.842,-6.072,-4.611,-3.367,-6.531,-7.241,-5.068,-5.764,-4.034,-1.999,-3.074,-5.133,-3.543,0.000,-4.981,-3.194,-4.626,-3.102,-5.275,-3.205,-4.124,-3.673,-3.976,-3.995,-3.559,-3.633,-4.522,-3.150,-2.836,-4.669,-4.071,-3.333,-5.159,-2.010,-5.130,-4.265,-4.067,-3.966,-4.921,-4.893,-3.648,0.000,-3.733,-4.570,-4.815,-5.077,-4.045,-2.452,-4.039,-3.251,-3.926,-3.298,-3.119,-2.535,-5.042,-5.254,-4.040,-5.049,-4.946,-4.400,-5.366,-3.734,-3.061,-4.545,-5.152,-6.576,-6.786,-12.915,-7.957,-9.426,-8.925
E,-12.170,-6.056,-5.453,-5.824,-9.736,-7.540,-10.259,-2.426,-4.983,-2.785,-11.281,-6.803,-12.520,-15.644,-15.809,-11.707,-16.815,-17.051,-16.299,-14.805,-12.778,-5.313,-5.847,-6.507,-14.069,-5.186,-9.221,-4.665,0.000,-20.029,-9.451,0.000,-9.453,-13.431,-3.565,-4.714,-5.350,-4.724,-3.784,0.000,-2.644,-5.359,-4.412,-6.031,-4.309,-2.909,-4.752,-7.840,-10.516,-7.509,-16.800,-11.298,-12.319,-12.502,-14.335,-12.442,-6.730,-13.594,-7.072,-10.045,-4.840,-11.928,-14.782,-10.012,-15.242,-0.159,-13.147,-11.938,-7.460,-13.457,-12.123,-9.356,-5.945,-4.370,-12.787,-15.811,-13.686,-16.702,-16.427,-18.657,-10.345,-15.229,-15.625,-13.421,-14.397,-10.209,-13.965,-11.757,-13.877,-14.102,-15.557,-13.460,-16.334,-17.874,-11.367,-16.839,-12.094,-11.852,-4.610,-9.808,-17.798,-17.256,0.000,-11.992,-12.835,-7.355,-10.910,-16.774,-10.563,-6.335,3.030,-16.618,0.000,0.000,-9.489,-11.682,-11.994,-8.263,-14.789,-10.832,-9.912,-16.906,-18.362,-12.962,-11.529,-11.375,-10.647,-16.553,-10.490,-9.631,-10.401,-8.761,-8.853,-10.064,-8.370,-13.168,-9.961,-4.587,0.000,-3.727,-11.846,-4.908,-4.119,-8.138,-11.899,0.000,-6.962,-6.070,-7.766,-10.754,-6.687,-14.633,-16.831,0.000,-18.188,-16.958,-11.495,-12.624,-12.502,-9.854,-14.258,-12.753,-15.297,-5.589,0.000,-18.422,-11.715,-12.585,0.000,-14.279,-12.193,-10.438,-7.325,-8.705,-14.200,-7.657,-8.358,-8.205,-6.221,-2.185,-2.795,-0.351,-1.293,-2.924,-4.403,-4.888,-5.318,-4.361,-6.689,-7.833,-6.895,-6.848,-6.006,-3.271,-4.977,-2.391,-2.304,-4.353,-3.119,-2.424,-3.966,-4.623,-1.966,-2.477,-4.132,-3.003,-2.913,-3.031,-4.833,-3.444,-3.832,-6.338,-7.888,-5.931,-6.814,-3.497,-2.955,-2.778,-5.688,-2.994,-1.401,-5.565,-4.253,-4.939,-3.243,-5.943,-2.651,-3.042,-3.686,-3.547,-3.457,-2.841,-3.795,-3.586,-2.464,-2.463,-4.040,-3.674,-4.087,-5.400,-2.388,-5.533,-3.752,-3.806,-4.059,-4.897,-4.912,-4.263,-2.738,-4.516,-4.135,-4.586,-5.187,-4.136,-2.018,-3.695,-2.116,-3.289,-2.214,-3.416,-1.368,-3.764,-4.149,-2.618,-3.772,-4.841,-4.222,-4.998,-4.767,-4.477,-5.747,-5.479,-5.487,-9.132,-13.502,-9.796,-10.503,-10.139
D,-12.370,-6.598,-5.438,-6.367,-8.997,-7.268,-10.779,0.000,-4.552,-1.985,-9.423,0.000,-12.286,-17.267,-18.359,-13.821,-16.505,-18.778,-18.386,-15.474,-13.851,0.000,-5.815,0.000,-15.870,-7.366,-12.883,-4.918,-8.279,-20.135,-12.447,-2.191,-9.178,-13.901,-4.860,0.000,-4.779,-4.478,-4.291,-3.155,-2.541,-5.522,-4.131,-5.441,-3.950,-3.259,-4.146,-7.160,-10.503,0.000,-15.367,-13.526,-10.898,-13.345,-13.511,-14.085,-8.879,-14.535,0.000,-8.657,-6.726,-14.324,-16.211,-7.422,-16.344,-1.735,-9.802,-11.903,0.000,-12.606,-11.956,-9.057,-7.205,-6.656,-12.731,-15.095,-11.561,-14.611,-17.058,-17.978,-10.131,-14.044,-12.237,-13.290,-15.416,-6.409,-13.415,-9.576,-13.626,-12.237,-14.283,-14.466,-15.370,-15.659,0.000,-17.349,-11.584,-8.137,-10.147,-11.563,-16.555,-16.699,-0.970,-10.387,-13.262,0.000,-12.121,-17.607,-13.954,-7.469,-2.605,-14.847,-5.062,-6.496,-11.690,-11.532,-13.442,-7.870,-15.779,-8.588,-12.270,-18.753,-18.715,-13.265,-12.459,-8.297,-9.924,-17.926,-8.108,-9.782,-10.300,-8.664,-12.146,-12.494,-12.476,-12.707,-11.085,-6.944,-5.966,-7.571,-11.105,-9.853,-5.970,-10.947,-14.388,-4.735,-8.448,-10.482,-7.530,-11.210,-7.199,-13.141,-18.656,-11.483,-16.963,-13.379,-9.895,-14.468,-8.770,-4.933,-12.105,-10.987,-16.855,-5.408,-8.113,-16.559,-13.130,-14.211,-7.371,-18.564,-12.136,-13.761,-6.082,-10.636,-15.410,-8.945,-9.503,-8.406,-5.676,-3.131,-3.710,-1.154,-1.950,-3.736,-4.767,-4.790,-5.235,-4.417,-6.815,-8.294,-4.754,-7.253,-7.410,0.000,-4.875,-1.957,-1.717,-4.094,-2.742,-2.716,-3.783,-4.262,-2.159,-2.379,-3.884,-3.194,-3.186,-2.782,-4.637,0.000,-3.522,-6.038,-7.685,-4.958,-6.001,-4.274,-3.344,-2.098,-6.130,-2.965,-2.452,-5.689,-4.479,-5.212,-3.418,-5.920,-3.134,-3.283,-3.526,-3.502,-3.861,-3.118,-4.041,-3.838,-2.847,-2.808,-4.229,-3.618,-3.588,-4.930,-2.355,-4.959,-3.693,-3.249,-4.094,-4.659,-5.001,-4.395,-3.034,-4.435,-3.909,-4.546,-5.139,-3.888,-2.111,-3.429,-2.262,-2.725,-2.469,-3.285,-1.888,-4.094,-4.450,-2.967,-4.389,-5.250,-4.693,-5.816,-4.603,-5.008,-6.295,-5.828,-4.762,-8.809,-13.164,-10.514,-10.609,-10.542
N,-12.733,-5.316,-4.982,-4.653,-9.144,-7.228,-11.117,-6.758,-5.863,-2.857,-9.791,-6.542,-9.404,-14.354,-14.365,-12.039,-14.631,-16.856,-18.063,-15.976,-17.685,-4.966,-3.920,-6.696,-16.340,-12.620,-9.121,-4.563,-10.025,-19.240,-12.839,-3.700,-6.222,-13.073,-6.643,-7.661,-5.644,-4.129,-4.760,-4.161,-3.539,-4.365,-4.510,-4.583,-3.990,-3.209,-2.646,-8.262,-10.670,-8.444,-12.664,-9.227,-8.762,-10.597,-10.246,-14.224,-9.835,-14.501,-9.388,-8.857,-3.086,-11.478,-12.667,-7.942,-13.471,-2.321,-11.648,-11.530,-6.403,-10.002,-9.621,-10.593,-7.497,-10.437,-10.495,-13.985,-9.625,-9.346,-14.391,-14.345,-8.388,-7.549,-12.078,-9.218,-13.314,-4.730,-15.245,-13.518,-17.318,-10.540,-14.885,-14.121,-16.075,-15.626,-8.730,-17.824,-7.204,0.000,-8.699,-10.820,-12.782,-17.831,-7.070,-8.690,-10.737,-7.958,-9.700,-15.939,-8.884,-5.190,-5.147,-14.302,-8.036,-8.120,-7.838,-9.763,-13.693,-8.234,-15.626,-9.417,-8.952,-15.160,-17.879,-14.340,-17.011,0.000,-8.640,-13.265,-12.042,-11.102,-10.480,-8.783,-8.772,-9.847,-12.695,-12.700,-10.057,-4.481,-9.053,-9.258,-12.761,-9.028,-5.312,-10.417,-14.543,-6.182,-6.162,-5.016,-6.552,-9.947,-6.411,-10.977,-13.717,-16.989,-14.286,-10.733,-10.484,-13.651,-8.987,0.000,-11.182,0.000,-13.242,-1.439,-9.432,-13.985,-13.360,-12.080,-7.605,-16.364,-11.801,-10.378,-6.863,-11.878,-12.932,-6.614,-6.835,-2.864,-4.839,-2.893,0.000,-1.093,-2.733,-3.726,-4.311,-4.452,-2.928,-4.571,-5.672,-6.830,-4.871,-7.454,-6.856,-3.949,-4.958,-2.758,-1.714,-3.792,-3.320,-2.907,-3.695,-4.340,-2.526,-3.622,-4.542,-3.812,-3.746,-3.634,-5.515,-4.386,-3.181,-6.273,-7.478,-4.651,-5.675,-4.015,-2.464,-2.711,-5.635,-3.098,-3.441,-4.802,-3.811,-4.620,-2.829,-5.259,-2.860,-3.481,-2.975,-3.490,-3.507,0.000,-3.281,-3.717,-2.461,-2.424,-3.617,-3.348,-3.263,-4.717,-1.778,-4.846,-3.748,-3.454,-3.576,-4.406,-4.637,-3.904,-2.862,-3.885,-3.834,-4.229,-4.683,-3.618,-2.107,-3.431,-2.268,-3.013,-2.583,-2.970,-2.394,-4.686,-4.900,-3.683,-4.447,-4.773,-4.462,-5.244,0.000,-3.090,-4.308,-4.262,0.000,-5.343,-13.126,-6.959,-9.195,-8.320
Q,-12.428,-8.239,-5.767,-3.874,-11.280,-8.756,-8.988,-5.866,0.000,-5.372,-9.927,-9.406,-8.785,-11.975,-12.024,-9.821,-15.962,-14.254,-15.107,-17.421,-17.999,-10.754,-6.379,-12.364,-17.320,-12.615,-7.477,-7.046,-7.299,-19.269,-9.352,-4.911,-8.109,-11.155,0.000,-8.053,-6.191,-5.414,-4.035,-3.566,-5.188,-2.308,-3.305,-5.260,-4.706,-3.897,-5.621,-11.313,-12.302,-12.564,-12.832,-9.206,-14.911,-14.472,-14.056,-14.457,-9.971,-9.144,-12.519,-12.745,0.000,-7.250,-15.471,-7.967,-12.711,-0.761,-14.695,-10.391,-14.426,-15.261,-12.281,-12.069,0.000,-8.095,-10.213,-15.365,-10.940,-16.121,-16.239,-15.487,-5.915,-10.747,-12.962,-14.430,-10.110,-11.118,-17.883,0.000,-18.647,-14.900,-18.618,-13.518,-18.684,-17.316,-16.451,-15.364,-13.004,-12.401,-4.012,-9.066,-15.928,-16.834,-8.696,-14.957,-11.339,-11.805,-8.176,-14.794,-8.730,-7.481,-3.358,-19.002,-7.058,-7.217,-9.788,-12.396,-9.311,-10.667,-16.354,-9.485,-5.635,-15.847,-17.010,-16.247,-16.380,-9.537,-8.782,-10.116,-9.427,-7.332,-14.525,-9.379,-8.944,-8.867,0.000,-14.871,-7.523,-4.177,-6.356,0.000,-12.604,0.000,-3.012,-8.952,-13.104,-3.746,-5.724,-5.875,-8.012,-9.880,-4.904,-11.918,-14.389,-11.855,-18.719,-17.658,-12.039,-10.423,-15.525,-11.158,-13.045,-10.364,-14.439,-4.560,-5.813,-16.682,-13.017,-11.829,-6.901,-12.540,-15.192,-9.013,-8.144,-12.823,-9.763,-5.758,-4.090,-5.491,-6.694,-2.465,-1.268,-0.171,-2.023,-3.078,-4.002,-4.343,-4.228,-4.019,-5.902,-6.106,-6.971,-7.052,0.000,-3.671,-4.948,-3.060,-2.078,-3.596,-3.676,-2.321,-3.844,-4.601,-2.249,-3.068,-4.531,-3.173,-3.038,-2.763,-5.771,-3.666,-3.190,-6.024,-7.556,-4.901,-6.120,-2.871,-2.853,-2.063,-3.783,-2.448,-2.605,-4.720,-3.297,-3.530,-2.871,-5.230,-2.420,-3.396,-3.538,-3.615,-3.512,-2.846,-3.240,-3.765,-2.495,-2.229,-4.125,-3.656,-3.474,-4.950,-1.779,-5.062,-3.719,-3.698,-3.832,-4.755,-4.527,-3.757,-2.691,-3.729,-4.161,-4.510,-4.757,-4.035,-1.888,-3.649,-2.606,-3.574,-2.490,-2.862,-1.714,-4.314,-4.496,0.000,-4.047,-4.388,-3.933,-4.573,-4.158,-2.794,-4.025,-4.565,-6.358,-7.075,-14.154,-7.728,-8.997,-6.442
T,-11.874,-3.752,-4.071,-3.263,-9.369,-6.397,-7.707,-5.235,-6.038,-3.415,-11.204,-11.152,-11.137,-9.658,-11.098,-12.064,-10.404,-15.191,-13.383,-11.908,-17.441,-10.721,0.783,-9.886,-7.494,-12.735,-10.366,-2.684,-9.258,-12.546,-9.436,-4.489,-5.497,-11.253,-4.436,-9.108,-5.453,0.000,-3.793,-3.429,-3.881,-4.221,-2.940,-4.077,-3.339,-2.102,-0.857,-8.340,-8.269,-10.560,-13.630,-7.817,0.000,0.000,0.000,-10.826,-8.873,-11.640,-14.907,-11.342,-2.760,-11.509,-6.858,-8.747,-12.260,0.967,-11.692,-11.032,-11.253,0.000,-7.902,-11.401,-7.044,-11.357,-8.941,-14.667,-11.625,0.000,-11.115,-11.729,-10.637,-10.036,-14.915,-8.413,-13.567,-12.486,-9.577,-14.297,-15.835,-11.275,-11.609,-11.724,-9.214,-16.130,-15.650,-10.190,-1.173,-11.776,-7.017,-11.251,-5.935,-18.229,-10.811,-12.488,-7.041,-12.760,-9.883,-16.810,-6.439,-5.149,-7.855,-9.528,-9.912,-6.669,-12.873,-7.913,-12.153,-9.005,-10.855,-11.933,-5.508,-11.120,-13.523,-10.937,-17.411,-5.856,-11.157,-10.793,-17.467,-10.551,-9.117,-8.445,-11.539,-10.281,-11.870,-9.513,-6.585,3.606,-8.873,-9.124,-10.401,-8.169,-5.340,-9.341,-9.567,-5.956,-5.994,-5.323,-9.860,-5.804,0.000,-11.307,-10.753,-16.137,-8.854,-11.134,-4.440,-10.419,-6.848,-11.906,-10.934,-8.582,-8.254,-2.379,-8.845,-8.383,-8.060,0.000,-7.101,-10.373,-5.322,-10.463,-6.251,-6.992,-11.114,-4.705,-5.743,-4.649,-6.643,-3.188,-2.674,-1.196,-3.201,-4.184,-4.286,-4.229,-4.616,-4.948,-4.402,-5.759,-2.979,-7.267,-7.150,-5.264,-4.642,-2.536,-2.668,-3.875,0.000,-2.391,-2.984,-3.823,-1.964,0.000,-4.014,-3.353,-3.058,-4.152,-5.177,-4.664,-2.109,-5.921,-6.749,-4.705,-5.448,-1.920,-2.904,-2.292,-5.679,-3.973,-3.534,-4.296,-3.552,-4.008,-2.580,-4.599,-2.183,-3.437,-2.928,-3.478,-3.305,-3.103,-3.161,-3.463,-2.347,-2.397,-3.920,-3.401,-3.323,-4.419,-1.470,-4.444,-3.146,0.000,0.000,-4.014,-4.070,0.000,-2.124,-3.475,-3.637,-4.260,-4.527,-3.372,-2.032,-3.591,-2.301,-3.557,-1.871,-2.726,-1.342,-4.097,-4.350,-3.185,-3.748,-4.222,-3.810,-4.983,-2.951,-2.683,0.000,-4.502,-4.918,-4.683,-12.527,-7.439,-7.969,-6.490
S,-11.193,0.000,-2.202,-2.507,-6.851,0.000,-7.209,-5.668,-3.471,-1.181,-7.913,-9.225,-8.723,-10.809,-12.464,-12.607,-13.105,-14.668,-13.916,-14.311,-11.148,-6.320,4.403,-9.139,-10.920,-9.645,-10.488,0.000,-5.619,-14.647,-9.829,-2.469,0.000,-9.932,-5.454,-8.478,-4.675,-2.584,-2.840,-3.103,0.000,-3.220,-1.018,0.000,-1.854,-2.151,-2.148,-6.914,-9.439,-9.010,-11.596,-9.387,-9.554,-5.208,-7.848,-13.535,-9.919,-12.085,-11.444,-7.807,-2.847,-10.724,-12.190,-8.765,-12.826,-2.189,-11.163,-9.125,-9.876,-9.179,0.000,-8.050,-6.103,-9.344,-5.810,-11.438,-6.488,-7.146,-14.216,-10.160,-8.732,0.000,-11.681,0.000,-12.250,-6.693,-9.319,-12.596,-11.894,-10.626,-11.284,-13.140,-13.172,-14.387,-9.754,-14.727,-4.484,-6.021,-6.077,-8.499,0.000,-15.651,-10.182,-7.303,-9.965,-11.111,-8.624,-13.355,-8.023,-3.666,-7.931,-13.933,-10.543,-7.245,-12.065,-5.618,-10.208,-7.156,-13.637,-8.341,-6.947,-14.342,-16.895,-14.144,-12.054,-5.189,-10.169,-11.152,-15.271,-7.925,-7.012,-5.944,-11.550,-10.191,-11.817,-14.046,-6.043,-0.787,-7.566,-10.007,-9.292,-6.949,-4.176,-8.444,-7.561,-5.700,-4.352,-5.051,-7.023,-6.568,-3.664,-9.894,-11.104,-14.620,-8.906,0.000,-3.874,-9.566,-8.038,-8.099,-11.075,-7.651,-10.355,-4.238,-9.683,0.000,-8.742,-9.006,-6.800,-13.189,-6.274,-10.718,-5.538,-6.783,-10.758,-6.094,-6.157,-4.084,-4.470,-2.154,-1.997,-0.558,-2.295,-3.004,-3.274,-3.192,0.000,-2.629,-3.428,-5.770,0.000,-6.395,-6.658,-4.251,-3.227,-1.954,-1.576,-3.015,-2.741,-1.416,-2.258,0.000,-1.243,-2.559,-3.054,-2.350,-2.269,-3.297,-4.778,-3.849,-1.193,-5.412,-5.421,-2.953,-4.008,-1.227,-1.595,-1.996,-4.808,0.000,-2.236,-3.181,-2.456,0.000,-1.548,0.000,-1.297,-2.660,-2.102,-2.329,-2.266,-2.156,-2.178,-2.314,-1.332,-1.536,-2.690,-1.977,-0.847,0.000,-0.368,0.000,-1.918,-2.227,-2.241,0.000,0.000,-2.231,-1.062,-2.137,-2.750,0.000,0.000,-1.811,-1.220,-2.291,-1.352,-2.713,-1.537,-1.891,-0.609,-3.402,-3.535,-2.321,0.000,-3.470,-3.179,-4.290,-2.412,-2.052,-3.025,-3.377,-3.924,0.000,-11.056,-7.133,-8.810,0.000
C,-12.119,-8.526,-4.782,-1.989,-7.158,-7.260,-11.113,-8.149,-3.160,-5.170,-6.598,-12.841,-4.483,-11.891,-12.428,-15.242,-10.256,-16.043,-14.397,-14.498,-12.393,-10.396,0.108,-12.457,-11.319,-11.931,-6.129,-7.898,-7.182,-14.288,-10.649,-4.578,-5.067,-6.945,-5.817,-10.117,-7.209,-4.311,-4.012,-5.222,-4.991,-4.813,-2.182,-5.073,-2.397,-4.524,-5.731,-8.323,-12.661,-10.460,-8.473,-10.616,-13.305,-9.394,-11.788,-15.031,-9.312,-12.620,-13.353,-11.181,-2.374,-9.701,-12.598,-10.032,-12.583,-3.242,-9.665,-6.575,-12.183,-13.154,-5.370,-9.938,-7.251,-11.240,-5.677,-9.869,0.000,-11.604,-17.372,-10.544,-8.799,-11.054,-8.691,-10.169,-10.460,-9.403,-13.028,-15.450,-11.678,-11.849,-6.995,-12.350,-13.266,-12.027,-13.571,-14.913,-8.080,-10.863,-8.680,-7.043,-13.158,-13.191,-11.684,-10.618,-9.649,-14.057,-9.294,-11.845,-8.604,-7.696,-9.950,-16.960,-11.761,-11.094,-11.167,-8.319,-12.718,-10.219,-13.884,-10.142,-6.914,-16.084,-14.698,-11.695,-13.124,-8.369,-7.743,-12.672,-15.593,-6.205,-12.728,-7.982,-13.234,-10.972,-12.100,-13.682,-10.168,-4.316,-9.963,-10.222,-11.630,-6.034,-5.415,-6.543,-11.502,-8.410,-8.072,-5.691,-9.326,-7.007,-7.788,-8.588,-9.125,-16.803,-7.147,-8.736,-11.296,-11.466,0.000,-11.291,-9.121,-10.084,-11.084,-7.752,-12.981,-9.947,-9.404,-12.710,-8.302,-13.487,-10.826,-10.105,-5.398,-8.518,-11.626,-8.601,-7.575,-6.009,-5.969,-5.759,-3.861,-1.742,-4.443,-4.831,-5.396,-5.040,-4.639,-5.536,-6.445,-8.213,-7.002,-7.577,-8.187,-6.588,-4.447,0.000,0.000,-3.889,-3.340,-3.376,-3.860,-4.045,0.000,-4.572,-4.292,-3.357,-3.949,-5.401,-5.387,-5.990,-2.272,-7.599,-8.473,-6.059,-6.712,-4.455,-4.140,-4.718,-6.441,-5.369,-5.047,-5.209,-4.684,-5.368,-3.588,-5.989,-3.616,-4.824,-4.244,-4.321,-4.510,-4.267,-4.121,-4.966,-3.751,-3.693,-5.361,-4.632,-4.318,-5.542,-2.918,-5.400,-4.582,-4.680,-4.580,-5.298,-5.380,-4.134,-3.728,-4.532,-5.149,-5.129,-5.724,-4.447,0.000,-4.443,-4.458,-4.976,-4.127,-3.897,0.000,-5.522,-5.693,-4.569,-5.269,-5.362,-4.945,-5.830,-2.613,0.000,-3.296,-5.871,-7.063,-6.175,0.000,-8.736,-11.403,-6.792
G,-12.047,-5.054,-3.000,-3.366,0.000,-5.547,-9.021,-5.559,-3.890,-1.396,-10.272,-9.433,-12.151,-15.758,-16.244,-15.607,-14.157,-16.535,-17.089,-14.162,0.000,-8.187,-3.225,-6.921,-14.478,0.000,-11.405,-1.994,-8.236,-18.598,-11.562,-3.978,-6.600,-12.551,-4.518,-6.380,0.000,-3.518,-3.320,-3.318,-3.288,-4.546,-3.403,-4.424,-3.347,-2.942,0.000,0.000,-9.763,-8.462,-14.610,-9.527,-13.972,-10.000,-12.604,-16.359,-11.437,-15.425,-9.044,0.000,-5.073,-11.409,-14.826,-8.688,-16.233,-1.513,-12.591,-8.071,-7.464,-12.634,-7.823,0.000,-7.827,0.000,-10.139,-13.849,-7.916,-12.814,-16.028,-15.740,-9.197,-10.634,-15.194,-9.963,-12.331,0.000,-9.848,-12.313,0.000,-12.701,-11.115,-14.300,-15.698,-17.163,-12.837,-16.376,-7.648,-12.011,-7.021,-9.433,-13.923,-17.533,-9.154,0.000,-11.525,-8.939,-9.990,-12.669,-11.063,-4.643,-6.163,-14.397,-8.197,-8.849,-10.246,-9.558,-11.027,0.000,-14.828,-11.202,-9.321,-17.930,-17.857,-13.990,0.000,-10.882,-12.240,-15.968,-15.106,-11.229,-8.756,-9.584,-12.109,-11.960,-11.563,-13.431,-8.890,-4.701,-7.563,-9.630,-6.221,-7.886,-5.360,-11.282,-7.813,-6.129,-6.126,-7.410,0.000,-9.662,-6.687,-11.171,-14.845,-13.087,-12.696,-13.014,-11.242,-14.402,-11.198,-9.364,-15.776,-10.073,-15.418,-7.428,-9.276,-13.938,-11.122,-12.367,-6.591,-15.867,-7.770,-11.065,-6.439,-7.690,-13.755,-8.082,-8.453,-6.801,-0.186,-3.123,-2.748,-0.618,-1.919,0.000,-4.055,-3.395,-2.657,-3.565,-4.172,-7.458,-6.969,-7.253,-6.062,-4.507,-4.148,-1.644,-1.759,-4.010,-3.263,-2.064,-3.318,-4.366,-2.197,-3.539,-4.279,-2.585,-2.740,-3.522,-5.212,-4.640,-2.914,-6.812,-7.630,-5.567,-6.132,-3.088,-3.077,-3.485,-5.960,-4.452,-3.584,-4.708,-3.924,-4.802,-2.434,-5.007,-2.419,-2.971,-2.567,0.000,-2.951,-2.769,-2.750,-3.291,-2.017,-2.154,-3.671,0.000,-2.962,-4.276,-1.504,-4.196,-3.424,-2.961,-3.136,-4.187,-4.151,-3.148,-1.919,-3.514,-3.835,-4.054,-4.094,-3.319,-1.758,-3.033,-2.169,-3.420,-2.395,-3.282,-2.723,-4.366,-4.632,-3.018,-4.247,-4.468,-3.667,-4.877,-3.013,-3.078,-4.259,-4.260,-5.088,-6.666,-12.407,-9.938,-10.585,-8.470
A,-11.271,-2.178,0.000,-2.697,-7.977,-5.928,-6.702,-4.775,-4.998,0.000,-11.269,-10.480,-11.300,-9.570,-10.826,-15.247,-10.547,-16.783,-12.714,-10.734,-12.379,-8.066,1.461,-8.898,-8.042,-10.281,-10.798,-4.709,-6.400,-12.949,-9.231,-2.024,-6.300,-10.424,-4.287,-8.519,-5.492,-3.654,0.000,-3.169,-3.589,-5.028,-2.383,-4.256,-2.023,-2.725,-1.575,-7.430,-8.043,-9.444,-15.474,-10.333,-9.055,-7.199,-9.146,-10.755,-10.029,-11.847,-11.544,-10.516,-4.455,-12.999,-9.024,-8.528,-13.173,3.110,-10.041,-12.118,-10.043,-8.411,-6.018,-9.680,-7.541,-8.618,-10.777,-13.251,-11.626,-10.268,-13.021,-12.594,-12.389,-10.637,-15.563,-9.200,-14.395,-10.309,0.000,-9.592,-9.783,-8.920,-8.075,-11.195,-8.278,-16.916,-13.830,-12.679,0.000,-9.554,-5.040,-10.825,-13.507,-16.762,-9.790,-8.459,-8.637,-11.536,-11.274,-15.896,-7.042,-5.408,-7.289,-10.729,-9.237,-5.774,-12.296,0.000,-9.827,-8.921,-9.184,-8.967,-8.258,-11.574,-13.116,-8.587,-9.388,-8.828,-11.939,-12.578,-15.046,-8.304,0.000,-8.953,-13.088,-10.323,-8.261,-10.142,-7.727,-0.024,-6.946,-8.122,0.000,-7.931,0.000,-8.893,0.000,-5.261,-6.453,-4.248,-8.305,-5.836,-5.075,-10.892,-12.412,-13.177,-7.414,-12.900,-3.456,-9.338,-10.427,-11.788,-13.259,-13.181,-11.152,-5.567,-7.713,-8.444,-8.159,-8.329,-6.524,-11.185,0.000,-12.566,-4.797,-2.407,-11.564,-6.401,-7.120,-6.332,-6.108,-2.961,-2.636,-0.884,-2.688,-3.902,-4.455,-4.152,-4.601,-4.878,-3.968,-4.689,-6.004,-6.859,-6.789,-5.136,-4.849,-2.239,-2.797,-4.483,-3.761,-2.332,-3.355,-4.268,-2.344,-3.848,-4.186,-3.066,-2.613,-4.091,-5.003,-4.553,-1.808,-6.550,-7.174,-5.262,-5.808,-0.488,0.000,-2.249,-6.098,-4.077,-3.931,-3.888,-3.473,-3.572,-2.743,-4.756,-2.228,0.000,-2.957,-3.453,-3.206,-3.004,0.000,-3.244,-2.427,-2.300,-3.832,-3.694,-3.668,-4.595,-1.762,-5.029,-3.517,-3.649,-3.610,-4.336,-4.454,-3.582,-2.384,-3.998,-3.933,-4.458,-4.669,-3.599,-2.184,-4.001,-2.662,-4.011,-2.122,-3.102,-1.963,-4.415,-4.371,-3.125,-3.855,-4.376,-3.682,-5.016,-3.045,-3.108,-4.252,-4.545,-5.265,-5.809,-13.397,-7.989,-9.198,-6.244
V,-10.909,-6.175,-4.872,-3.840,-10.172,-8.534,-8.374,-2.215,-6.984,-6.695,-12.002,-13.030,-9.003,-9.635,-6.910,-15.763,-4.129,-9.103,-8.436,0.000,-13.761,-11.727,-1.460,-10.953,0.000,-11.410,-12.031,-8.485,-10.148,-7.036,-6.787,-6.752,-8.718,-8.824,-5.675,-10.023,-6.770,-4.962,-3.004,-4.122,-4.226,-6.023,-3.166,-5.973,-4.331,-4.343,-1.917,-9.030,-5.927,-11.391,-13.313,-11.825,-7.486,-10.343,-7.909,-3.894,-6.094,-5.620,-14.454,-12.207,-4.876,-14.573,0.000,-11.350,-7.819,2.244,-7.321,-12.433,-10.051,-8.922,-10.382,-10.376,-9.109,-10.321,-11.897,-10.525,-13.647,-14.314,-7.751,-11.179,-14.951,-15.586,-13.558,-12.855,-14.705,-12.113,-9.389,-12.397,-12.448,0.000,-3.423,-7.740,0.000,-16.598,-15.137,-5.406,-7.849,-12.109,-7.471,-10.965,-15.165,-14.495,-10.534,-13.058,-2.536,-13.742,-11.620,-17.843,-3.411,-9.174,-9.164,-6.021,-10.889,-7.303,-13.652,-9.251,-12.806,-10.759,0.000,-11.722,-5.453,-4.651,-7.828,0.000,-13.955,-12.055,-12.014,-10.999,-16.860,-9.853,-10.321,-10.307,-13.831,-9.392,-10.638,0.000,-10.850,-0.036,-8.927,-9.396,-9.842,-9.013,-4.920,-9.591,-10.924,-7.547,-8.492,-3.642,-11.625,0.000,-7.300,-8.765,-11.622,-14.791,0.000,-17.384,-6.795,-7.857,-12.642,-14.150,-9.663,-14.853,-5.472,-3.908,-9.398,-12.383,-5.207,-9.141,-8.343,-9.528,-8.314,-12.614,-2.555,0.000,-8.591,-5.292,-8.380,-6.373,-7.342,-4.320,-3.354,-1.284,-3.854,-4.768,-4.682,-4.615,-5.236,-4.587,0.000,-4.125,-5.606,-5.758,-7.700,-5.935,-4.693,-1.348,-3.671,-4.232,-4.072,-2.635,0.000,-4.564,-2.937,-4.206,-4.820,0.000,-2.616,-4.580,0.000,-5.629,-3.354,-5.851,-8.484,-4.807,-6.287,-2.122,-4.347,-3.041,-6.770,-5.141,-4.891,-3.730,-4.443,-4.783,-3.117,-5.615,-2.837,-3.851,-4.131,-3.922,-4.002,-3.857,-3.790,-3.938,-2.902,-2.789,-4.687,-4.320,-4.300,-5.049,-2.619,-5.252,-4.102,-4.142,-4.194,-4.725,-4.523,-3.511,-2.631,-3.883,-4.321,-4.893,-5.054,-3.987,-3.118,-4.865,0.000,-4.731,-2.633,0.000,-2.008,-4.308,-4.372,-3.465,-4.354,-4.430,-3.796,-5.293,-3.345,-3.351,-4.035,-5.215,-6.182,-7.258,-12.523,-7.684,-5.545,-7.104
L,-10.709,-6.815,-4.243,-3.147,-10.161,-8.361,-6.946,-3.778,-4.753,-6.792,-10.554,-13.478,-6.722,0.000,0.000,-13.556,-4.882,0.000,0.000,-8.026,-17.331,-12.500,-1.927,-14.482,-15.022,-16.602,-11.894,-8.641,-10.301,-5.802,0.000,-4.970,-8.017,0.000,-5.860,-9.853,-6.434,-4.752,-1.945,-3.937,-4.403,-4.565,-1.570,-4.872,-3.774,0.000,-2.446,-10.913,-8.395,-13.526,-11.859,-12.154,-10.418,-12.590,-8.935,-6.101,0.000,0.000,-14.774,-11.710,-5.166,-12.110,-8.352,-10.645,0.000,-0.937,0.000,-8.478,-16.277,-10.551,-9.449,-11.866,-6.458,-10.586,-9.823,-9.668,-11.755,-13.740,-9.756,-8.406,-10.637,-11.383,-10.030,-11.777,-11.020,-13.077,-14.890,-10.748,-16.210,-5.156,-4.142,0.000,-8.715,-14.084,-16.878,-8.353,-10.333,-14.625,-8.205,-7.528,-10.669,-10.762,-10.365,-15.892,-2.154,-15.510,-8.271,-13.613,-1.836,-8.375,-9.312,-9.043,-11.856,-5.619,-12.922,-11.398,-10.821,-11.940,-10.241,-10.238,-4.816,-7.640,0.000,-8.323,-18.041,-12.069,-11.032,0.000,-15.477,0.000,-15.060,-8.185,-11.754,-12.264,-10.839,-10.943,-8.214,-2.186,-8.957,-8.260,-12.160,-6.429,-4.210,-7.069,-13.870,-7.189,-7.835,0.000,-11.576,-1.577,-5.103,-4.463,-8.798,-15.341,-8.301,-15.271,-8.474,0.000,-12.265,-14.718,-8.372,-12.856,-7.256,-6.896,-9.577,-10.979,-5.123,-8.920,-8.522,0.000,-12.509,-11.848,-5.422,-8.689,0.000,0.000,-7.389,-6.644,-8.215,0.000,-1.729,-0.853,0.000,-3.622,-4.245,-3.838,-4.845,-2.589,-5.386,0.000,-4.871,0.000,-7.565,-5.672,0.000,-1.849,-3.125,-3.492,-3.597,-2.362,-2.896,-3.996,-2.638,-3.538,-4.674,-2.878,-2.233,0.000,-2.988,-4.699,-3.040,0.000,-7.589,0.000,-6.142,-1.934,-4.193,0.000,-5.975,-4.323,-4.532,0.000,-3.721,-4.576,-2.365,-5.263,-2.052,-3.538,-3.714,-3.420,0.000,-3.502,-2.800,-3.357,-2.265,-2.128,-3.862,-3.708,0.000,-4.642,-1.664,-4.265,0.000,-3.565,-3.432,-3.933,-3.236,-2.248,-1.805,-3.037,-3.909,-4.221,-4.151,0.000,-2.580,-4.231,-3.275,-4.700,-2.734,-3.029,-1.815,-4.184,-4.361,-3.484,-3.936,-3.882,-3.739,-5.115,-2.999,-2.442,-2.363,-4.663,-5.846,-6.641,-12.182,-8.252,-5.127,-4.314
I,-11.481,-7.236,-5.799,-4.178,-11.263,-9.280,-9.577,-3.053,-8.283,-7.681,-12.786,-14.107,-9.516,-10.845,-4.377,-14.341,-3.144,-9.461,-7.358,-6.095,-17.050,-13.908,-1.893,-13.211,-10.300,-15.356,-11.172,-8.812,-12.899,0.000,-6.883,-7.979,-9.029,-6.772,-7.714,-11.304,-7.397,-5.322,-3.832,-4.486,-4.779,-6.192,-3.734,-5.822,-5.030,-4.131,-1.187,-10.450,0.000,-13.162,-13.679,-11.851,-4.566,-11.749,-6.958,0.000,-5.302,-6.789,-16.761,-14.632,-4.895,-13.761,-2.808,-11.317,-6.538,1.154,-5.730,-12.304,-13.157,-6.233,-11.650,-12.187,-9.061,-13.545,-10.855,-11.328,-13.309,-11.484,0.000,-7.586,-13.602,-14.977,-13.176,-11.117,-13.896,-14.081,-13.144,-14.995,-15.563,0.167,0.000,-7.715,-7.049,-16.247,-18.224,0.000,-6.655,-12.634,-8.449,-11.087,-14.196,-15.626,-12.423,-14.644,1.166,-15.408,-10.437,-17.512,0.000,-7.810,-9.990,0.000,-13.027,-9.012,-15.648,-10.609,-14.095,-12.272,-6.720,-12.477,-5.261,0.000,-6.978,-5.834,-17.802,-10.844,-12.637,-8.453,-17.903,-10.031,-13.848,-10.573,-13.675,-10.094,-14.383,-7.502,-11.442,-0.560,-10.654,-10.831,-12.287,-8.775,-5.371,-11.639,-13.371,-8.698,-8.864,-3.982,-13.503,-0.716,-6.764,-9.307,-8.581,-18.418,-4.862,-16.612,-9.589,-8.723,-9.484,-14.623,-6.996,-13.136,0.000,0.000,-11.358,-13.147,-4.934,-10.463,-8.907,-9.680,-10.879,-12.909,0.000,-7.602,-7.643,-3.598,-8.780,-5.203,-8.537,-4.800,-4.175,-2.148,-4.681,-5.462,-5.199,-5.214,-5.973,-4.670,-5.043,-4.211,-5.712,-6.000,-8.656,-6.659,-4.616,-2.191,-4.184,-4.390,-4.364,0.000,-3.411,-4.868,-3.562,-4.595,-5.739,-4.090,-3.045,-5.133,-3.894,-6.101,-4.274,-5.334,-8.805,-5.026,-6.507,0.000,-4.740,-3.749,-6.900,-5.464,-5.294,-3.600,-4.469,-5.331,-3.052,-6.086,-3.200,-4.284,-4.778,-4.254,-4.026,-4.498,-3.986,-4.442,-3.367,-3.321,-5.032,-4.762,-4.151,-5.473,-3.053,-5.347,-4.491,-4.622,-4.677,-4.937,-4.504,-3.472,-2.930,-3.926,-4.586,-5.147,-5.174,-4.167,-3.768,-5.372,-4.110,-5.455,0.000,-3.695,-2.321,-4.909,-5.201,-4.352,-4.822,-4.956,-4.730,-5.997,-3.520,-3.309,-3.670,-5.555,-6.348,-6.904,-12.608,-7.798,0.000,-7.295
M,0.000,-4.721,-7.465,-5.208,-12.256,-10.600,-9.691,-5.653,-8.082,-7.904,-12.847,-14.737,-11.327,-10.065,-4.386,-14.676,-9.051,-9.173,-8.468,-10.402,-18.234,-13.422,-1.079,-14.741,-11.873,-16.417,-10.890,-6.887,-12.672,-9.840,-6.517,-6.428,-8.609,-9.242,-6.093,-11.074,-8.047,-6.118,-4.646,-5.524,-5.590,-6.712,-4.568,-6.574,-6.202,-4.701,-2.149,-11.138,-7.086,-15.065,-14.326,-10.545,-8.103,-10.583,-7.884,-7.202,-6.376,-8.161,-16.388,-14.065,-3.837,-12.134,-7.897,-9.706,-7.903,0.521,-7.861,-11.894,-15.338,-8.684,-11.732,-14.105,-7.873,-12.758,-11.041,-12.897,-14.622,-12.240,-9.244,-11.530,-13.284,-14.090,-15.794,-13.313,-13.908,-12.513,-13.432,-11.596,-17.148,-8.596,-7.421,-7.144,-6.825,-17.199,-20.075,-6.620,-7.633,-14.038,-6.263,-11.326,-12.204,-14.334,-12.032,-15.319,0.000,-16.273,-9.830,-16.534,-4.293,-7.604,-7.738,-11.424,-12.108,-7.187,-15.086,-10.596,-13.643,-12.561,-10.222,-14.960,-5.016,-8.715,-9.428,-10.855,-18.707,-10.886,-9.739,-9.497,-17.940,-5.260,-13.750,-11.037,-10.869,-9.524,-10.522,-10.788,-10.667,-0.461,-10.566,-8.011,-13.136,-8.162,-5.355,-9.668,-13.156,-8.083,-8.328,-4.492,-11.183,-0.539,-6.130,-10.082,-8.726,-15.923,-10.248,-17.667,-10.235,-8.776,-13.255,-15.965,-10.819,-12.814,-8.952,-5.255,-9.996,-13.494,-5.091,-9.800,-6.854,-7.651,-11.886,-12.430,-6.863,-9.386,-7.934,-2.922,-8.558,-5.621,-9.245,-3.904,-3.390,-2.023,-4.365,-5.257,-5.700,-5.655,-6.294,-5.420,-6.039,-5.236,-6.716,-6.514,-8.357,-7.101,-5.666,-3.273,-4.471,-5.459,-4.896,-3.784,-4.577,-5.905,-3.498,-5.306,-6.090,-4.789,-4.189,-5.213,-4.174,-6.331,-4.611,-5.882,-9.642,-5.176,-7.449,-3.777,-5.517,-4.013,-7.775,-5.428,-5.744,-4.547,-5.357,-5.507,-3.605,-6.308,0.000,-4.384,-4.589,-4.663,-4.463,-4.473,-4.109,-4.281,0.000,0.000,-4.587,-4.731,-4.714,-6.011,-3.207,-6.053,-4.562,-4.834,-4.755,-5.566,-5.183,-4.059,-3.119,-4.867,-5.189,-5.749,-6.005,-5.027,-3.808,-5.751,-4.017,-6.131,-3.730,-4.882,-3.451,-5.794,-6.244,-5.331,-5.566,-5.889,-5.372,-6.814,-4.681,-4.145,-3.820,-6.080,-6.517,-7.884,-13.816,-9.062,-7.020,-6.032
P,-10.937,-5.250,-4.471,0.000,-10.157,-7.193,0.000,-6.042,-5.194,-4.389,-10.255,-11.837,-11.696,-12.639,-15.394,-14.897,-14.135,-13.313,-14.672,-15.014,-18.111,-11.544,-1.688,-15.751,-15.584,-14.310,-14.855,-7.400,-12.697,-15.603,-10.839,-9.582,-9.240,-10.860,-7.162,-9.314,-2.507,-3.929,-3.212,-3.387,-4.704,0.000,-1.709,-4.230,-3.248,-3.674,-3.607,-10.367,-11.400,-14.495,-15.212,-12.995,-13.052,-13.504,-11.696,-14.047,-11.332,-11.870,-17.474,-15.168,-7.517,-10.884,-15.859,-12.006,-12.943,-4.608,-12.101,-10.458,-14.105,-10.938,-8.875,-12.354,-7.934,-9.385,-10.839,-16.304,-14.025,-12.270,-16.599,-13.833,-8.242,-13.094,-13.910,-12.902,-12.680,-13.218,-12.801,-12.107,-16.995,-12.764,-13.972,-14.708,-14.487,-17.747,-17.564,-15.055,-10.282,-14.580,-6.846,-10.361,-15.642,-18.855,-12.204,-14.966,-14.474,-14.968,-11.742,-13.760,-14.267,-10.711,-10.614,-16.055,-15.615,-14.356,-14.078,-14.526,0.000,-12.203,-13.167,0.000,-8.645,-17.183,-15.409,-13.308,-17.092,-11.857,-14.860,-12.392,-17.760,-10.941,-12.800,-9.447,-15.901,-14.546,-15.245,-13.856,0.000,-1.761,-8.916,-10.392,-11.872,-11.747,-7.319,-12.521,-11.639,-9.848,-7.201,-10.766,-11.937,-8.040,-2.494,-12.263,-16.202,-13.190,-13.976,-14.750,0.000,-11.168,-15.629,-12.824,-16.446,-16.729,-14.988,-7.743,-10.041,-6.659,-11.091,-12.958,-13.659,-15.253,-11.934,-14.124,-13.285,-10.730,-11.794,-10.185,-9.436,-9.471,-7.080,-4.234,-2.487,-0.403,-2.579,-3.621,-4.460,0.000,-4.743,-4.061,-5.534,-6.577,-6.809,-6.974,-7.695,-6.061,-4.742,-3.560,-3.383,-3.822,-2.605,-0.608,-2.547,-3.172,-1.433,-2.566,0.000,-1.746,-1.411,-3.753,-4.836,-3.629,-1.709,-5.847,0.000,-4.364,0.000,1.187,-2.667,-3.393,-4.518,-4.336,-3.045,-4.542,-3.556,-4.817,-2.536,-5.240,-1.451,-3.405,-2.884,-3.202,-3.327,-2.485,-2.217,-3.197,-2.005,-2.260,-3.566,-3.040,-3.204,-4.595,-0.762,-3.958,-2.838,-2.560,-2.721,-3.497,-3.035,-2.978,-1.758,-3.347,-3.656,-3.501,-3.643,-3.136,-1.094,-2.497,-1.477,-2.401,-0.949,-1.723,-0.772,0.000,0.000,-2.230,-2.868,0.000,0.000,-4.611,-2.290,-2.078,-4.315,-4.491,-6.739,-6.795,-13.114,-10.456,-9.281,-7.973
Y,-13.344,-9.128,-5.176,-3.978,-8.406,-8.663,-11.372,-8.093,-4.683,-6.644,0.000,-10.899,-1.711,-13.742,-12.703,-14.583,-9.539,-16.916,-15.989,-16.413,-18.916,-9.435,-3.361,-8.815,-16.303,-12.425,-11.667,-9.487,-9.763,-17.564,-11.662,-5.887,-7.828,-8.258,-7.347,-10.493,-8.787,-5.176,-3.992,-6.795,-5.415,-6.469,0.000,-6.430,-3.220,-5.652,-7.043,-11.267,-13.226,-9.536,0.000,-10.935,-12.733,-15.202,-14.885,-17.052,-7.392,-14.187,-13.583,-13.143,-6.540,-13.473,-12.612,-12.406,-10.930,-5.819,-13.368,-8.697,-10.065,-14.518,-10.252,-11.576,-7.853,-10.360,-10.246,-8.386,-6.791,-14.465,-16.681,-10.598,-9.692,-13.217,0.000,-11.166,-13.649,-11.060,-17.306,-13.923,-16.907,-13.136,-11.797,-13.418,-18.974,0.000,-14.336,-18.543,-11.027,-11.281,-7.926,-8.180,-15.492,-9.418,-10.040,-14.824,-11.035,-13.169,-10.951,-13.181,-8.831,-9.216,-9.349,-16.908,-10.440,-10.689,-6.177,-11.767,-12.952,-11.636,-16.158,-9.677,-9.467,-15.580,-16.489,-17.265,-17.473,-8.459,-11.469,-14.326,-11.277,-10.443,-13.729,-7.194,-13.695,-14.486,-14.311,-15.707,-12.083,-4.640,-9.969,-10.726,-13.123,-7.089,-7.197,0.000,-14.824,-9.616,-9.698,-6.940,-12.235,-7.825,-9.068,-6.590,-7.647,-16.768,-13.148,-12.999,-11.963,-8.028,-6.785,-12.077,-5.232,-9.374,-13.653,-7.347,-12.667,-13.233,-11.653,-9.429,-10.200,-15.343,-13.337,-11.636,-7.261,-11.987,-11.282,-8.231,-7.435,-6.144,-8.376,-6.332,-4.560,-2.726,-4.893,-5.516,-6.074,-6.021,-6.062,-6.330,-7.698,-7.686,-7.405,-7.059,-8.101,-6.326,-5.347,-2.366,-3.427,-4.508,-3.978,-3.474,-4.615,-5.140,-3.528,-5.108,-5.574,-3.634,-4.598,-5.719,-3.754,-5.864,-2.831,-7.293,-7.941,-5.368,-7.041,-5.185,-4.292,-4.318,-6.819,-5.524,-5.218,-5.542,-4.407,-5.566,-3.957,-6.073,-3.994,-4.963,-4.850,-4.186,-4.772,-3.637,-4.295,-4.860,-3.778,-3.766,-5.416,-5.080,-4.514,-5.968,0.000,-5.866,-4.784,-4.493,-4.607,-5.494,-5.377,-4.353,-3.821,-4.569,-5.098,-5.397,-5.998,-4.996,-4.004,-5.174,-4.578,-5.175,-4.323,-4.280,-3.822,-6.049,-5.681,-5.109,-5.996,-5.891,-5.603,-6.846,-4.674,-3.939,-5.282,-6.243,-7.276,-7.764,-11.417,-10.037,-10.960,-8.821
F,-12.444,-8.805,-4.489,-4.544,-10.043,-9.439,-10.354,-6.349,-5.810,-7.303,-6.373,-14.049,0.000,-10.817,-8.256,-15.110,0.000,-11.962,-7.941,-13.003,-17.582,-12.699,-0.901,-12.435,-15.893,-14.245,-12.887,-10.950,-11.607,-8.743,-8.836,-6.573,-8.128,-5.908,-8.061,-11.823,-8.818,-4.962,-1.629,-6.223,-4.974,-6.659,-2.348,-6.420,-4.044,-4.634,-4.733,-10.960,-9.585,-10.748,-8.388,-12.311,-9.907,-13.285,-10.043,-9.357,-7.140,-9.599,-16.012,-12.545,-7.938,-15.961,-9.672,-13.194,-8.752,-4.789,-6.917,-9.450,-14.630,-11.502,-9.878,-11.512,-10.064,-11.445,-9.618,0.000,-8.931,-13.336,-12.527,0.000,-13.375,-13.956,-7.319,-11.108,-14.027,-13.272,-15.377,-15.446,-15.885,-7.482,-6.583,-8.215,-10.583,-6.980,-18.505,-12.764,-10.239,-12.702,-9.870,-9.249,-12.671,0.000,-13.191,-15.633,-6.952,-16.598,-11.699,-13.146,-6.135,-10.355,-12.883,-14.497,-14.224,-10.226,-10.408,-11.857,-13.785,-12.898,-12.764,-11.149,-8.247,-10.359,-10.599,-13.920,-17.567,-12.022,-11.926,-11.270,-15.598,-10.564,-13.699,0.000,-15.359,-15.758,-14.576,-12.497,-11.886,-3.310,-11.091,-12.046,-13.602,-7.434,-7.083,-6.609,-14.589,-10.429,-10.199,-5.704,-13.378,-2.799,-9.076,0.000,0.000,-14.995,-11.065,-12.875,-9.597,-6.148,-9.220,-15.778,0.000,-12.508,-10.567,-8.896,-13.462,-12.093,0.000,-9.723,-10.878,-12.341,-11.978,-13.728,-7.275,-10.592,-9.262,-7.145,-8.733,-8.185,-8.919,-5.685,-4.049,-2.472,-4.847,-5.290,-5.474,-5.147,-6.139,-5.786,-6.869,-5.290,-6.351,-5.997,-8.544,-6.705,-4.796,-3.001,-4.095,-4.366,-4.378,-3.577,-3.806,-4.832,-3.744,-4.429,-5.616,-3.892,-4.005,-5.705,-4.866,-5.806,-3.271,-6.479,-8.142,-5.393,-7.279,-4.454,-5.132,-4.870,-7.482,-6.137,-5.530,-5.209,-5.024,-5.803,0.000,-6.315,-3.364,-4.539,-4.822,-4.599,-4.626,-4.639,-4.171,-4.145,-3.588,-3.490,-5.199,-4.648,-4.400,-5.620,-2.891,-5.398,-4.327,-4.720,-4.467,-5.315,-4.785,-3.522,-3.248,-4.223,-5.029,-5.263,-5.324,-4.258,-3.820,-5.351,-4.760,-5.601,-4.253,-4.228,-3.520,-5.424,-5.650,-5.121,-5.705,-5.241,-5.220,-6.562,-3.551,-3.274,-2.894,-5.293,-5.749,-7.185,-11.546,-10.171,-8.590,-7.392
W,-14.290,-8.499,-7.140,-5.825,-11.323,-11.222,-11.832,-9.813,-4.938,-9.544,-11.349,-15.318,-9.514,-14.119,-14.889,-16.237,-14.594,-15.957,-16.519,-17.481,-12.207,-14.647,-4.007,-15.135,-19.371,-13.132,-13.642,-10.982,-10.218,-19.553,-9.305,-8.777,-10.527,-11.423,-8.198,-12.576,-10.498,-7.729,-4.841,-8.634,-8.609,-8.545,-5.666,-8.280,-7.304,-6.897,-8.753,-11.250,-13.127,-14.411,-15.899,-11.943,-16.263,-8.472,-12.170,-17.365,-11.877,-14.006,-16.535,-12.076,-5.532,-10.222,-15.974,-11.339,-15.281,-5.212,-15.901,0.000,-17.196,-16.463,-11.624,-10.971,-9.632,-12.392,-12.075,-14.401,-10.561,-16.365,-18.082,-13.819,-9.152,-15.090,-12.861,-12.808,-10.364,-10.555,-17.877,-17.000,-14.211,-13.401,-13.889,-15.511,-18.938,-16.554,-19.164,-18.103,-13.342,-16.051,-9.926,0.000,-15.068,-13.364,-12.311,-14.103,-11.572,-18.291,-10.387,0.000,-8.868,-9.705,-9.576,-17.941,-13.793,-13.527,-13.633,-12.848,-13.008,-10.801,-16.410,-14.150,-7.728,-16.979,-16.633,-18.719,-14.098,-13.702,-11.074,-14.001,-17.237,-9.749,-14.832,-11.351,-12.857,-10.694,-13.623,-15.965,-12.191,-5.512,-10.299,-8.961,-15.640,-6.244,-7.367,-9.347,-13.826,-9.402,-9.597,-7.943,-12.232,-8.094,-10.006,-12.401,-13.268,-17.759,-16.353,-16.585,-17.403,-12.659,-11.788,-15.599,-13.437,-13.110,-15.671,-10.214,-13.082,-15.662,-12.562,-14.956,-11.450,-16.344,-15.255,-10.673,-10.506,-13.387,-11.820,-8.173,-8.049,-7.369,-7.349,-6.223,-3.223,0.000,-4.682,-3.347,-6.238,-6.302,-6.700,-5.753,-8.166,-9.054,-9.251,-8.093,-8.669,-7.044,-6.243,-5.496,-5.038,-5.439,-5.210,-4.522,-5.226,-5.910,-4.291,-5.593,-6.055,-2.797,-4.791,-6.265,-7.459,-6.891,-4.290,-9.339,-7.497,-8.139,-8.520,-5.848,-4.897,-6.704,-7.247,-7.005,-6.347,-6.471,-5.742,-7.086,-5.452,-7.362,-4.692,-5.604,-6.059,-6.165,-5.764,-5.217,-5.002,-5.549,-4.687,-4.728,-6.199,-5.622,-6.016,-6.848,-4.488,-6.710,-5.794,-5.697,-5.555,-6.704,-6.275,-5.268,-4.109,-5.569,-6.136,-6.650,-6.896,-5.950,-4.981,-6.674,-5.683,-6.911,-5.700,-5.911,-5.654,-7.146,-7.398,-6.551,-7.450,-6.611,-5.979,-6.986,-6.163,-4.663,-4.808,-6.125,-7.376,-9.713,-12.996,-10.381,-12.114,-9.573
