,M 1,A 2,A 3,A 4,S 5,A 6,M 7,A 8,E 9,A 10,S 11,S 12,E 13,T 14,T 15,S 16,E 17,E 18,G 19,Q 20,S 21,I 22,Q 23,E 24,P 25,K 26,E 27,A 28,N 29,S 30,T 31,K 32,A 33,Q 34,K 35,Q 36,K 37,R 38,R 39,G 40,C 41,R 42,G 43,S 44,R 45,R 46,R 47,H 48,A 49,N 50,R 51,R 52,G 53,D 54,S 55,F 56,G 57,D 58,S 59,F 60,T 61,P 62,Y 63,F 64,P 65,R 66,V 67,L 68,K 69,Q 70,V 71,H 72,Q 73,G 74,L 75,S 76,L 77,S 78,Q 79,E 80,A 81,V 82,S 83,V 84,M 85,D 86,S 87,M 88,I 89,H 90,D 91,I 92,L 93,D 94,R 95,I 96,A 97,T 98,E 99,A 100,G 101,Q 102,L 103,A 104,H 105,Y 106,T 107,K 108,R 109,V 110,T 111,I 112,T 113,S 114,R 115,D 116,I 117,Q 118,M 119,A 120,V 121,R 122,L 123,L 124,L 125,P 126,G 127,K 128,M 129,G 130,K 131,L 132,A 133,E 134,A 135,Q 136,G 137,T 138,N 139,A 140,A 141,L 142,R 143,T 144,S 145,L 146,C 147,A 148,I 149,W 150,Q 151,Q 152,R 153,K 154
K,-8.425,-5.960,-4.652,-4.932,-3.848,-4.589,-2.534,-5.141,-4.894,-4.317,-4.396,-3.652,-4.265,-3.571,-3.231,-3.148,-4.149,-4.486,-2.956,-3.241,-3.367,-2.107,-3.551,-4.197,-3.257,0.000,-3.590,-3.200,-1.748,-3.350,-2.994,0.000,-2.551,-2.402,0.000,-1.966,0.000,-4.138,-4.149,-3.754,-0.460,-3.225,-3.814,-2.837,-4.521,-4.444,-4.547,-2.148,-2.260,-1.957,-4.388,-4.328,-2.941,-2.399,-3.865,-1.539,-2.704,-4.201,-6.045,-7.076,-4.225,-1.434,-8.697,-13.226,-6.168,-6.135,-10.524,-11.333,0.000,-6.850,-11.235,-8.166,-3.298,-7.515,-9.066,-7.949,-12.983,-9.900,-3.086,-3.313,-12.662,-7.371,-6.415,-10.888,-10.503,-8.745,-9.553,-9.063,-9.267,-3.398,-9.522,-9.533,-10.756,-4.900,-6.561,-11.603,-11.313,-5.658,-6.802,-14.750,-6.943,-3.636,-11.379,-10.336,-4.764,-7.510,-5.980,0.000,-4.512,-3.786,-7.960,-10.978,-7.439,-8.838,-4.696,-7.666,-12.189,-6.963,-4.910,-11.088,-10.437,-5.409,-10.292,-8.881,-10.165,-10.104,-8.113,0.000,-7.119,-7.037,0.000,-5.389,-7.553,-3.368,-4.371,-2.668,-5.004,-3.923,-0.727,-3.424,-4.524,-3.993,-3.587,-3.679,-4.295,-4.526,-2.178,-3.352,-3.144,-1.953,-2.966,-2.631,-2.998,0.000
R,-8.420,-6.599,-5.376,-5.509,-4.557,-5.221,-3.011,-6.014,-5.378,-4.874,-4.978,-4.234,-4.609,-4.057,-3.806,-3.962,-4.800,-5.073,-3.875,-3.809,-4.009,-2.942,-4.521,-5.036,-4.170,-4.304,-4.683,-4.376,-2.986,-4.358,-4.029,-4.453,-3.593,-3.528,-3.886,-2.100,-3.082,0.000,0.000,-2.519,-0.056,0.000,-2.680,-1.764,0.000,0.000,0.000,-0.921,-0.551,-0.048,0.000,0.000,-1.527,-0.532,-2.438,0.800,-2.187,-3.670,-4.875,-5.681,-3.537,-0.540,-7.302,-11.428,-5.934,0.000,-10.430,-9.519,-4.154,-6.754,-11.074,-6.124,-3.390,-6.682,-8.283,-6.199,-11.043,-8.482,-2.082,-4.921,-11.725,-7.586,-5.850,-10.192,-9.941,-9.304,-8.638,-8.425,-8.880,-4.157,-10.612,-10.017,-9.299,-6.868,0.000,-12.053,-10.589,-5.224,-8.966,-13.100,-6.496,-0.897,-9.607,-9.552,-2.857,-5.659,-6.186,-4.186,0.000,-3.873,-9.405,-10.705,-7.029,-7.538,0.000,-10.011,-12.050,-6.372,-4.466,-10.687,-9.737,0.000,-9.156,-7.330,-8.548,-8.278,-6.600,-5.548,-5.935,-6.182,-3.851,-3.793,-7.261,-3.302,-4.044,-3.533,-4.046,-4.067,-2.141,-3.199,-3.827,-4.111,0.000,-3.042,-3.521,-3.830,-1.879,-2.928,-2.649,-1.468,-2.850,-2.508,0.000,-3.476
H,-10.463,-8.179,-7.073,-6.430,-6.049,-6.328,-4.273,-7.304,-6.788,-5.611,-5.752,-5.655,-5.317,-4.992,-4.756,-5.483,-5.764,-5.854,-4.667,-4.383,-4.859,-3.224,-5.306,-6.013,-5.148,-5.295,-6.249,-5.612,-4.274,-5.579,-5.250,-5.456,-5.256,-5.214,-5.460,-4.826,-5.253,-5.400,-5.672,-4.962,-2.339,-5.534,-5.171,-4.010,-5.200,-5.065,-4.797,0.000,-2.346,-2.291,-4.635,-4.453,-3.875,-2.952,-4.570,-1.491,-3.642,-4.957,-6.384,-6.482,-5.018,-2.803,-5.974,-11.740,-6.469,-6.162,-11.196,-10.127,-6.962,-6.978,-10.936,0.000,-4.798,-7.108,-8.793,-7.127,-11.100,-9.554,-3.984,-6.817,-12.671,-9.813,-6.453,-10.954,-10.599,-7.407,-9.371,-7.571,-9.992,0.000,-8.372,-10.103,-7.758,-6.811,-6.504,-12.672,-11.728,-5.936,-9.387,-13.684,-7.139,-3.646,-9.363,-10.584,0.000,-4.483,-6.059,-5.532,-5.109,-5.003,-10.619,-11.031,-7.712,-9.132,-5.881,-8.583,-13.052,-4.664,-4.350,-8.827,-11.372,-4.621,-9.010,-9.271,-8.697,-7.857,-9.275,-5.483,-5.813,-7.448,-6.730,-0.914,-8.732,-4.450,-5.339,-4.759,-5.840,-5.381,-4.479,-4.498,-4.887,-4.673,-4.171,-3.765,-3.693,-5.008,-2.861,-3.839,-3.577,-2.483,-4.063,-3.832,-4.660,-4.563
E,-7.947,-4.054,-2.710,-3.474,-1.851,-3.461,-0.882,-3.365,0.000,-3.082,-3.583,-3.093,0.000,-2.383,-2.801,-2.892,0.000,0.000,-2.101,-2.354,-2.036,-1.360,-2.238,0.000,-2.295,-2.276,0.000,-2.387,-1.507,-2.857,-2.773,-2.762,-2.921,-3.622,-4.218,-3.479,-5.177,-6.087,-5.481,-5.694,-3.532,-5.761,-5.570,-5.062,-6.595,-5.724,-6.179,-3.578,-4.124,-2.921,-5.140,-4.301,-4.145,-3.425,-4.755,-2.055,-3.390,-2.861,-6.507,-7.586,-4.853,-3.175,-8.639,-13.154,-7.762,-8.300,-10.598,-12.424,-7.891,-6.196,-10.524,-8.382,-1.430,-6.350,-10.213,-8.572,-13.086,-10.713,-4.640,0.000,-9.695,-8.802,-6.639,-9.729,-10.762,-6.615,-9.764,-9.033,-8.363,-3.973,-7.004,-9.442,-10.424,-2.180,-9.318,-11.821,-9.583,-3.954,0.000,-11.382,-3.591,-6.109,-10.296,-9.829,-6.614,-7.108,-6.996,-4.999,-8.776,-5.746,-11.329,-11.929,-8.909,-8.512,-7.374,-2.540,-12.276,-6.348,-4.929,-8.564,-9.604,-7.679,-10.960,-9.518,-10.704,-9.359,-6.454,-0.024,-7.550,-6.726,-4.611,-5.126,-6.890,0.000,-3.905,0.019,-4.426,-4.304,-2.564,-3.563,-4.435,-4.751,-3.988,-3.978,-4.488,-5.024,-2.161,-3.791,-3.443,-2.315,-3.661,-3.388,-3.986,-3.976
D,-9.790,-5.445,-3.967,-3.901,-3.772,-4.349,-2.377,-4.875,-4.823,-3.738,-4.616,-4.764,-4.203,-3.627,-4.021,-4.734,-4.746,-3.961,-3.130,-2.805,-3.425,-2.210,-3.638,-4.524,-3.279,-3.670,-4.423,-3.531,-2.547,-4.054,-3.804,-3.826,-4.178,-4.595,-5.379,-4.770,-6.210,-7.015,-6.386,-6.158,-3.953,-6.443,-5.949,-5.344,-6.793,-5.488,-5.775,-3.697,-4.181,-3.407,-4.918,-4.233,-4.158,0.000,-4.229,-2.352,-3.848,0.000,-6.177,-7.257,-5.257,-3.476,-7.574,-12.638,-8.825,-9.174,-10.934,-12.920,-10.246,-8.903,-11.668,-7.799,-3.886,-4.419,-11.729,-8.429,-13.337,-9.610,-5.498,-6.044,-10.061,-10.782,-6.194,-10.558,-12.486,0.000,-8.784,-10.203,-8.788,-2.885,0.000,-10.512,-9.642,0.000,-10.367,-12.924,-10.067,-4.562,-7.464,-11.148,-7.027,-7.041,-13.272,-10.823,-7.120,-6.947,-6.448,-6.235,-9.728,-4.873,-11.616,-11.784,-9.480,-8.103,-8.934,0.000,-12.440,-8.171,-4.958,-10.398,-10.457,-9.155,-11.166,-10.432,-11.693,-9.017,-6.934,-2.524,-8.455,-7.303,-6.579,-5.157,-7.732,-4.462,-4.873,-2.976,-4.678,-4.910,-4.197,-4.435,-4.633,-4.831,-4.480,-4.118,-4.688,-5.193,-2.174,-3.765,-3.632,-2.349,-3.835,-3.593,-4.680,-4.488
N,-10.046,-6.778,-5.460,-5.008,-4.664,-5.111,-3.096,-6.026,-5.536,-4.478,-4.786,-4.715,-4.201,-4.148,-4.090,-4.511,-4.908,-4.234,-3.397,-3.295,-4.027,-2.613,-4.398,-4.953,-3.548,-4.109,-5.053,-3.807,0.000,-4.447,-3.908,-4.374,-4.218,-3.905,-5.069,-4.245,-5.331,-6.023,-5.967,-5.179,-2.621,-6.046,-5.136,-4.391,-5.740,-5.188,-5.395,-3.409,-3.186,0.000,-4.790,-4.958,-4.143,-3.241,-4.212,-2.766,-4.053,-4.457,-5.612,-7.311,-4.985,-2.424,-7.282,-12.707,-7.892,-8.332,-10.050,-11.474,-7.838,-8.921,-10.811,-6.893,-5.373,-5.390,-9.836,-7.000,-11.861,-8.095,-5.204,-6.336,-11.542,-9.314,-5.266,-10.455,-11.351,-5.487,-7.390,-8.806,-8.388,-0.202,-6.734,-9.097,-8.393,-5.942,-8.894,-11.849,-10.225,-4.904,-9.280,-13.051,-5.963,-5.387,-11.699,-10.532,-5.886,-6.493,-2.699,-4.384,-7.592,-2.365,-8.259,-9.498,-6.609,-7.504,-7.801,-7.672,-12.096,-7.864,-3.329,-11.092,-10.178,-7.866,-9.327,-9.271,-10.348,-9.344,-8.219,-4.779,-7.378,-7.926,-5.908,-4.663,-8.596,-3.967,-4.483,-4.640,-5.550,-4.942,0.000,-4.383,-4.786,-3.596,-3.816,-3.746,-4.325,-4.794,-1.162,-3.486,-3.535,-2.032,-3.662,-3.275,-4.293,-4.204
Q,-8.369,-6.360,-5.070,-5.240,-4.148,-4.957,-2.433,-5.399,-4.942,-4.389,-4.294,-3.501,-3.953,-3.550,-3.214,-3.222,-3.768,-4.329,-2.863,0.000,-2.667,-1.710,0.000,-4.276,-3.526,-3.031,-4.297,-3.560,-2.446,-3.530,-3.397,-3.455,-3.060,0.000,-3.456,0.000,-4.025,-4.916,-5.123,-4.802,-2.228,-5.303,-4.875,-3.910,-5.537,-5.408,-5.325,-3.218,-2.668,-2.412,-5.035,-4.353,-3.627,-3.262,-5.084,-1.568,-3.300,-4.362,-6.823,-6.981,-4.675,-2.227,-7.776,-12.102,-5.861,-6.080,-10.457,-9.633,-6.379,0.000,-10.705,-5.418,0.000,-8.074,-7.959,-7.764,-11.115,-10.154,0.000,-4.842,-12.153,-8.313,-6.162,-10.373,-9.539,-8.583,-10.084,-7.791,-9.525,-4.688,-10.425,-9.522,-9.330,-5.193,-6.361,-12.124,-11.722,-4.760,-6.971,-14.177,-4.283,0.000,-7.669,-9.604,-4.328,-5.684,-6.838,-4.815,-6.129,-5.004,-10.711,-11.370,-6.984,-8.829,-5.389,-8.484,-13.045,0.000,-4.371,-7.868,-10.487,-4.848,-9.172,-8.595,-7.957,-7.804,-8.761,-3.539,-5.325,-7.240,-4.787,-3.396,-7.895,-3.638,-4.579,0.000,-4.974,-4.784,-2.934,-3.727,-4.406,-4.601,-3.696,-3.583,-4.058,-4.602,-2.115,-3.344,-3.058,-1.554,0.000,0.000,-3.404,-4.152
T,-8.298,-5.587,-3.902,-4.097,-3.012,-4.068,-1.626,-4.960,-3.716,-3.765,-3.604,-3.611,-2.981,0.000,0.000,-3.249,-3.476,-3.748,-2.711,-2.571,-3.528,-1.817,-3.267,-4.269,-3.128,-3.005,-4.245,-3.632,-1.756,-3.488,0.000,-3.304,-3.745,-2.943,-4.334,-3.526,-4.908,-5.556,-5.563,-4.974,-2.564,-5.987,-5.223,-4.577,-6.039,-6.059,-5.911,-3.487,-3.898,-3.031,-5.295,-5.070,-3.876,-3.224,-4.637,-2.200,-3.778,-4.376,-4.463,-7.053,0.000,0.999,-7.881,-10.577,-6.035,-8.145,-7.718,-10.025,-7.866,-9.291,-7.696,-8.815,-3.692,-8.080,-6.932,-5.266,-9.085,-6.443,-5.317,-5.997,-6.003,-6.356,-4.307,-6.625,-7.850,-8.730,-6.079,-5.754,-4.144,-2.602,-9.308,-5.647,-7.342,-6.192,-7.996,-8.885,-5.576,0.000,-9.745,-7.917,-4.148,-5.244,-9.593,-5.677,-6.002,-6.776,0.000,-7.114,-7.787,-1.320,0.000,-7.546,0.000,-5.343,-8.053,-10.030,-7.996,-9.254,-1.604,-7.196,-4.803,-7.375,-7.465,-7.369,-8.186,-7.727,-8.172,-4.785,-4.597,-6.552,-5.770,-5.451,-6.464,-1.560,-3.599,-4.111,-3.887,0.000,-2.923,-3.617,-3.916,-2.790,-3.451,0.000,-3.904,-3.883,-2.135,-3.388,-3.095,-2.010,-3.381,-3.288,-4.182,-3.955
S,-7.990,-5.137,-3.391,-3.468,0.000,-3.567,-0.716,-4.223,-2.658,-2.878,0.000,0.000,-2.034,-2.828,-2.490,0.000,-3.077,-3.388,-2.408,-1.680,0.000,-0.705,-2.406,-3.727,-3.032,-2.495,-4.066,-3.495,-1.330,0.000,-2.761,-3.099,-3.602,-2.986,-4.134,-3.081,-4.004,-4.530,-4.251,-3.608,-1.342,-4.633,-3.866,0.000,-4.315,-4.460,-4.382,-2.364,-2.456,-1.745,-4.065,-4.055,-3.089,-1.953,0.000,-1.143,-2.749,-3.653,0.000,-5.542,-2.399,-0.182,-6.745,-9.749,-5.409,-6.948,-9.325,-9.680,-7.881,-8.630,-8.789,-7.596,-3.491,-6.124,-7.886,0.000,-9.951,0.000,-3.371,-6.339,-6.723,-8.057,0.000,-8.089,-9.032,-7.918,0.000,-6.277,-6.096,-1.461,-8.346,-8.413,-6.749,-6.345,-7.570,-11.528,-5.995,-3.194,-8.833,-5.484,-1.963,-4.705,-10.006,-6.830,-5.071,-5.220,-2.640,-6.686,-7.153,0.009,-8.086,-9.446,-4.959,0.000,-6.730,-9.646,-11.088,-8.486,-2.656,-6.166,-7.485,-5.664,-8.009,-8.542,-7.376,-6.435,-6.455,-4.859,-5.611,-5.346,-6.055,-4.902,-6.724,-1.976,-2.249,-3.919,-4.144,-4.056,-3.299,-3.229,-3.429,-3.102,-2.963,-2.759,0.000,-2.729,-0.979,-2.483,-2.425,-1.185,-2.945,-2.570,-3.903,-3.578
C,-10.484,-8.193,-7.182,-6.438,-6.089,-6.390,-4.229,-7.479,-6.411,-5.736,-5.896,-5.756,-4.838,-5.480,-5.124,-5.936,-5.694,-6.140,-5.296,-4.512,-5.898,-3.582,-5.351,-5.937,-5.716,-5.503,-6.812,-6.269,-4.295,-5.842,-5.563,-5.988,-6.024,-5.679,-6.637,-5.573,-6.134,-6.468,-6.201,-5.328,0.000,-6.219,-5.919,-4.378,-5.951,-6.410,-6.101,-4.419,-3.953,-3.243,-5.404,-5.551,-4.587,-3.382,-4.601,-2.081,-4.076,-4.848,-5.376,-5.688,-4.717,-1.281,-6.139,-9.598,-7.750,-6.488,-10.731,-10.477,-8.109,-10.528,-9.455,-7.745,-6.163,-8.972,-8.392,-6.186,-9.762,-8.502,-4.834,-9.226,-7.902,-9.012,-6.549,-8.724,-10.105,-9.798,-7.729,-5.280,-6.288,-4.294,-10.966,-9.186,-4.936,-8.495,-6.511,-12.175,-8.107,-5.704,-10.977,-9.502,-5.020,-3.780,-9.469,-7.655,-6.175,-5.656,-5.089,-8.160,-6.610,-4.573,-10.902,-10.551,-8.264,-7.108,-6.701,-11.458,-10.085,-9.590,-4.796,-8.519,-7.382,-5.108,-8.922,-8.130,-8.819,-10.086,-8.098,-7.585,-6.831,-6.539,-7.907,-4.893,-8.549,-3.670,-5.145,-5.327,-5.522,-5.708,-5.020,-4.318,-4.328,-4.516,-3.885,-3.805,-4.417,-4.828,0.000,-3.958,-3.949,-3.076,-3.998,-3.874,-5.217,-4.612
G,-8.180,-6.007,-4.916,-4.539,-3.666,-4.338,-1.933,-4.891,-4.514,-3.702,-4.034,-3.692,-3.648,-3.063,-3.329,-3.879,-4.242,-3.987,0.000,-2.689,-3.548,-2.180,-3.688,-4.808,-3.311,-3.345,-4.586,-3.480,-2.277,-3.047,-3.171,-3.548,-2.984,-3.205,-3.509,-1.576,-3.534,-3.845,-2.625,0.000,-1.015,-4.290,0.000,-2.026,-4.023,-3.947,-4.153,-2.038,-2.223,-1.491,-3.888,-3.549,0.000,-1.730,-3.294,-0.764,0.000,-3.465,-4.804,-6.589,-2.878,-2.267,-8.334,-11.323,-7.908,-7.051,-10.545,-12.370,-8.362,-8.941,-9.868,-8.407,-4.086,0.000,-10.319,-6.182,-12.046,-8.632,-4.400,-6.158,-7.809,-9.694,-4.820,-8.935,-11.009,-7.405,-6.179,-9.001,-7.358,-3.446,-7.240,-9.954,-8.902,-5.374,-7.486,-13.369,-7.340,-3.950,-6.978,-7.732,0.000,-4.957,-11.990,-9.227,-5.960,-7.334,-4.230,-4.853,-7.171,-4.309,-11.294,-12.071,-7.890,-7.524,-6.668,-7.126,-11.801,-8.911,-3.511,-8.203,-8.646,-5.866,-9.909,-9.329,-10.054,-9.089,0.000,-4.453,-7.214,0.000,-6.534,-5.601,-6.103,-3.227,-4.273,-1.925,0.000,-4.473,-3.520,-3.609,-3.635,-4.289,-3.675,-3.487,-3.763,-4.313,-1.985,-3.210,-2.744,-1.976,-3.226,-2.412,-3.866,-3.968
A,-7.497,0.000,0.000,0.000,-1.640,0.000,-0.295,0.000,-2.626,0.000,-3.226,-3.344,-2.852,-2.574,-2.936,-3.076,-3.465,-3.360,-2.788,-2.409,-3.261,-1.866,-2.993,-4.130,-2.992,-2.630,-3.670,0.000,-1.463,-3.251,-3.137,-2.993,0.000,-2.972,-4.055,-2.895,-4.290,-5.110,-4.577,-4.465,-2.144,-5.459,-4.691,-3.603,-5.391,-5.389,-5.079,-2.649,0.000,-1.835,-4.513,-4.292,-3.444,-2.473,-4.187,-1.924,-3.260,-4.029,-5.094,-6.950,-0.595,1.103,-8.109,-9.629,-6.320,-8.439,-7.870,-10.722,-8.651,-8.604,-6.214,-8.579,-3.562,-7.991,-8.198,-5.608,-9.302,-7.616,-5.342,-6.124,0.000,-6.939,-4.089,-4.772,-8.574,-8.315,-6.264,-6.068,-3.557,-3.497,-8.113,-6.926,-6.858,-5.712,-9.239,-10.484,0.000,-3.326,-7.955,0.000,-2.761,-5.677,-9.222,0.000,-5.347,-6.342,-3.184,-7.810,-8.842,-2.320,-7.723,-9.504,-6.684,-5.611,-8.544,-8.383,-8.258,-8.293,-2.139,0.000,-5.124,-8.240,-8.318,-7.695,-8.745,-7.881,-6.990,-4.033,-5.757,-3.875,-5.889,-4.576,0.000,-0.871,0.000,-2.617,-2.740,-3.293,-3.264,0.000,0.000,-3.039,-3.255,-3.140,-3.662,-3.872,-1.596,0.000,-2.647,-1.591,-3.058,-2.821,-3.912,-3.991
V,-8.176,-5.941,-5.224,-4.799,-3.205,-4.573,-2.079,-4.982,-4.459,-4.255,-3.976,-3.803,-3.649,-3.375,-3.445,-3.426,-3.834,-4.321,-3.343,-3.135,-3.468,-2.450,-3.664,-4.860,-3.605,-3.391,-4.778,-4.408,-2.701,-4.179,-4.267,-4.074,-4.277,-3.930,-4.806,-3.956,-5.378,-6.214,-5.926,-5.215,-3.124,-6.280,-5.476,-4.786,-6.501,-6.394,-6.146,-3.927,-4.204,-3.163,-5.540,-5.528,-4.205,-3.218,-4.830,-2.745,-3.684,-4.007,-6.163,-6.433,-3.714,-0.207,-8.511,-6.756,-7.588,-9.867,0.000,-7.818,-9.797,-10.348,0.000,-9.436,-4.659,-9.280,-5.857,-7.255,-5.166,-11.000,-6.390,-7.303,-6.918,0.000,-5.923,0.000,-6.106,-8.457,-8.702,-3.115,-0.441,-4.659,-8.869,-4.182,-5.075,-6.862,-9.949,-5.846,-5.493,-4.474,-9.333,-8.146,-5.584,-5.530,-6.493,-6.513,-6.824,-7.200,-6.578,-9.728,-9.647,0.000,-8.643,-5.725,-8.086,-8.492,-8.766,-9.296,-4.016,-9.612,-4.137,-7.295,0.000,-8.496,-5.958,-4.141,-6.837,-9.577,-7.965,-4.743,-4.033,-6.358,-6.537,-5.010,-6.113,-0.120,-4.581,-3.295,-4.345,-4.655,-3.743,-3.859,-2.331,-3.425,-3.555,-3.693,-4.158,-4.396,-2.726,-3.904,-3.411,-2.104,-3.407,-3.142,-4.079,-4.192
L,-8.360,-6.906,-5.577,-5.503,-4.285,-5.241,-2.956,-6.011,-5.128,-4.833,-4.647,-4.215,-4.052,-4.363,-3.883,-3.991,-4.024,-4.694,-3.581,-3.420,-4.000,-2.372,-3.739,-5.047,-4.225,-3.731,-5.324,-4.760,-3.284,-4.527,-4.450,-4.621,-4.616,-4.493,-5.276,-4.750,-5.613,-6.320,-6.349,-5.386,-2.937,-6.046,-5.504,-4.666,-6.340,-6.390,-6.060,-3.992,-3.989,-3.187,-5.631,-5.194,-3.857,-3.384,-4.781,-2.476,-2.774,-3.757,-5.762,-5.137,-4.318,-1.191,-7.396,-6.332,-5.612,-7.847,-5.508,0.000,-8.758,-7.713,-7.355,-7.631,-4.552,-10.793,0.000,-6.921,0.000,-8.443,-4.956,-7.076,-10.393,-6.222,-5.748,-6.278,-3.547,-9.761,-8.079,-1.535,-3.596,-5.116,-12.009,-5.412,0.000,-8.017,-7.337,-5.789,-7.606,-5.473,-9.625,-12.374,-6.549,-3.391,0.000,-8.692,-5.237,-5.793,-7.200,-8.933,-8.192,-3.340,-9.137,-5.610,-8.215,-7.967,-7.074,-11.640,-6.709,-6.893,-3.543,-10.780,-6.135,-6.460,0.000,0.000,0.000,-7.374,-9.136,-6.424,-0.472,-7.485,-6.329,0.000,-6.843,-0.740,-4.102,-4.219,-4.731,-4.300,-3.233,-3.213,-3.028,0.000,-2.812,-3.055,-3.212,0.000,-1.786,-2.904,-2.493,-0.765,-2.972,-3.044,-3.535,-3.596
I,-9.631,-7.545,-6.485,-5.850,-4.769,-5.693,-3.549,-6.748,-5.828,-5.224,-4.737,-5.021,-4.538,-4.740,-4.166,-4.606,-4.998,-5.405,-3.901,-3.749,-4.595,0.000,-4.742,-5.514,-4.580,-4.606,-6.055,-5.236,-3.626,-5.216,-5.222,-5.405,-5.258,-4.864,-6.063,-5.238,-6.469,-7.062,-7.034,-6.001,-3.682,-6.749,-6.159,-5.623,-7.005,-7.074,-6.838,-4.902,-4.957,-4.250,-6.314,-6.281,-4.825,-4.124,-5.466,-3.618,-4.320,-4.825,-5.988,-6.719,-4.831,-0.225,-7.768,-7.183,-7.484,-9.074,-4.586,-6.862,-9.425,-10.924,-5.960,-10.162,-5.965,-10.769,-5.616,-7.721,-4.560,-10.640,-6.725,-8.715,-10.227,-5.010,-6.222,-4.482,-6.520,-10.206,-8.716,-2.933,0.000,-5.291,-11.314,0.000,-4.598,-8.545,-9.095,0.000,-7.066,-5.580,-11.160,-11.266,-6.625,-5.548,-6.755,-8.592,-6.768,-7.319,-6.901,-10.391,-8.595,-3.919,-6.656,0.000,-7.252,-8.878,-8.624,-11.931,0.000,-10.435,-4.555,-10.558,-5.788,-8.514,-5.400,-4.803,-7.014,-10.557,-9.743,-6.419,-3.778,-7.860,-6.520,-4.689,-7.038,0.952,-4.622,-4.673,-4.877,-4.468,-3.755,-4.211,-3.718,-3.675,-3.707,-4.000,-4.253,-4.309,-2.962,-3.918,0.000,-1.781,-3.503,-3.724,-4.443,-4.440
M,0.000,-6.905,-5.750,-6.402,-4.588,-6.092,0.000,-5.875,-4.864,-5.710,-5.424,-4.772,-5.004,-5.089,-4.973,-4.370,-4.994,-5.633,-4.633,-4.686,-5.324,-4.168,-5.089,-6.353,-5.217,-4.918,-6.111,-5.743,-4.639,-5.971,-5.811,-5.559,-5.524,-5.231,-6.555,-5.233,-6.836,-7.384,-7.442,-6.539,-4.230,-7.262,-6.732,-6.121,-7.692,-7.648,-7.355,-5.031,-5.017,-4.669,-7.071,-6.520,-4.903,-4.861,-6.086,-3.777,-4.475,-5.526,-7.294,-7.368,-5.237,-1.832,-9.874,-8.402,-7.186,-8.950,-6.963,-7.521,-8.793,-9.036,-7.393,-10.141,-4.965,-11.052,-4.833,-8.478,-7.545,-11.864,-6.372,-7.498,-10.234,-3.350,-6.466,-6.463,0.000,-10.900,-10.028,0.000,-3.023,-5.680,-12.796,-3.990,-5.697,-8.363,-8.635,-7.497,-8.820,-5.598,-10.592,-12.487,-6.115,-4.960,-6.544,-8.141,-6.689,-7.592,-7.143,-7.994,-8.586,-4.622,-7.388,-7.524,-7.129,-9.950,-8.246,-12.129,-7.834,-8.958,0.000,-10.727,-6.636,-7.709,-6.760,-7.019,-6.594,-10.465,-9.196,-6.461,0.000,-7.460,-6.269,-5.392,-7.595,-1.523,-5.300,-4.876,-5.927,-4.994,-3.828,-4.373,-4.528,-4.824,-4.480,-4.745,-5.046,-4.921,-3.341,-4.688,-4.317,-2.133,-4.399,-4.486,-4.841,-5.069
P,-8.061,-5.718,-4.695,-4.249,-3.370,-4.356,-1.549,-4.858,-4.325,-3.859,-3.852,-3.710,-3.474,-3.543,-3.534,-3.612,-3.715,-3.960,-2.954,-2.787,-3.236,-1.754,-2.908,-4.240,0.000,-3.062,-3.704,-3.643,-1.532,-2.793,-2.966,-2.748,-3.272,-2.722,-3.662,-3.077,-4.273,-5.398,-5.548,-4.616,-2.237,-5.619,-4.708,-3.329,-5.888,-5.803,-5.346,-3.235,-3.722,-2.245,-5.109,-4.661,-3.743,-3.243,-4.767,-2.238,-3.554,-4.503,-5.740,-6.957,-4.279,0.000,-7.926,-10.949,0.000,-7.737,-10.202,-8.893,-9.830,-10.025,-11.875,-8.239,-1.201,-8.922,-9.648,-7.251,-8.515,-7.671,-3.799,-6.498,-9.396,-12.007,-7.866,-9.729,-8.986,-12.437,-8.959,-8.465,-8.351,-6.896,-12.067,-11.267,-9.934,-9.676,-8.505,-12.158,-9.913,-8.147,-12.147,-11.106,-9.026,-6.671,-11.323,-11.219,-7.499,-8.006,-6.911,-8.404,-7.721,-2.090,-8.556,-10.879,-9.510,-5.123,-7.811,-11.543,-12.204,-9.184,-6.644,-9.622,-10.850,-6.754,-8.711,-10.229,-8.231,0.000,-8.292,-5.702,-5.392,-7.964,-7.019,-5.004,-7.219,-3.249,-5.324,-4.828,-4.643,-4.265,-3.802,-3.629,-4.071,-3.777,-3.480,-3.272,-3.622,-3.964,-1.491,-3.058,-2.809,-1.652,-3.184,-2.426,-4.033,-3.860
Y,-10.780,-8.919,-7.722,-7.409,-7.036,-7.504,-5.384,-8.369,-7.610,-6.485,-7.019,-6.782,-6.263,-5.954,-5.980,-6.866,-7.093,-7.401,-6.081,-5.543,-6.829,-4.816,-6.588,-7.687,-6.721,-6.931,-8.228,-7.394,-6.215,-7.574,-7.017,-7.321,-6.905,-6.958,-7.369,-6.680,-7.110,-7.310,-7.098,-6.362,-4.222,-6.675,-6.458,-5.489,-6.431,-6.522,-6.516,-4.498,-3.624,-3.812,-5.826,-5.683,-4.904,-3.961,-5.402,-3.079,-4.093,-4.956,-6.671,-5.019,-5.541,-3.941,0.000,-8.655,-7.820,-8.517,-10.144,-11.496,-9.516,-10.570,-9.920,-6.009,-6.706,-9.269,-8.694,-7.983,-12.257,-9.259,-6.002,-8.448,-11.611,-9.729,-7.317,-9.877,-10.827,-8.669,-9.836,-6.031,-9.125,-4.871,-8.832,-8.322,-4.602,-8.253,-9.976,-12.065,-12.003,-7.097,-10.943,-13.552,-7.164,-5.883,-10.056,-10.392,-6.830,0.000,-6.224,-9.201,-8.624,-5.366,-10.686,-11.617,-8.857,-8.893,-8.651,-8.935,-11.515,-8.603,-4.944,-11.152,-10.931,-8.073,-10.401,-10.994,-9.510,-10.361,-9.829,-6.776,-6.563,-7.818,-8.012,-3.170,-8.899,-4.279,-5.431,-4.668,-6.171,-5.801,-5.022,-4.692,-4.790,-4.389,-4.282,-3.394,-3.300,-5.237,-3.633,-4.328,-4.273,-3.109,-4.463,-4.151,-4.943,-4.813
F,-10.147,-8.357,-7.143,-6.780,-6.408,-6.859,-4.832,-7.931,-6.966,-6.379,-6.408,-6.616,-5.673,-6.096,-5.349,-6.392,-6.109,-6.838,-5.366,-4.796,-6.325,-3.909,-5.788,-6.845,-6.204,-6.116,-7.714,-6.846,-5.171,-6.816,-6.267,-6.658,-6.635,-6.513,-7.009,-6.709,-6.986,-7.600,-7.409,-6.534,-3.855,-6.682,-6.411,-5.515,-6.713,-6.768,-6.806,-4.787,-4.325,-3.849,-6.116,-5.989,-5.031,-3.902,-5.402,0.000,-3.063,-4.650,-6.257,0.000,-5.119,-3.460,-6.002,0.000,-7.475,-10.278,-8.348,-8.188,-10.834,-11.770,-8.400,-8.892,-7.276,-10.935,-6.791,-8.355,-7.849,-9.108,-6.740,-9.293,-10.587,-8.606,-6.965,-7.757,-7.280,-11.067,-9.381,-2.234,-6.190,-5.838,-11.393,-6.916,-0.792,-9.531,-10.710,-9.394,-9.081,-7.033,-11.334,-12.647,-7.315,-6.399,-8.163,-10.306,-7.171,-5.620,-7.168,-10.737,-10.465,-4.079,-10.125,-9.293,-8.558,-9.116,-9.873,-12.270,-8.755,-10.911,-5.669,-11.945,-9.191,-9.461,-8.415,-9.680,-6.908,-9.528,-9.976,-7.356,-4.506,-8.027,-7.409,-4.534,-8.431,-2.542,-5.136,-5.332,-6.056,-5.841,-5.061,-4.414,-4.298,-3.087,-3.715,-3.511,-3.574,-3.878,-2.898,-3.525,-3.405,-1.513,-3.850,-3.828,-3.960,-4.131
W,-10.642,-9.137,-8.209,-8.419,-7.272,-7.892,-5.671,-8.934,-8.184,-7.625,-7.762,-7.125,-7.023,-6.904,-6.517,-7.054,-7.486,-8.288,-6.963,-6.604,-7.074,-5.546,-7.088,-8.307,-7.478,-7.351,-8.707,-7.728,-6.820,-7.955,-7.286,-7.817,-7.117,-7.254,-7.520,-6.172,-6.690,-7.046,-6.716,-5.591,-3.403,-6.541,-5.790,-5.107,-6.353,-6.979,-6.845,-4.960,-4.131,-3.666,-6.593,-6.361,-5.147,-4.582,-5.896,-3.164,-4.325,-6.068,-7.485,-6.845,-6.677,-5.345,-9.019,-9.343,-9.005,-7.054,-12.201,-11.123,-8.673,-10.562,-12.008,-9.786,-7.498,-10.602,-9.604,-9.122,-12.307,-11.521,-5.207,-9.012,-13.479,-10.959,-8.555,-11.578,-10.966,-12.677,-11.084,-8.237,-9.783,-7.241,-13.887,-11.440,-7.678,-9.540,-7.719,-13.133,-12.850,-7.879,-11.820,-14.142,-7.542,-4.562,-10.755,-12.156,-6.369,-7.067,-9.170,-9.459,-7.945,-7.020,-12.931,-12.488,-9.594,-10.575,-6.288,-12.829,-12.432,-10.377,-6.638,-12.185,-11.795,-6.100,-10.974,-12.006,-10.175,-12.108,-8.353,-8.878,-7.035,-8.020,-7.175,-6.228,-9.020,-4.911,-6.146,-5.592,-6.186,-6.544,-4.953,-4.722,-4.995,-5.493,-4.386,-4.689,-4.809,-5.285,-3.874,-4.329,-4.247,0.000,-4.408,-4.307,-5.042,-5.048
