,M 1,P 2,D 3,Y 4,L 5,G 6,A 7,D 8,Q 9,R 10,K 11,T 12,K 13,E 14,D 15,E 16,K 17,D 18,D 19,K 20,P 21,I 22,R 23,A 24,L 25,D 26,E 27,G 28,D 29,I 30,A 31,L 32,L 33,K 34,T 35,Y 36,G 37,Q 38,S 39,T 40,Y 41,S 42,R 43,Q 44,I 45,K 46,Q 47,V 48,E 49,D 50,D 51,I 52,Q 53,Q 54,L 55,L 56,K 57,K 58,I 59,N 60,E 61,L 62,T 63,G 64,I 65,K 66,E 67,S 68,D 69,T 70,G 71,L 72,A 73,P 74,P 75,A 76,L 77,W 78,D 79,L 80,A 81,A 82,D 83,K 84,Q 85,T 86,L 87,Q 88,S 89,E 90,Q 91,P 92,L 93,Q 94,V 95,A 96,R 97,C 98,T 99,K 100,I 101,I 102,N 103,A 104,D 105,S 106,E 107,D 108,P 109,K 110,Y 111,I 112,I 113,N 114,V 115,K 116,Q 117,F 118,A 119,K 120,F 121,V 122,V 123,D 124,L 125,S 126,D 127,Q 128,V 129,A 130,P 131,T 132,D 133,I 134,E 135,E 136,G 137,M 138,R 139,V 140,G 141,V 142,D 143,R 144,N 145,K 146,Y 147,Q 148,I 149,H 150,I 151,P 152,L 153,P 154,P 155,K 156,I 157,D 158,P 159,T 160,V 161,T 162,M 163,M 164,Q 165,V 166,E 167,E 168,K 169,P 170,D 171,V 172,T 173,Y 174,S 175,D 176,V 177,G 178,G 179,C 180,K 181,E 182,Q 183,I 184,E 185,K 186,L 187,R 188,E 189,V 190,V 191,E 192,T 193,P 194,L 195,L 196,H 197,P 198,E 199,R 200,F 201,V 202,N 203,L 204,G 205,I 206,E 207,P 208,P 209,K 210,G 211,V 212,L 213,L 214,F 215,G 216,P 217,P 218,G 219,T 220,G 221,K 222,T 223,L 224,C 225,A 226,R 227,A 228,V 229,A 230,N 231,R 232,T 233,D 234,A 235,C 236,F 237,I 238,R 239,V 240,I 241,G 242,S 243,E 244,L 245,V 246,Q 247,K 248,Y 249,V 250,G 251,E 252,G 253,A 254,R 255,M 256,V 257,R 258,E 259,L 260,F 261,E 262,M 263,A 264,R 265,T 266,K 267,K 268,A 269,C 270,L 271,I 272,F 273,F 274,D 275,E 276,I 277,D 278,A 279,I 280,G 281,G 282,A 283,R 284,F 285,D 286,D 287,G 288,A 289,G 290,G 291,D 292,N 293,E 294,V 295,Q 296,R 297,T 298,M 299,L 300,E 301,L 302,I 303,N 304,Q 305,L 306,D 307,G 308,F 309,D 310,P 311,R 312,G 313,N 314,I 315,K 316,V 317,L 318,M 319,A 320,T 321,N 322,R 323,P 324,D 325,T 326,L 327,D 328,P 329,A 330,L 331,M 332,R 333,P 334,G 335,R 336,L 337,D 338,R 339,K 340,I 341,E 342,F 343,S 344,L 345,P 346,D 347,L 348,E 349,G 350,R 351,T 352,H 353,I 354,F 355,K 356,I 357,H 358,A 359,R 360,S 361,M 362,S 363,V 364,E 365,R 366,D 367,I 368,R 369,F 370,E 371,L 372,L 373,A 374,R 375,L 376,C 377,P 378,N 379,S 380,T 381,G 382,A 383,E 384,I 385,R 386,S 387,V 388,C 389,T 390,E 391,A 392,G 393,M 394,F 395,A 396,I 397,R 398,A 399,R 400,R 401,K 402,I 403,A 404,T 405,E 406,K 407,D 408,F 409,L 410,E 411,A 412,V 413,N 414,K 415,V 416,I 417,K 418,S 419,Y 420,A 421,K 422,F 423,S 424,A 425,T 426,P 427,R 428,Y 429,M 430,T 431,Y 432,N 433
K,-8.692,-4.482,-4.035,-2.808,-3.422,-3.222,-2.885,-2.776,-1.868,-1.511,0.000,-1.173,0.000,-2.400,-2.755,-2.931,0.000,-2.865,-3.317,0.000,-3.217,-2.373,-2.141,-2.737,-5.058,-4.359,-4.757,-1.403,-2.522,-2.168,-3.331,-3.921,-6.251,0.000,-2.113,-3.174,-1.643,-2.466,-3.048,-2.249,-3.355,-1.878,-2.534,-2.595,-5.402,0.000,-3.137,-4.944,-4.054,-3.072,-6.601,-5.092,-1.233,-2.837,-4.040,-0.271,0.000,0.000,0.222,-1.171,-5.015,-4.544,-0.146,-1.062,-0.769,0.000,-3.074,-1.946,-2.704,-2.562,-5.407,-2.405,-3.983,-2.845,-2.622,-2.826,-6.345,-8.912,-3.696,-10.125,-4.760,-3.556,-5.779,0.000,-2.280,-0.033,-10.701,-4.452,-3.562,-7.608,-8.199,-14.513,-15.239,-12.118,-16.243,-15.368,-7.407,-19.949,-11.138,0.000,-9.714,-7.298,-1.673,-4.504,-8.133,-3.626,-4.712,-4.221,-4.300,0.000,-12.749,-12.845,-13.586,-8.699,-13.294,0.000,-9.375,-11.239,-8.179,0.000,-16.807,-16.376,-18.938,-7.603,-12.659,-7.148,-6.177,-0.759,-12.686,-8.315,-11.572,-9.857,-12.331,-19.333,-4.325,-12.032,-10.304,-12.299,-12.359,-18.887,-16.489,-16.323,-15.181,-6.765,-9.012,0.000,-13.962,-10.542,-15.222,-7.334,-11.863,-13.430,-16.648,-11.538,-14.266,0.000,-14.759,-17.320,-13.575,-12.178,-16.736,-11.749,-16.187,-15.759,-4.705,-15.705,-12.818,-10.217,0.000,-15.331,-15.142,-17.169,-11.430,-19.145,-9.749,-16.436,-16.038,-15.486,-16.931,-14.522,0.000,-9.160,-13.722,-8.582,-10.900,0.000,-15.142,-11.399,-13.441,-15.688,-17.191,-11.987,-15.550,-16.452,-17.841,-9.924,-10.889,-12.029,-12.508,-4.013,-18.737,-11.377,-7.802,-16.049,-15.928,-17.679,-6.120,-16.816,-20.543,0.000,-17.171,-16.691,-15.676,-15.869,-16.329,-19.286,-12.779,-17.068,-17.013,-16.536,-18.720,0.000,-15.827,-14.939,-15.967,-21.081,-7.621,-23.125,-21.455,-19.040,-12.006,-8.624,-15.219,-12.575,-16.732,-12.067,-20.185,-18.539,-8.626,-16.641,-17.985,-20.347,-16.614,-14.029,-19.318,-18.624,-14.335,0.000,-19.776,-10.542,-14.160,-13.617,-13.985,-15.267,-9.445,-13.097,-20.647,-10.331,-11.497,-15.866,-17.891,-9.166,-14.927,-20.263,-7.083,-10.756,0.000,0.000,-14.861,-18.837,-14.105,-13.369,-19.299,-13.655,-15.057,-12.445,-15.649,-17.227,-18.246,-17.732,-19.162,-15.020,-8.635,-13.092,-19.863,-17.098,-13.672,-16.006,-12.968,-17.479,-15.471,-19.465,-13.114,-12.321,-19.424,-13.493,-10.771,-15.235,-18.510,-14.606,-13.025,-16.620,-15.633,-12.150,-11.186,-19.561,-18.851,-16.196,-22.902,-16.486,-11.916,-13.444,-11.651,-9.713,-19.303,0.000,-16.993,-15.170,-18.604,-24.249,-15.924,-13.178,-11.067,-15.079,-15.837,-14.591,-19.460,-17.977,-10.551,-19.274,-17.728,-14.225,-15.910,-14.476,-14.744,-13.426,-19.067,-20.217,-11.383,0.000,-17.325,-12.935,-18.658,-8.694,-11.228,-18.104,-16.337,-12.459,-8.331,-16.957,-7.326,-8.591,-10.994,-17.236,-18.697,0.000,-19.109,-13.326,-12.859,-7.825,-10.804,-12.435,-12.804,-7.657,-14.510,-4.884,-15.686,-18.957,-7.449,-15.234,-14.304,-13.235,-16.169,-17.207,-7.947,-11.894,-9.739,-15.065,-13.230,-12.297,-14.736,-16.012,-17.734,-14.674,-21.876,-8.302,-19.184,-13.972,-15.852,-12.242,-13.790,-18.851,-14.998,-20.795,-16.007,-15.906,-18.974,-11.768,-14.470,-7.582,-12.024,0.000,-11.804,-18.016,-11.606,-15.160,0.000,-19.087,-21.795,-13.183,-2.346,-19.916,-15.852,-5.088,0.000,-12.778,-12.219,0.000,-3.608,-2.624,-4.626,0.000,-6.522,-5.938,-8.817,-8.149,-9.681,0.641,-11.525,-10.862,-6.839,-10.589,-1.617
R,-8.557,-4.539,-3.679,-2.904,-3.525,-3.620,-3.164,-3.188,-2.357,0.000,-4.327,-2.393,-4.753,-4.355,-4.958,-5.269,-5.394,-4.895,-5.140,-4.702,-4.503,-3.613,0.000,-3.854,-5.893,-5.256,-6.163,-2.380,-3.055,-2.682,-4.493,-4.265,-6.611,-4.047,-3.250,-3.641,-2.750,-3.013,-3.221,-3.101,-3.797,-2.216,0.000,-2.536,-5.895,-2.890,-3.918,-5.362,-4.174,-3.416,-7.361,-5.969,-1.648,-3.092,-4.144,-0.630,-4.344,-2.848,-0.387,-1.761,-4.696,-5.164,-1.216,-2.233,-1.992,-3.704,-4.189,-2.512,-3.473,-3.622,-6.330,-3.400,-4.383,-3.238,-3.619,-3.434,-6.645,-9.387,-4.679,-10.511,-5.589,-3.400,-6.521,-5.183,-3.082,-0.510,-9.999,-5.259,-3.408,-5.420,-8.388,-13.825,-13.096,-11.732,-15.488,-14.315,0.000,-16.497,-12.804,-6.203,-10.979,-8.699,-3.551,-4.866,-9.923,-4.873,-6.447,-6.334,-6.519,-5.614,-13.099,-13.018,-13.781,-11.221,-12.692,-6.352,-9.655,-9.129,-8.081,-7.250,-15.007,-16.071,-18.694,-6.544,-12.196,-7.599,-8.279,-1.139,-13.281,-9.551,-12.348,-11.171,-15.103,-18.846,-6.309,-14.654,-11.400,-14.097,0.000,-18.445,-14.971,-16.711,-15.569,0.000,-9.213,-7.812,-13.059,-11.125,-16.419,-8.540,-11.984,-12.377,-14.386,-11.074,-14.312,-7.934,-15.536,-18.849,-12.863,-11.354,-16.688,-12.851,-15.901,-17.149,-9.906,-14.441,-15.798,-12.962,-8.072,-13.957,-16.809,-17.587,-11.704,-17.494,-11.778,-16.942,-16.716,-13.476,-15.159,-13.295,-4.597,-12.239,-14.219,-15.066,-10.690,-6.928,-15.818,0.000,-17.499,-17.561,-18.251,-15.870,-15.198,-14.607,-15.397,-10.342,-11.390,-11.035,-15.655,0.000,-17.292,-12.301,-6.608,-14.826,-15.333,-18.376,-9.079,-17.459,-18.402,-8.698,-12.381,-17.705,-14.244,-13.808,-13.032,-12.373,-13.774,-13.694,-12.287,-18.055,-11.914,-13.359,-18.064,-14.418,-17.985,-20.610,0.000,-22.128,-19.428,-18.798,-14.995,0.000,-15.556,-14.540,-17.255,-11.743,-20.334,-16.936,0.000,-16.153,-17.468,-16.420,-14.475,-16.514,-16.986,-19.044,-13.047,-13.785,-17.379,-9.439,-10.242,-17.636,-11.510,-15.512,0.000,-13.047,-19.783,0.000,-15.296,-16.561,-17.203,-8.627,-16.887,-20.049,0.000,-11.961,-8.870,-7.842,-16.603,-15.990,-15.273,-11.776,-17.356,-12.123,-15.569,-10.876,-14.724,-16.977,-16.718,-16.219,-14.176,-12.442,-15.465,0.000,-17.409,-17.286,-16.874,-14.256,-14.592,-14.055,-12.621,-18.614,-10.432,-17.269,-18.599,-12.728,0.000,-17.395,-19.117,-13.486,-17.587,-15.236,-14.554,-13.819,-10.354,-16.366,-18.310,-13.484,-21.311,-19.197,-12.957,0.000,-13.610,-12.851,-18.119,-9.801,-17.122,-15.158,-19.055,-22.235,-15.375,-18.013,0.000,-13.966,-17.077,-15.786,-16.749,-17.468,-10.949,-18.407,-14.894,-11.286,0.000,-14.815,-10.889,0.000,-11.965,-19.747,0.000,-11.130,-16.787,-15.938,-16.631,-8.289,-7.959,-15.460,-17.793,-10.061,-11.315,-14.979,0.000,-8.375,-9.372,-18.634,-18.604,-8.089,-19.773,-12.267,-11.906,0.000,-10.764,-14.013,-11.635,-12.142,-15.851,0.000,-15.290,-19.176,0.000,-15.401,-17.185,-13.736,-17.670,-17.284,0.000,-11.767,-11.960,-15.453,-13.953,-12.190,-13.817,-12.362,-17.346,-17.261,-21.823,0.000,-14.879,-16.157,-13.915,-13.987,-17.347,-17.390,-13.533,-19.385,-15.117,-16.663,-15.992,0.000,-14.968,0.000,0.000,-7.020,-12.204,-17.601,-11.668,-17.840,-7.581,-19.301,-21.905,-14.239,-7.037,-19.538,-15.960,-5.079,-7.685,-13.533,-13.122,-5.510,-8.720,-4.568,-7.493,-6.421,-9.497,-7.680,-9.502,-9.703,-11.074,0.000,-12.302,-11.906,-5.738,-11.535,-4.773
H,-10.094,-5.467,-5.313,-4.133,-5.350,-5.005,-5.087,-4.930,-4.370,-4.650,-6.108,-4.872,-6.161,-6.248,-6.691,-6.679,-6.140,-6.353,-6.484,-6.156,-5.908,-5.003,-3.994,-4.580,-6.919,-6.663,-7.186,-3.419,-5.239,-5.081,-5.268,-5.817,-6.588,-6.246,-5.080,-4.051,-3.880,-4.140,-4.778,-2.512,-4.459,-4.389,-5.510,-4.977,-7.268,-5.997,-5.919,-6.203,-7.017,-4.830,-7.831,-7.484,-5.525,-4.003,-5.247,-3.272,-6.558,-6.188,-5.195,-4.869,-6.749,-6.770,-4.353,-4.237,-4.187,-6.172,-6.295,-5.014,-5.777,-4.514,-7.289,-4.954,-6.207,-4.545,-5.366,-4.863,-6.151,-9.686,-6.738,-11.318,-6.594,-6.385,-6.313,-9.534,-4.155,-3.525,-11.086,-5.670,-5.393,-8.169,-7.756,-13.480,-12.385,-9.644,-15.431,-13.809,-9.370,-18.431,-11.750,-11.538,-12.370,-9.369,-4.740,-5.082,-9.638,-6.003,-7.923,-7.160,-7.336,-9.730,-8.871,-11.859,-14.916,-8.497,-12.662,-6.309,-8.654,-7.214,-8.550,-12.423,-9.776,-15.540,-18.406,-6.213,-12.600,-7.652,-8.300,-4.156,-13.046,-10.104,-12.669,-10.813,-11.472,-19.788,-8.921,-14.258,-10.912,-12.245,-14.488,-20.771,-18.060,-18.483,-10.798,-6.615,-6.048,-11.649,-8.939,-9.677,-16.991,0.000,-13.104,-11.303,-14.073,-10.878,-13.036,-11.013,-15.083,-15.134,-10.671,-10.835,-17.298,-11.920,-18.530,-17.911,-10.245,-16.439,-13.906,-13.304,-12.645,-14.605,-13.966,-17.010,-11.365,-13.649,-11.115,-12.544,-18.292,-17.014,-18.128,-12.275,-9.488,-11.506,-8.558,-17.111,-12.771,-11.430,-17.262,-14.630,-16.537,-16.900,-15.240,-15.622,-16.033,-15.029,-17.624,-13.022,0.000,-11.910,-13.988,-10.708,-14.064,-13.068,-7.368,-16.622,-17.142,-20.363,-11.169,-16.853,-19.811,-15.106,-18.705,-18.559,-15.633,-14.805,-6.552,-19.336,-13.122,-12.914,-19.296,-19.991,-15.610,-17.869,-17.844,-13.228,-19.941,-21.661,-13.597,-21.741,-20.771,-21.080,-9.860,-9.067,-17.126,-13.393,-18.745,-15.094,-19.677,-18.522,-14.023,-19.494,-17.078,-20.664,-15.031,-17.909,-18.169,-20.288,-13.329,-21.312,-14.982,-11.486,-13.701,-16.451,-16.557,-17.312,-13.959,-16.250,-21.852,-11.854,-14.368,-17.428,-17.617,-9.953,-14.314,-22.280,-12.877,-12.855,-9.050,-11.897,-16.378,-18.445,-16.183,-14.162,-19.131,-16.533,-13.735,-17.408,-17.718,-15.505,-18.999,-18.780,-19.464,-17.297,-15.588,-14.248,-16.990,-15.790,-14.869,-15.347,-14.012,-17.963,-15.842,-9.469,-11.878,-16.457,-17.691,-12.239,-12.938,-17.727,-19.606,-15.134,-16.698,-16.316,-15.946,-11.943,-12.514,-18.142,-15.870,-19.054,-18.103,-12.433,-10.968,-14.454,-15.427,-11.520,-19.731,-15.699,-17.665,-16.900,-21.102,-26.666,-19.085,-14.531,-12.480,-15.309,-15.335,-15.837,-18.402,-15.367,-11.517,-19.553,-17.072,-16.272,-14.138,-13.993,-15.839,-12.570,-16.554,-16.524,-15.628,-14.771,-18.678,-14.406,-17.502,-8.738,-9.618,-14.459,-14.320,-12.493,-11.181,-18.255,-14.690,-8.577,0.000,-19.178,-16.055,-13.986,-19.603,0.000,-14.483,-11.610,-13.596,-15.822,-10.750,-15.032,-12.487,-9.870,-12.108,-19.820,-10.606,-11.432,-13.639,-13.821,-15.015,-16.507,-9.597,-9.720,-13.753,-11.945,-10.585,-14.476,-15.546,-15.321,-16.457,-13.654,-20.655,-12.367,-15.377,-17.204,-13.150,-14.011,-16.410,-19.050,-18.422,-18.186,-9.689,-19.025,-17.437,-12.944,-13.206,-12.151,-10.256,-14.244,-4.334,-15.608,-9.889,-14.811,-9.737,-14.404,-18.068,-14.140,-7.176,-19.102,-16.188,-7.155,-12.467,-14.527,-11.065,-9.538,-10.500,-2.953,-5.292,-8.021,-5.979,-6.990,-6.776,-9.320,-7.572,-7.079,-10.240,-12.393,-8.399,-9.587,-5.859
E,-8.724,-2.390,-3.900,-2.601,-3.753,-3.461,-3.276,-3.094,-2.233,-1.885,-3.502,-1.669,-2.942,0.000,-2.581,0.000,-2.399,-2.901,-2.808,-2.983,-2.910,-2.085,-1.625,-2.480,-4.512,-4.287,0.000,-0.526,-3.008,-1.605,-2.099,-4.370,-6.371,-4.285,-2.746,-3.174,-1.856,-2.514,-3.238,-1.063,-4.617,-1.850,-3.355,-3.605,-6.271,-4.485,-3.732,-6.717,0.000,-3.075,-2.323,-6.093,-4.068,-3.519,-4.264,-2.377,-4.293,-3.963,-3.808,-2.683,0.000,-4.486,-1.663,-1.954,-1.795,-4.450,0.000,-2.462,-2.780,-1.934,-5.287,-3.509,-5.109,-4.342,-3.789,-4.487,-4.550,-8.625,-3.031,-9.443,-1.718,-5.284,-3.853,-7.218,-4.476,-5.071,-11.980,-1.483,-3.027,0.000,-8.244,-14.235,-16.815,-9.260,-16.922,-12.746,-10.554,-21.530,-12.493,-11.683,-14.532,-6.370,-1.199,-4.382,-5.035,-1.769,0.000,-3.627,-6.982,-13.171,-16.410,-11.889,-14.035,-11.621,-15.179,-8.950,-11.349,-11.420,-7.746,-9.916,-17.427,-14.181,-19.886,-7.566,-15.982,-7.502,-3.892,-6.462,-12.774,-8.458,-13.370,-7.405,-5.703,-22.456,0.000,0.000,-10.076,-14.985,-16.546,-20.260,-16.077,-19.259,-9.744,-14.942,-10.784,-13.539,-16.214,-10.282,-18.577,-10.214,-11.174,-14.256,-17.936,-10.364,-14.983,-6.737,-15.673,-10.223,-13.326,-12.792,-16.974,-15.139,-18.564,-18.582,-10.525,-16.426,0.000,0.000,-15.112,-16.100,-10.607,-13.611,-14.529,-18.934,-9.638,-9.808,-17.938,-15.040,-15.609,-14.063,-10.464,0.000,-9.995,-13.268,0.000,-11.040,-17.589,-17.291,0.000,-10.810,-18.489,0.000,-17.802,-17.101,-21.068,-14.150,-12.212,-14.883,0.000,-15.243,-18.258,-11.166,-8.773,-18.402,-16.730,-18.637,0.000,-19.707,-19.402,-11.984,-13.519,-17.772,-17.662,-17.552,-14.836,-13.468,-10.446,-14.988,-15.093,-18.706,-14.672,-11.897,-18.171,-20.867,-20.385,-19.746,-13.423,-17.142,-18.084,-17.868,-17.078,-11.901,-17.905,-6.140,-16.480,-13.089,-19.385,-19.794,-16.479,-18.759,-18.514,-16.279,-16.263,0.000,-20.846,-14.821,-11.940,-15.287,-17.962,-7.645,-13.311,0.000,-12.117,-13.478,-15.709,-17.067,-17.448,-17.379,0.000,-15.979,-18.626,0.000,-19.303,-19.204,-12.766,-11.977,-11.540,-10.067,-12.811,-19.716,-14.685,-12.303,-18.153,-11.684,-11.032,0.000,-14.356,-12.596,-15.671,-17.296,-14.359,-14.686,-14.126,-19.481,-21.087,-9.671,-6.265,-12.883,-13.129,-14.579,-11.717,-9.701,-15.342,0.000,-16.248,-14.723,-15.354,-18.954,-22.448,-17.387,0.000,-19.462,-15.928,-16.013,-11.851,-22.062,-13.735,-15.467,-22.277,-8.730,-8.935,-17.448,-13.152,-13.075,-18.440,-13.688,-18.076,-16.642,-23.777,-20.382,-17.315,-16.857,-15.144,-16.308,-8.755,-17.717,-21.256,-13.325,-14.383,-14.804,-18.879,-17.353,-18.464,-16.616,-11.163,-17.089,-19.259,-13.417,-18.791,-16.660,-18.951,0.000,-19.761,-10.209,-13.698,-18.460,-12.757,-12.359,0.000,-14.358,-17.044,-7.578,-11.102,-20.583,-17.261,-10.898,-19.272,-16.434,-12.700,-12.281,-13.381,-17.276,-12.885,-16.759,0.000,-13.860,-9.566,-19.645,-14.650,-16.470,0.000,-14.816,-16.626,-14.248,-12.073,-12.767,-12.853,-14.672,-16.944,-14.267,-17.478,-13.166,-13.107,0.000,-21.099,-16.470,-17.153,-16.816,-15.671,-16.893,0.000,-17.748,-13.768,-21.954,-14.854,-17.308,-19.776,-14.800,-11.488,-15.832,-14.364,-17.689,-9.940,-15.508,-10.543,0.000,-8.116,-12.926,-22.883,-12.900,0.000,-17.449,-14.875,-5.819,-11.699,-10.962,-13.002,-9.176,-7.988,-3.745,-0.885,-4.634,-2.534,-5.049,-7.714,-5.638,-6.786,-4.493,-12.305,-12.245,-8.316,-11.346,-7.822
D,-8.647,-1.682,0.000,-2.730,-3.271,-3.024,-2.766,0.000,-1.937,-1.842,-3.693,-2.006,-3.161,-3.113,0.000,-3.362,-2.404,0.000,0.000,-3.120,-3.155,-2.738,-1.891,-2.849,-4.604,0.000,-3.664,-1.076,0.000,-2.355,-2.767,-4.977,-6.503,-4.867,-3.818,-3.858,-1.250,-2.074,-3.470,-2.148,-4.580,-2.895,-3.890,-3.957,-7.114,-5.579,-4.462,-7.755,-4.059,0.000,0.000,-8.579,-4.596,-3.717,-6.831,-3.324,-4.394,-5.035,-6.003,-3.284,-4.545,-5.499,-3.030,-2.946,-2.661,-4.091,-3.536,-2.827,0.000,-2.023,-4.999,-3.460,-4.955,-3.508,-4.137,-4.759,-3.044,-9.698,0.000,-9.371,-4.845,-6.558,0.000,-10.677,-5.836,-5.952,-12.190,-1.344,-2.423,-5.494,-12.016,-14.915,-17.783,-13.650,-18.143,-15.300,-12.937,-21.743,-12.675,-13.475,-15.927,-8.915,-2.475,-5.111,0.000,-2.424,-3.150,0.000,-6.930,-14.914,-17.411,-14.259,-15.775,-10.219,-14.176,-7.422,-11.707,-11.006,-6.942,-12.037,-16.502,-13.783,-20.294,0.000,-15.134,-6.141,0.000,-5.871,-13.158,-7.418,-14.613,-7.616,0.000,-24.179,-7.551,-9.068,-8.430,-13.514,-18.831,-21.265,-16.273,-20.846,0.000,-15.397,-9.314,-14.727,-13.780,-12.515,-21.083,-11.177,-12.520,-13.733,-18.891,-11.373,-15.646,-10.396,-17.011,0.000,-13.467,-13.728,-18.146,-15.024,-20.167,-19.798,-13.545,-18.150,-9.176,-6.623,-16.697,-16.607,0.000,-16.847,-15.026,-15.770,-9.936,0.000,-15.441,-16.162,-14.763,-14.299,-11.013,-5.640,-15.284,-17.520,-7.326,-14.870,-17.050,-18.768,-9.826,-15.182,-18.067,-13.277,-18.389,-19.262,-21.040,-16.432,-12.661,-17.807,-6.695,-17.402,-17.208,-15.139,-9.778,-18.844,-16.383,-21.470,-1.879,-21.186,-21.240,-17.817,-14.437,-17.145,-17.291,-14.824,-13.672,-13.292,-11.932,-16.989,-14.172,-22.120,-10.582,-15.936,-17.471,-19.317,-19.958,-17.944,-17.225,-19.148,-18.503,-17.815,-14.796,-15.848,-21.034,0.000,-19.055,-14.696,-21.143,-19.862,-17.604,-20.854,-14.523,-17.838,-17.281,-13.160,-23.562,-13.795,-15.690,-21.431,-18.349,-12.968,-12.501,-7.076,-11.892,-16.907,-18.000,-17.906,-19.637,-20.772,-7.543,-20.730,-19.455,-5.889,-21.298,-22.154,-14.481,-12.121,-14.891,-12.668,-14.682,-17.838,-13.966,-11.018,-17.237,-10.131,0.000,-10.555,-12.170,0.000,-16.537,-18.563,-15.029,-15.522,-18.873,-19.986,-22.191,0.000,0.000,-12.765,-14.437,-13.895,-14.956,0.000,-14.058,-11.917,-19.179,-20.161,-18.680,-20.156,-23.610,-17.632,-13.291,-18.556,-13.765,-13.030,-16.392,-20.375,0.000,-15.106,-21.231,0.000,-8.767,-17.970,-14.238,-11.112,-19.845,-17.489,-17.289,-16.418,-23.400,-20.867,-17.753,-14.240,-16.353,-18.711,0.000,-14.606,-21.088,0.000,-15.327,-15.152,-19.288,-17.767,-18.381,-18.652,-10.734,-17.109,-19.545,0.000,-20.747,-23.001,-20.321,-9.419,-20.189,-9.801,-15.097,-18.303,0.000,-15.776,-6.402,-14.371,-18.520,-12.268,-12.474,-21.194,-19.108,-13.338,-20.477,-16.962,-11.496,-13.583,-12.818,-18.353,-8.024,-18.875,-8.431,-13.098,0.000,-20.158,-11.764,-15.075,-7.370,-15.458,-16.852,-15.638,-13.644,-13.681,-14.065,-15.366,-12.822,-14.590,-15.049,-12.114,-12.201,-3.036,-20.352,-19.894,-16.275,-18.095,-16.645,-16.950,-9.914,-16.105,-13.235,-22.234,-15.613,-17.293,-18.223,-17.971,-13.306,-16.620,-14.291,-18.013,-12.155,-15.093,-12.430,-10.528,-9.169,0.000,-21.244,-17.484,-4.605,-17.206,-16.941,-4.653,-14.083,-13.219,-13.740,-10.515,-8.777,-0.114,-0.692,-5.282,-2.841,-3.786,-7.215,-6.735,-5.196,-5.477,-11.704,-14.107,-9.565,-11.566,-9.036
N,-8.951,-3.269,-4.275,-3.217,-4.043,-3.470,-3.805,-3.835,-2.731,-2.484,-4.449,-3.112,-4.247,-4.579,-4.746,-4.745,-4.224,-4.792,-4.854,-4.250,-4.262,-3.849,-2.808,-3.726,-5.949,-4.065,-5.649,-2.233,-5.104,-3.438,-3.778,-5.267,-7.041,-5.025,-3.731,-4.164,-2.127,-1.665,-3.505,-3.381,-4.426,-3.122,-3.815,-3.693,-6.604,-5.455,-4.468,-5.657,-5.259,-2.990,-6.021,-5.836,-3.551,-3.417,-4.768,-0.696,-4.623,-5.883,-4.432,0.000,-5.835,-5.188,-2.602,-3.100,-2.960,-4.652,-4.102,-3.684,-3.715,-3.123,-5.725,-3.664,-4.209,-3.641,-4.203,-3.009,-4.722,-10.266,-5.720,-9.420,-5.745,-5.544,-3.766,-9.372,-4.792,-3.938,-11.055,-3.894,-2.096,-6.329,-10.069,-14.068,-14.103,-11.563,-16.044,-15.742,-8.662,-18.664,-9.592,-10.324,-11.829,-8.335,0.000,-5.409,-5.758,-3.653,-5.060,-4.069,-5.362,-9.753,-11.803,-12.333,-14.996,0.000,-9.428,-3.170,-7.701,-6.691,-5.057,-9.475,-11.446,-14.391,-17.384,-3.952,-11.308,-5.536,-5.658,-1.998,-11.685,-7.485,-13.141,-7.474,-10.360,-19.885,-7.877,-12.251,-5.697,-10.815,-15.621,-19.192,-15.246,-16.255,-10.341,-10.396,0.000,-9.389,-9.567,-9.446,-15.367,-6.651,-12.185,-10.407,-15.089,-9.420,-14.192,-8.908,-13.205,-11.542,-10.258,-7.051,-15.520,-9.478,-15.667,-15.247,-4.955,-17.974,-11.011,-11.261,-12.580,-15.969,-10.278,-15.661,-10.033,-15.116,-7.201,-11.413,-15.365,-18.485,-16.305,-11.217,-8.982,-9.886,-12.758,-14.964,-12.295,-11.177,-16.432,-18.550,-16.087,-16.499,-14.099,-15.783,-13.521,-16.732,-20.081,-12.876,-7.033,-15.699,-13.588,-14.544,-16.154,-11.863,0.000,-15.124,-15.088,-18.014,-9.821,-16.506,-19.330,-13.696,-16.278,-15.562,-16.396,-14.111,-10.943,-17.965,-12.578,-16.632,-16.880,-13.609,-16.752,-10.945,-16.107,-15.475,-15.343,-22.150,-15.378,-20.145,-18.401,-20.733,0.000,-12.910,-15.558,-8.600,-17.960,-10.481,-19.515,-17.949,-16.844,-18.968,-15.418,-18.293,-14.776,-15.960,-20.948,-18.583,-14.754,-17.007,-19.014,-13.694,-12.383,-14.785,-14.213,-17.303,-16.008,-14.483,-18.613,-16.932,-10.632,-15.649,-18.523,-8.883,-15.901,-22.650,-12.874,-7.620,-11.574,-11.562,-14.737,-15.795,-14.998,-12.230,-18.622,-14.389,-11.185,-16.375,-16.833,-14.641,-18.455,-19.769,-19.234,-14.305,-14.899,-18.833,-17.676,-13.547,-11.535,-10.104,-13.386,-13.745,-12.847,-15.259,0.000,-16.345,-17.426,-18.231,-11.999,-13.116,-21.894,-12.652,-15.618,-16.887,-13.455,0.000,-14.579,-20.307,-12.749,-16.749,-19.935,-8.262,-9.011,-17.885,-11.902,0.000,-17.585,-11.956,-15.491,-15.033,-21.356,-21.850,-16.092,0.000,-15.331,-17.618,-11.977,-9.509,-19.124,-12.416,-12.041,-18.224,-19.535,-13.806,-18.552,-14.742,-14.173,-16.638,-18.715,-12.982,-17.792,-13.743,-17.853,-13.680,-18.956,-4.515,-4.061,-17.302,-8.331,-13.840,-8.575,-14.467,-17.166,-9.336,-9.970,-18.622,-17.002,-10.995,-16.735,-9.495,-11.893,-10.994,-7.652,-14.268,-3.406,-13.864,-12.572,-9.759,-8.178,-17.820,-10.107,-13.371,-12.040,-13.365,-14.978,-15.650,-9.946,-10.040,-9.978,-12.784,0.000,-10.108,-10.034,-13.876,-15.624,-12.210,-18.010,-13.314,-10.437,-14.345,-12.443,-11.315,-15.790,-17.584,-15.516,-19.345,-11.491,-16.400,-14.502,-16.031,-13.070,-11.385,-13.529,-11.515,-8.340,-13.127,-6.631,-14.547,-8.181,-10.282,-19.208,-14.187,-4.764,-17.190,-14.450,0.000,-9.540,-11.669,-10.080,-9.039,-7.563,0.049,-2.986,-7.067,-5.558,-3.261,-4.271,-5.532,-6.653,-4.851,-11.709,-12.127,-4.694,-10.801,0.000
Q,-8.954,-3.936,-4.462,-3.395,-4.314,-3.918,-4.094,-3.422,0.000,-2.644,-4.619,-3.249,-4.602,-4.865,-4.826,-5.260,-4.910,-4.714,-4.940,-4.550,-4.439,-3.495,-3.025,-3.503,-6.008,-5.475,-5.658,-2.181,-2.529,-2.834,-3.810,-4.737,-6.588,-4.457,-2.962,-3.350,-2.626,0.000,-3.560,-1.731,-4.195,-2.224,-3.269,0.000,-5.748,-3.770,0.000,-5.979,-4.623,-3.396,-5.661,-6.086,0.000,0.000,-3.761,-0.727,-4.609,-4.645,-3.083,-2.990,-5.092,-4.854,-2.006,-2.602,-1.761,-4.661,-4.436,-3.536,-3.561,-3.431,-6.426,-3.913,-4.889,-4.147,-3.782,-4.439,-5.945,-9.318,-4.476,-9.816,-3.726,-5.158,-5.534,-6.867,0.000,-1.823,-9.201,0.000,-4.268,-5.951,0.000,-12.411,-11.814,0.000,-15.584,-13.072,-8.992,-19.597,-10.529,-9.547,-11.461,-6.884,-1.982,-3.979,-7.763,-3.632,-5.256,-5.337,-5.749,-8.587,-12.295,-10.704,-12.966,-10.097,-12.351,-6.925,0.000,-7.895,-6.484,-8.508,-13.130,-15.029,-18.167,-7.016,-12.121,-7.306,-6.759,0.000,-12.803,-8.390,-12.056,-9.322,-9.746,-19.600,-4.935,-9.326,-10.936,-7.424,-13.691,-19.948,-15.659,-15.644,-11.881,-9.834,-7.567,-10.303,-12.622,0.000,-14.959,-2.113,-11.190,-10.565,-12.185,-7.152,-12.358,-7.841,-13.745,-16.697,-10.032,-10.226,-15.529,-10.719,-14.534,-14.662,0.000,-15.724,-9.798,-9.500,-12.114,-13.760,-13.979,-15.318,-11.357,-17.940,-9.085,-12.440,-16.746,-16.118,-18.277,-11.134,-8.486,-8.166,0.000,-10.441,-7.166,-9.867,-14.489,-13.698,-12.499,-16.372,-16.699,-9.700,-15.158,-13.670,-16.773,-9.809,-8.439,-11.679,-9.767,-11.288,-16.904,-9.101,-6.894,-14.494,-17.265,-17.573,-6.925,-12.251,-16.265,-13.615,-16.951,-17.608,-14.689,-13.575,-12.061,-19.759,-10.422,-11.534,-17.774,-18.056,-18.391,-14.749,-17.575,-14.280,-14.252,-21.147,-12.957,-18.759,-21.717,-20.342,-14.176,-11.057,-16.962,-12.016,-16.575,-12.796,-19.866,-18.201,-13.904,-17.715,-13.897,-20.740,-16.770,-11.189,-16.681,-19.783,0.000,-14.984,-20.170,-11.434,-14.368,-13.287,-16.012,-15.569,-13.402,-13.597,-19.758,-13.518,-10.713,-15.315,-18.596,-5.966,-14.679,-20.912,-10.907,-10.644,-12.005,-6.458,-14.172,-17.614,-14.650,-12.351,-18.572,-15.609,-15.874,-14.251,-15.716,-17.993,-17.451,-17.351,-18.771,-15.542,-12.043,-16.190,-18.345,-17.019,-13.709,-14.738,-11.573,-16.500,-14.416,-16.398,-9.684,-12.456,-15.933,0.000,-14.113,-14.911,-17.882,-12.909,-9.994,-14.953,-15.489,-12.261,0.000,-17.474,-16.231,-16.574,-20.971,-14.442,-6.553,-14.460,-12.183,-10.051,-18.373,-11.931,-16.294,-15.546,-19.358,-26.195,-18.261,-14.619,-12.687,-12.712,-13.030,-14.314,-15.438,-17.109,-9.973,-19.079,-15.522,-12.725,-14.510,-13.806,-15.711,-13.462,-15.882,-19.962,-14.421,-14.601,-16.681,-11.960,-18.440,-5.532,-7.536,-13.809,-16.938,-10.371,-8.101,-15.902,-13.666,-6.811,-7.656,-19.618,-16.227,-7.426,-17.551,-11.055,-12.400,-8.380,-12.412,-13.606,-11.578,-12.669,-9.380,-9.892,-13.731,-19.173,-10.534,-14.109,-9.924,-11.541,-13.689,-15.678,-7.695,-8.386,-10.567,-11.654,-14.314,-13.926,-15.280,-14.774,-14.693,-11.414,-20.056,-12.699,-13.528,-16.247,-13.582,-13.293,-12.667,-20.002,-16.277,-17.127,-11.128,-17.408,-17.113,-10.561,-12.041,-12.665,-11.908,-13.128,-7.692,-16.105,-9.036,-11.728,-6.872,-18.606,-20.149,-11.097,-4.033,-19.677,-15.701,-6.267,-10.556,-11.596,-9.322,-7.473,-7.938,-4.227,-1.069,-5.385,-4.869,-3.745,-5.349,-5.327,-6.307,-4.038,-11.507,-8.132,-5.706,-10.638,-4.005
T,-8.588,-3.284,-3.890,-3.262,-3.617,-3.238,-3.515,-3.395,-2.881,-2.429,-4.407,0.000,-4.014,-4.426,-4.504,-4.695,-4.558,-4.467,-4.579,-4.247,-4.051,-3.349,-2.327,-3.264,-5.243,-2.995,-5.671,-2.507,-3.862,-3.662,-4.205,-4.501,-6.462,-5.160,0.000,-3.501,-3.752,-2.394,-3.693,0.000,-2.824,-3.296,-3.694,-3.551,-6.193,-5.561,-4.318,-2.897,-6.256,-3.308,-7.957,-5.559,-4.383,-3.503,-4.245,-0.661,-4.968,-6.423,-4.621,-4.356,-5.327,-5.040,0.000,-2.942,-2.865,-4.190,-4.555,-3.704,-3.615,0.000,-6.164,-3.680,-4.741,-3.798,-4.132,-4.022,-6.641,-9.711,-6.274,-9.166,-4.258,-5.202,-6.216,-9.101,-4.708,0.000,-9.310,-3.899,-4.448,-7.626,-11.229,-12.002,-13.444,-9.559,-12.984,-11.445,-7.742,-13.759,0.000,-9.940,-8.869,-5.643,-4.064,-4.900,-6.248,-3.710,-5.359,-5.403,-5.036,-9.590,-9.464,-9.406,-11.484,-8.973,-2.053,-6.738,-8.747,-4.665,-5.088,-11.991,-12.158,-11.496,-12.703,-7.034,-8.472,-5.928,-7.003,-0.966,-9.410,-7.545,-10.338,0.000,-12.796,-13.227,-5.800,-11.658,-11.124,-7.951,-11.900,-15.226,-12.297,-11.635,-13.123,-11.247,-6.144,-9.778,-13.969,-10.218,-12.354,-9.560,-9.292,-10.466,-14.232,-7.466,-11.676,-9.590,-10.133,-17.156,-8.965,0.000,-11.769,0.000,-13.388,-13.810,-3.631,-13.861,-12.908,-11.017,-11.446,-12.721,-14.320,-11.539,0.000,-19.542,-6.611,-13.828,-13.585,-18.462,-17.472,-13.231,-9.247,-8.605,-10.279,-13.433,-12.770,-12.425,-15.328,-16.780,-16.324,-13.370,-14.160,-15.035,0.000,-12.776,-18.262,-7.289,-7.511,-11.322,-15.312,-14.105,-15.785,-8.687,-8.449,-12.856,-18.430,-14.042,-9.347,-13.713,-13.430,-12.222,-17.927,-9.817,-14.971,-14.519,-12.446,-18.727,-11.634,-11.943,-18.433,0.000,-18.185,-13.913,0.000,-15.365,-9.336,-15.812,-16.617,-12.497,-13.722,-13.297,-12.186,-12.480,0.000,-8.409,-12.486,-8.261,-15.856,-16.251,-16.238,-12.894,-12.117,-17.604,-12.536,-13.796,-18.283,-11.695,-15.455,-16.538,-20.534,-12.103,-15.737,-17.679,-14.493,-15.293,-15.756,-15.306,-15.632,-16.571,-13.737,-9.086,-17.061,-10.384,-14.196,-14.505,-11.647,0.000,-14.831,-10.725,-11.325,-14.021,-13.002,-13.307,-18.181,-13.913,-14.957,-13.021,-9.770,-18.244,-13.169,-15.255,-16.820,-14.076,-10.128,-17.139,-17.452,-15.285,-14.619,-14.487,-7.274,-14.402,-11.054,-17.291,-12.908,-16.645,-15.735,-16.008,-14.192,0.000,-18.130,-15.610,-14.186,-14.673,-11.530,-7.058,-14.231,-17.866,-14.943,-18.305,-19.816,-13.848,-5.422,-14.142,-13.724,-10.605,-12.914,-12.387,-12.184,-15.894,-16.514,-15.917,0.000,-14.017,-14.508,-12.214,-13.573,0.000,-17.083,-17.510,-9.920,-13.003,-15.638,-8.177,-16.883,-12.799,-14.811,-14.729,-15.373,-17.681,-15.932,-14.801,-13.944,-14.572,-16.026,-4.011,-7.349,-12.961,-11.355,-10.490,-9.132,-11.884,-13.858,0.000,-11.943,-13.026,-11.571,-10.667,-10.381,-12.326,-3.134,-9.701,-7.034,-10.984,-7.296,-9.260,-12.413,-10.867,-12.098,-13.375,-13.478,-13.916,-14.265,-7.720,-12.531,-11.033,-11.777,-9.279,-7.452,-11.463,-11.094,-4.859,0.000,-15.984,-12.364,-15.526,-14.290,-16.320,-11.633,-11.112,-8.583,0.000,-16.644,-10.378,-17.366,-14.149,-12.189,-9.972,-14.155,-14.631,-10.558,-15.718,-15.422,-10.834,-6.037,-8.825,0.000,-13.932,-6.946,-15.704,-17.738,-10.303,-6.209,-12.206,-9.444,-5.344,-9.795,-8.463,-6.203,-9.893,-5.341,-3.840,-3.299,-6.399,-4.388,-4.369,-3.788,0.000,-7.466,-5.765,-11.901,-10.406,0.000,-11.394,-5.840
S,-8.036,-1.616,-2.960,-2.839,-3.189,-2.897,-3.022,-2.978,-2.391,-2.212,-4.091,-2.753,-3.922,-4.239,-4.548,-4.321,-4.307,-4.344,-4.437,-4.385,-4.143,-3.221,-2.259,-3.336,-5.390,-2.979,-4.730,-2.243,-4.580,-3.603,-3.695,-4.712,-6.175,-4.747,-3.177,-3.208,-2.434,-1.700,0.000,-2.824,-3.910,0.000,-3.468,-4.295,-5.897,-4.677,-4.076,-5.178,-6.160,-2.843,-7.289,-6.229,-3.727,-3.293,-4.714,-1.523,-4.555,-6.351,-4.919,-3.859,-5.532,-5.196,-3.192,-2.624,-2.405,-4.076,-4.011,0.000,-3.487,-3.000,-5.505,-3.429,-4.727,-4.312,-3.550,-3.105,-6.172,-9.115,-5.820,-9.585,-4.993,-5.210,-5.525,-9.345,-5.281,-3.404,-10.360,-3.690,0.000,-6.948,-10.952,-11.170,-12.580,-7.407,-14.221,-8.331,-8.916,-12.419,-7.232,-9.302,-11.296,-7.297,-3.792,-4.338,-5.789,0.000,-4.796,-4.793,-4.578,-9.928,-10.829,-11.655,-12.996,-6.933,-6.542,-6.155,-8.440,-5.204,-1.309,-11.768,-12.001,-12.417,-14.272,-4.235,-9.747,0.000,-5.879,-1.565,-11.363,-4.378,-10.244,-6.746,-11.844,-17.560,-7.711,-12.034,-7.415,-9.555,-12.412,-18.477,-9.737,-14.806,-12.366,-10.679,-5.572,-10.538,-11.938,-9.745,-15.513,-7.791,-11.842,-9.559,-14.245,-6.992,-10.244,-9.289,-12.491,-15.039,-7.487,-3.222,-14.245,-6.797,-14.623,-14.319,-5.732,-14.995,-12.534,-11.835,-12.999,-11.066,-12.783,-11.673,-8.008,-15.844,0.000,-11.012,-13.237,-14.684,-12.225,-7.970,-8.610,-9.731,-10.175,-14.585,-12.239,-12.270,-14.420,-15.476,-15.772,-10.440,-14.769,-14.449,-11.686,-11.171,-16.728,-10.956,-6.865,-10.117,-14.840,-13.274,-12.287,-10.110,-6.372,-12.765,-13.889,-16.667,-9.822,-11.878,-11.610,-13.700,-11.139,-12.404,-13.695,-11.433,-10.319,-13.166,-8.645,-9.435,-14.687,-12.981,-11.654,-15.739,-9.471,-13.464,-9.991,-15.796,-13.166,-14.545,-17.119,-11.293,-10.219,-11.617,-13.014,-6.770,-11.918,-9.147,-15.519,-15.986,-13.151,-13.910,-13.937,-12.128,0.000,-11.974,-16.008,-15.394,-13.672,-17.383,-17.263,-11.582,-8.039,-16.279,-7.156,-10.269,-13.630,-14.813,-17.335,-14.050,-13.246,-12.225,-15.134,-10.610,-15.736,-11.467,-9.842,-4.723,-14.493,-9.236,-8.907,-11.545,-12.986,-12.502,-16.019,-12.935,-14.785,-16.695,-12.951,-17.022,-10.362,-17.882,-13.189,-9.395,-10.439,-16.503,-16.914,-14.242,-11.705,-9.921,-8.965,-9.631,-7.057,-16.314,-9.633,-16.991,-17.695,-17.695,-13.281,-13.569,-18.293,-13.618,-13.544,-14.098,-13.699,-8.304,-12.058,-16.653,-10.686,-13.215,-18.139,-12.025,-4.208,-15.072,-12.960,-9.774,-16.575,-14.452,-14.755,-14.946,-17.393,-12.861,-8.603,-12.312,-13.332,-11.156,-12.864,-9.736,-15.899,-16.119,-9.127,-12.498,-15.158,-11.235,-15.110,-9.475,-10.482,-12.771,-13.286,-14.708,-15.332,-14.298,-16.918,-14.435,-15.017,0.000,-7.016,-12.041,-11.816,-12.986,-10.318,-9.437,-14.790,-5.436,-9.987,-18.511,-12.955,-10.264,-16.756,-12.407,-3.309,-5.259,0.000,-12.883,0.000,-13.065,-10.461,-9.580,-8.889,-16.863,-11.120,-12.610,-12.697,-11.160,-14.344,-7.916,-10.829,-8.926,-5.820,-10.948,-10.355,0.000,-5.637,-10.613,-10.524,-14.206,-16.882,-14.928,0.000,-14.851,-8.856,-8.607,-15.793,-7.719,-11.879,-18.578,-10.640,-10.538,-13.413,-13.606,-8.484,-13.279,-12.720,-12.368,-8.004,-10.051,-6.319,-14.492,-7.691,-14.570,-16.353,-12.508,-5.359,-6.215,-12.623,-4.649,-10.334,-9.531,-8.289,-9.856,0.000,-2.544,-2.022,-6.133,-4.946,0.000,-3.381,-3.061,-6.498,-5.364,-10.925,-11.285,-4.564,-10.221,-5.325
C,-10.039,-6.494,-6.705,-6.211,-6.882,-6.749,-6.967,-6.557,-6.151,-6.497,-7.963,-7.200,-8.148,-8.627,-8.929,-8.535,-8.046,-8.297,-8.440,-7.439,-8.305,-6.987,-5.516,-6.501,-7.541,-7.394,-8.865,-6.839,-7.553,-6.697,-7.922,-7.456,-7.618,-8.146,-7.160,-6.412,-6.432,-5.449,-7.834,-5.894,-5.850,-6.615,-8.347,-6.862,-5.218,-9.232,-7.787,-6.174,-10.176,-7.181,-12.025,-7.364,-8.024,-6.574,-6.067,-6.338,-8.937,-10.090,-6.252,-8.637,-9.554,-6.986,-7.064,-6.745,-6.169,-6.247,-8.446,-7.031,-7.337,-6.006,-8.549,-5.730,-4.806,-5.153,-7.319,-5.852,-8.602,-10.416,-9.423,-10.715,-6.883,-7.548,-8.679,-10.858,-8.081,-6.509,-11.155,-8.746,-8.045,-10.733,-11.352,-13.912,-13.600,-11.173,-14.300,-10.223,-9.395,0.000,-10.376,-12.405,-11.023,-9.007,-7.892,-7.221,-12.232,-7.998,-10.203,-9.719,-7.305,-10.211,-9.491,-12.260,-10.482,-11.535,-7.558,-9.959,-13.345,-5.716,-8.368,-14.896,-10.700,-12.265,-11.081,-8.395,-6.602,-7.463,-11.862,-3.210,-7.010,-9.561,-13.044,-9.554,-14.837,-13.339,-9.600,-15.956,-12.140,-11.132,-12.184,-12.597,-10.998,-12.541,-13.533,-11.884,-12.406,-13.837,-10.642,-13.557,-13.325,-11.592,-13.492,-14.566,-12.610,-12.364,-13.932,-12.180,-11.908,-16.267,-12.574,-8.941,-12.631,-10.487,-15.494,-16.785,-11.010,-12.698,-16.975,-15.670,-14.601,-15.250,-15.725,-13.843,-11.445,-14.696,-9.219,-14.112,-14.138,-15.408,-14.282,0.000,-11.849,-15.241,-10.060,-14.304,-16.684,-14.850,-14.368,-15.156,-18.469,-11.455,-15.586,-18.255,-14.455,-14.666,-16.840,-14.720,-8.657,-14.265,-19.588,-12.884,-12.529,-12.439,-11.253,-10.771,-15.661,-15.951,-13.339,-15.722,-16.041,-15.552,-14.167,-5.234,-12.136,-5.773,-8.927,-13.146,-14.312,-14.101,-14.476,-12.450,-12.336,-18.785,-16.063,-13.741,0.000,-13.849,-13.924,-14.918,-10.873,-15.422,-13.004,-11.227,-14.403,-14.496,-10.918,0.000,-14.363,-17.158,-13.756,-10.512,-13.643,-14.495,-14.110,-15.397,-15.614,-13.329,-17.445,-19.770,-13.436,-10.403,-10.993,-17.349,-12.144,-16.169,-15.126,-13.950,-15.698,-13.849,-17.909,-11.748,-15.935,-15.791,-15.098,-15.841,-13.623,-12.449,-17.126,-14.631,-12.487,0.000,-13.516,-12.029,-14.233,-12.482,-14.736,-14.771,-10.530,-14.415,-15.544,-17.557,-13.535,-12.847,-14.901,-14.998,-15.546,-18.309,-16.854,-13.947,-14.297,-14.525,-12.098,-18.484,-16.815,-19.277,-16.247,-18.963,-12.112,-16.208,-19.153,-14.294,-16.250,-14.461,-12.440,-11.784,-13.656,-16.589,-15.566,-15.323,-15.845,-15.845,-12.143,-14.117,-15.211,-15.993,-14.942,-17.510,-12.390,-15.453,-18.211,-15.382,-13.341,-16.250,-11.667,-14.680,-14.902,-13.394,-17.037,-16.094,-13.625,-16.967,-15.558,-11.088,-13.342,-13.590,-11.841,-11.483,-13.911,-17.140,-14.308,-16.942,-16.078,-15.474,-12.858,-8.206,-11.099,-16.584,-12.818,-12.845,-14.898,-14.208,-12.867,-9.268,-13.368,-20.327,-10.617,-15.932,-17.048,-13.387,-7.260,-11.145,-14.481,-15.184,-11.433,-6.842,-15.087,-12.129,-12.427,-15.201,-12.504,-13.655,-17.498,-13.011,-12.481,-13.411,-13.612,-11.345,0.000,-15.785,-14.656,-7.521,-12.822,-11.618,-15.771,-15.768,-13.451,-14.514,-11.737,-14.501,0.000,-12.978,-18.778,-13.001,-15.912,-19.391,-10.718,-11.910,-16.125,-12.996,-14.984,-14.898,-13.970,-15.641,-9.395,-9.690,-7.133,-19.222,-11.009,-13.314,-13.651,-14.831,-10.483,-13.832,-12.213,-10.816,-13.948,-9.723,-12.424,-14.339,-9.993,-5.335,-9.484,-11.477,-9.445,-9.676,-8.249,-10.287,-12.514,-10.185,-11.365,-13.876,-8.564,-11.100,-9.257
G,-8.194,-3.215,-3.887,-3.024,-2.693,0.000,-2.856,-2.982,-2.288,-2.721,-4.677,-2.892,-4.126,-4.433,-4.427,-4.258,-4.093,-4.541,-4.381,-4.166,-4.377,-3.597,-2.563,-3.555,-5.229,-4.916,-5.658,0.000,-5.203,-4.417,-4.358,-5.489,-7.266,-5.934,-4.542,-3.913,0.000,-2.894,-4.188,-3.640,-5.179,-4.418,-4.734,-5.624,-7.697,-6.001,-5.191,-6.740,-6.669,-3.764,-7.985,-7.563,-5.066,-4.280,-5.742,-2.697,-5.003,-7.880,-6.723,-4.887,-6.801,-5.498,-3.855,0.000,-2.775,-5.158,-3.827,-3.410,-3.904,-1.576,0.000,-3.133,-4.985,-3.737,-4.342,-5.097,-7.335,-10.488,-6.448,-11.193,-6.100,-6.791,-7.346,-11.191,-7.164,-6.267,-12.439,-5.357,-5.662,-6.443,-12.350,-12.019,-16.106,-11.241,-14.946,-6.824,-12.790,-7.339,-10.474,-11.333,-14.043,-10.291,-5.970,-5.601,-6.880,-3.735,-4.770,-5.791,-4.083,-12.465,-15.026,-15.266,-12.457,-9.423,-10.172,-7.865,-10.447,-6.700,-2.122,-14.305,-16.153,-13.692,-16.058,-3.749,-13.403,-4.108,-6.877,-4.447,-13.628,-7.835,-13.972,-8.759,-13.656,-18.970,-10.038,-12.858,0.000,-14.485,-15.975,-17.022,0.000,-17.266,-12.992,-12.315,-7.954,-13.443,-13.945,-12.263,-17.603,-10.320,-12.981,-10.831,-17.294,-9.369,-13.614,-11.507,-13.164,-16.506,-11.038,-8.374,-16.153,-12.112,-17.773,-18.013,-9.626,-17.027,-13.060,-12.249,-16.122,-14.681,-12.235,-16.127,-10.005,-18.282,-7.106,-11.736,-17.033,0.000,0.000,-10.937,-9.996,-10.189,-12.765,-15.246,-12.627,-15.187,-15.310,-15.815,-14.462,-15.093,-16.895,-14.628,-15.464,-15.928,-18.628,-13.849,-13.796,-12.278,-12.004,-17.542,-17.803,-12.094,-8.745,-12.325,0.000,-13.637,-9.676,-15.090,-17.204,-15.461,0.000,-13.771,-16.926,-16.607,-15.205,0.000,-10.969,-15.306,0.000,-19.797,0.000,-16.247,-17.752,-17.436,-17.196,-11.445,-14.656,-14.965,-15.130,-12.617,-12.142,-15.116,-17.244,-10.231,-15.066,-12.982,-19.549,-19.502,-14.765,-14.934,-15.776,0.000,-9.635,-12.649,-19.792,-15.650,-16.109,-19.898,-18.898,-11.466,0.000,-13.031,0.000,-11.241,-14.057,-17.476,-17.566,-14.877,-13.078,-10.392,-17.961,-10.024,-19.475,-11.667,-12.296,-9.583,-16.982,-13.515,-11.132,-14.453,-15.454,-11.969,-17.074,-10.845,-11.048,-11.643,-11.645,-12.750,-14.362,-16.208,0.000,0.000,-13.811,-15.721,-18.616,-14.620,-11.885,0.000,-13.070,0.000,0.000,-13.238,-11.102,-13.356,-17.209,-17.408,-13.342,-16.319,-21.006,-17.883,-14.353,-18.145,-15.295,-11.333,-12.223,-19.519,-13.109,0.000,-20.908,-12.766,-5.850,-16.131,0.000,-13.823,-17.494,-16.252,-15.876,-17.702,-16.715,-10.012,-16.392,-15.896,-15.253,-12.344,-12.747,-14.225,-20.132,-14.288,-11.602,-11.757,-18.157,-13.678,-14.492,-12.235,0.000,-12.737,-17.648,-13.317,-16.895,-18.411,-19.408,-14.339,-18.531,-2.829,-10.843,-17.387,-11.811,-14.449,-10.731,0.000,-15.414,-7.090,-13.067,-19.025,-15.235,-10.787,-19.347,-15.880,-7.979,-6.772,-8.314,-16.045,-7.345,-16.733,-11.535,-10.849,-7.727,-18.447,-14.072,-15.101,-11.759,-14.551,-16.842,-10.604,-12.500,-13.992,-10.929,-13.645,-12.291,-8.530,-13.625,0.000,-12.284,-12.796,-20.222,-15.777,-7.354,-16.201,-11.682,-13.889,-14.372,-8.418,0.000,-20.162,-13.246,-13.781,-15.923,-13.452,-8.686,-13.637,-13.398,-15.973,-11.091,-9.985,-9.649,-14.949,-10.205,-13.635,-18.899,-15.180,-6.029,-6.450,-14.782,-5.214,-12.935,-11.230,-13.037,-11.285,-5.101,-2.637,-2.792,-6.786,-5.941,-2.965,-4.485,-7.557,-6.978,-7.205,-13.379,-14.084,-8.490,-12.793,-6.377
A,-7.976,-2.253,-3.780,-2.882,-3.496,-2.942,0.000,-2.707,-2.356,-2.553,-4.321,-2.987,-3.817,-4.381,-4.195,-4.294,-4.049,-4.070,-3.950,-3.429,-3.999,-2.929,-2.029,0.000,-4.695,-4.852,-4.084,-1.498,-4.172,-2.123,0.000,-3.821,-5.566,-5.028,-3.446,-3.381,-3.670,-2.331,-3.638,-2.696,-2.845,-3.466,-3.071,-4.248,-5.387,-4.662,-4.060,-3.691,-7.339,-2.784,-8.072,-5.545,-3.484,-3.306,-4.216,-3.088,-4.249,-7.358,-4.681,-4.177,-5.186,-4.680,-4.410,-2.356,-2.575,-3.599,-4.320,-3.487,-3.583,-2.849,-5.738,-3.101,0.000,-1.440,-3.743,0.000,-5.723,-8.738,-5.240,-8.874,0.000,0.000,-5.404,-8.179,-4.475,-2.722,-9.511,-3.506,-4.254,-7.731,-10.912,-9.537,-13.830,-8.262,-9.701,0.000,-10.116,-8.490,-7.526,-9.299,-9.894,-6.904,-4.229,0.000,-7.001,-3.043,-5.483,-5.288,-4.067,-10.710,-10.548,-11.202,-9.596,-9.841,-5.183,-8.373,-10.035,-5.988,0.000,-13.739,-13.918,-9.388,-9.865,-6.114,-8.846,-3.759,-6.293,-2.874,-9.925,0.000,-9.114,-7.148,-12.316,-13.129,-6.846,-10.069,-10.227,-9.836,-13.840,-11.977,-7.033,-11.110,-12.620,-11.355,-6.885,-12.161,-13.671,-10.167,-12.816,-7.577,-10.661,-9.947,-14.597,-5.850,-8.890,-9.947,-11.242,-15.834,-7.401,-6.760,-11.097,-8.620,-14.198,-14.856,-7.678,-9.952,-11.509,-11.195,-13.417,-12.137,-13.120,-12.496,-10.518,-18.608,-3.916,-11.889,-14.897,-13.098,-9.586,-8.756,-7.355,-8.082,-5.501,-12.873,-10.515,-11.705,-15.748,-17.140,-13.922,-8.201,-14.224,-12.704,-11.896,-11.174,-19.729,-12.188,-8.643,-9.991,-12.678,-13.873,-16.609,-9.801,-8.374,-12.688,-12.091,-14.518,-7.330,-10.818,-13.490,-13.295,-11.991,-8.211,-14.283,-14.640,-13.894,-12.179,-8.759,-10.768,-15.339,-14.889,-15.402,-15.690,-13.658,-17.230,-13.517,0.000,-17.204,0.000,-14.436,0.000,-11.209,-11.851,-12.492,-11.182,0.000,-7.687,-18.379,-18.340,-17.198,-11.330,-13.601,-11.541,-9.875,-7.724,-18.427,-12.244,-14.561,-17.823,-20.083,-10.591,-12.312,-14.043,-9.502,0.000,-14.584,-16.295,-14.821,-15.431,-12.679,-9.417,-15.782,-9.066,-16.035,0.000,-10.276,-7.951,-16.562,-10.920,0.000,-12.736,-13.381,-12.978,-18.362,-12.981,-12.802,-12.387,-8.901,-13.394,0.000,-15.134,-8.139,-10.378,0.000,-17.022,-17.755,-15.199,-12.139,-12.771,0.000,-9.092,-4.012,-16.263,-11.768,-13.944,-14.930,-15.422,-12.782,-13.755,-19.624,-17.110,-11.364,-16.259,-14.270,-9.067,-11.909,-19.056,-15.426,-15.939,-18.412,-13.660,-0.843,-15.974,-13.663,-12.216,-15.841,-16.275,-13.025,-16.759,-12.022,0.000,-14.138,-14.772,-15.658,-6.361,-12.869,-9.712,-18.458,-15.292,-9.022,0.000,-15.544,-11.874,-17.050,-5.752,-11.430,-15.816,-14.183,-16.044,-18.052,-15.500,-15.247,-12.804,-17.989,-3.535,-5.730,-12.728,-14.301,-12.273,-8.783,-6.575,-15.151,-2.962,-11.508,-16.636,-10.644,-11.523,-14.390,-12.695,0.000,-5.545,-8.363,-13.067,-5.909,-12.852,-10.203,-11.349,-9.520,-14.150,-13.909,-13.707,-12.647,-9.238,-12.038,0.000,-13.066,-10.151,-8.948,-10.613,-13.629,-1.912,-11.569,-10.931,0.000,-12.895,-13.591,-14.108,-7.103,-11.579,-6.019,-7.853,-13.027,0.000,-11.759,-19.021,-11.948,0.000,-12.612,-14.675,0.000,-15.316,-14.472,-13.276,-6.480,0.000,-7.389,-13.372,-6.937,-15.474,-15.860,-12.457,-5.136,0.000,-8.833,-5.851,-11.125,-7.362,-6.729,-10.249,-2.191,-4.443,0.000,-6.730,-5.153,-4.983,0.000,-4.617,-6.457,-5.665,-11.423,-10.668,-4.453,-10.625,-6.568
V,-7.839,-3.783,-4.440,-2.948,-3.911,-3.562,-3.445,-3.394,-2.872,-3.037,-4.701,-3.615,-4.412,-4.845,-4.679,-4.800,-4.395,-4.395,-4.284,-3.859,-4.181,-3.079,-2.054,-3.353,-4.478,-5.599,-5.952,-3.741,-5.227,-3.474,-5.196,-4.016,-4.954,-6.402,-5.002,-4.236,-5.114,-3.252,-4.741,-3.687,-1.183,-3.652,-4.632,-4.177,-4.435,-6.427,-4.922,0.000,-8.551,-4.246,-10.125,-4.642,-5.218,-3.584,-5.121,-3.614,-5.958,-8.761,-3.857,-6.100,-5.888,-5.109,-5.554,-3.724,-3.242,-2.927,-5.217,-4.190,-4.164,-3.576,-6.388,-3.421,-4.196,-1.329,-5.263,-4.227,-4.958,-8.879,-6.727,-6.532,-1.971,-4.455,-7.646,-7.982,-5.443,-4.721,-6.680,-4.689,-6.798,-9.839,-11.483,-10.212,-11.257,-11.272,0.000,-10.995,-6.189,-9.919,-4.700,-12.812,-5.188,-3.354,-6.059,-4.980,-9.056,-4.815,-7.147,-7.460,-6.568,-10.757,-8.642,-4.488,-1.979,-11.814,0.000,-9.734,-12.431,-5.249,-8.473,-14.838,-10.503,0.000,0.000,-9.626,-4.076,-7.042,-9.553,-2.401,0.000,-8.941,-10.381,-7.630,-14.050,-5.833,-5.143,-10.591,-13.380,-9.360,-11.402,0.000,-14.303,0.000,-13.462,-12.096,-9.670,-13.639,-15.233,-11.462,-7.260,-10.017,-4.944,-11.497,-11.063,-9.667,-12.791,-11.358,-5.286,-16.788,-10.661,-10.985,0.000,-10.569,-12.636,-13.183,-7.649,0.000,-12.102,-12.153,-14.462,-15.454,-15.216,0.000,-11.975,-18.688,-8.940,-15.347,0.000,-16.160,-14.574,-8.527,-10.352,-8.220,-10.184,-6.565,-13.306,-13.809,-8.670,-15.920,-14.846,0.000,0.000,-13.928,-12.943,-14.911,-15.052,-10.457,-10.307,-13.172,-13.099,-14.852,-14.320,0.000,-12.721,-6.947,-17.888,-10.488,-10.570,-17.243,-14.883,-15.524,-15.127,0.000,-10.554,-14.135,-12.100,-14.206,-12.238,-13.870,-14.561,-15.520,-12.324,-16.376,-17.102,-12.521,-8.852,-8.533,-18.627,-15.027,0.000,-13.646,-16.872,-13.746,-14.380,-16.568,-12.810,-12.221,-16.293,-12.820,-19.096,0.000,-8.001,-15.938,-18.071,-14.888,-12.921,0.000,-16.199,-17.969,-19.163,0.000,-12.432,-10.822,-12.552,-16.280,-18.174,-12.720,0.000,-18.379,-13.476,-11.176,-15.910,-10.912,-14.113,-16.385,-14.230,-11.965,-19.560,-14.473,-10.405,-13.791,-6.681,-5.486,-15.777,-10.285,-12.742,-15.518,-1.475,-12.778,-16.801,-8.143,-10.905,-13.207,-12.024,-19.370,-16.177,-16.699,-15.528,-13.411,-9.900,-15.858,-13.754,-17.349,-17.022,-14.558,0.000,-17.140,-17.420,-14.912,-16.594,-16.270,-13.840,-11.685,-6.903,-10.064,-15.512,-15.239,-18.885,-15.502,-16.575,-14.960,-4.654,-16.925,-15.326,-13.995,-6.114,-16.231,0.000,-12.145,-17.534,-20.079,-18.493,-17.298,-15.572,-9.866,-16.125,-10.841,-13.645,-13.187,-12.347,-13.060,-13.549,-8.770,-18.156,-14.449,-11.764,-16.769,-11.885,-17.652,-17.741,-18.860,-6.973,-13.991,-11.576,-7.093,-6.425,-14.968,-14.957,-9.017,-9.530,-14.995,-16.027,-7.287,-13.293,-11.710,-10.236,-15.674,-11.502,-13.074,-8.900,-12.320,-13.608,-10.732,-9.376,0.000,-12.473,-13.920,-12.617,-8.019,-14.811,-13.386,-15.639,-3.833,-6.243,-10.741,-15.787,-9.042,-8.887,-13.085,-16.555,-9.538,-13.730,-13.321,-13.206,-13.761,-9.345,-17.894,-14.378,0.000,-8.767,-11.297,-15.530,-12.859,-16.306,-17.117,-11.691,-13.005,-7.465,-16.915,-12.452,-18.435,-16.486,-14.685,-0.915,-4.530,-7.063,-17.813,-6.851,-14.376,-13.748,-7.621,-7.660,-13.831,0.000,-8.655,-11.563,0.000,-4.754,-12.067,-6.507,-6.985,-5.885,-8.416,-5.488,-7.511,-5.248,-7.220,-9.275,-7.446,-11.027,-9.799,-4.513,-11.506,-7.444
L,-6.585,-3.525,-3.883,-2.283,0.000,-2.866,-2.468,-2.644,-2.510,-2.703,-4.170,-3.479,-4.490,-5.040,-5.083,-5.051,-4.515,-4.316,-4.597,-4.066,-4.275,-3.063,-2.459,-3.433,0.000,-5.267,-5.883,-3.647,-5.007,-2.774,-5.018,0.000,0.000,-5.542,-4.565,-3.303,-4.674,-3.230,-4.411,-3.439,-1.519,-2.865,-4.145,-3.885,-3.303,-5.782,-4.319,-2.534,-8.647,-3.692,-10.267,-4.532,-5.270,-3.309,0.000,0.000,-5.719,-8.667,-3.766,-6.656,-5.768,0.000,-5.435,-3.557,-2.850,-3.003,-5.482,-4.401,-3.461,-2.556,-6.413,0.000,-3.314,-2.752,-4.962,-5.016,0.000,-7.588,-5.870,0.000,-3.082,-4.929,-8.016,-8.487,-4.441,-3.612,0.000,-4.441,-6.019,-9.067,-7.462,-10.863,0.000,-8.858,-10.137,-12.684,-8.857,-14.491,-7.695,-13.082,-7.402,-4.495,-6.331,-5.533,-10.489,-5.161,-8.180,-7.531,-7.523,-9.413,-9.761,-5.088,-5.376,-11.909,-9.103,-10.375,-11.241,-5.568,-8.628,-14.854,-10.173,-10.842,-9.244,-9.069,0.000,-8.597,-9.488,-2.487,-7.823,-8.658,-11.050,-10.079,-13.634,-5.223,-9.124,-12.962,-14.557,-7.113,-10.983,-9.709,-13.235,-7.132,-15.115,-10.184,-10.429,-12.319,-12.894,-9.115,-5.814,-8.022,-6.832,-8.539,0.000,-8.002,-13.203,-11.629,-10.026,-17.471,-10.973,-6.545,-10.586,-10.675,-9.204,-9.678,-7.355,-11.840,-14.818,-13.788,-15.149,-12.448,-17.100,-11.658,-10.850,-16.980,-9.424,-15.210,-8.673,-18.261,-18.167,-5.112,-9.781,-8.807,-12.276,-9.320,-13.315,-12.206,0.000,-16.394,-16.164,-11.775,-12.888,-17.355,-10.255,-14.069,0.000,0.000,-9.548,-10.895,-15.858,-9.167,-11.165,-8.276,-11.410,0.000,-18.683,-12.654,-11.510,-15.502,-16.636,-15.716,-18.865,-9.112,0.000,0.000,-11.496,-17.362,-11.969,-9.879,-16.017,-17.690,-15.288,-17.192,-17.292,0.000,-9.688,-17.190,-10.940,-20.270,-11.895,-19.589,-15.891,-11.636,-12.885,-16.356,-15.345,-12.658,-13.624,-7.276,-14.692,-10.988,-12.443,-18.859,-14.684,-14.719,0.000,-13.304,-14.545,-16.290,-14.593,-3.719,-16.850,-16.708,-14.796,-17.153,-14.476,-2.744,-12.592,-16.056,-14.655,0.000,-14.917,-12.388,-9.428,-19.444,-14.018,-13.054,-16.806,-13.061,-15.920,-16.528,0.000,-5.888,-12.800,-10.032,-15.636,-14.080,-5.317,-14.625,-19.097,-11.463,-18.233,-17.413,-15.779,-16.435,-14.491,-18.638,-19.088,-16.941,-12.918,-18.730,-14.521,-18.896,-18.363,-18.043,-12.008,-11.606,-15.529,-17.046,-8.221,0.000,-17.336,0.000,-7.312,-15.706,-11.999,0.000,-17.562,-19.188,-14.701,-17.405,-10.268,-9.107,-15.687,-15.524,-12.612,-17.105,-9.743,0.000,-16.162,-18.966,-15.617,-18.139,-12.497,-12.342,-17.576,-13.068,0.000,-17.145,-10.220,-18.409,0.000,-3.435,-15.690,-12.413,-17.106,-13.544,0.000,-19.713,-16.419,-16.232,-10.159,-11.868,-11.679,-8.207,0.000,-12.089,-19.091,0.000,-11.571,-19.891,-14.247,-8.867,-9.300,-14.316,-7.668,-14.485,-13.662,-10.177,-9.017,-13.012,-13.416,-10.069,-12.112,-7.184,-13.009,-12.765,-15.164,-9.943,-13.793,-10.800,-15.289,0.000,0.000,-16.320,-13.935,0.000,-9.845,-12.052,-16.242,-10.303,-16.522,-15.902,-17.168,-17.324,-11.203,-17.106,-14.068,-10.254,-12.156,-13.981,-17.990,-17.999,-17.991,-11.823,-8.882,-13.979,-4.897,-14.679,-15.327,-15.515,-15.690,-15.013,-6.649,-9.092,-7.491,-18.608,-6.926,-17.389,-10.292,0.000,-6.778,-19.801,-10.811,-9.949,-12.602,-11.543,-4.987,-12.149,-11.262,-6.646,-4.734,-8.844,-3.706,-7.768,-5.047,-8.316,-8.750,-8.325,-9.100,-5.331,-6.071,-9.778,-7.197
I,-7.650,-4.356,-4.587,-2.790,-3.927,-3.805,-3.174,-3.651,-2.995,-3.196,-4.796,-3.869,-4.883,-5.289,-5.232,-5.184,-4.603,-4.725,-4.820,-4.078,-4.400,0.000,-2.376,-3.657,-4.398,-5.983,-6.435,-4.463,-5.943,0.000,-5.859,-3.960,-4.162,-6.731,-5.331,-4.131,-5.557,-3.523,-5.156,-4.314,-1.040,-3.604,-5.019,-4.137,0.000,-6.819,-5.031,-3.324,-8.921,-4.437,-10.983,0.000,-5.739,-3.891,-5.220,-3.779,-6.390,-9.035,0.000,-6.871,-6.120,-4.901,-5.764,-4.156,0.000,-2.639,-5.706,-4.598,-4.518,-3.425,-6.789,-3.495,-4.402,-2.460,-6.076,-4.868,-4.799,-8.948,-5.926,-5.244,-2.264,-5.015,-8.471,-8.376,-5.407,-4.926,-5.123,-5.051,-7.479,-10.592,-11.766,-11.694,-9.441,-11.727,-5.430,-14.372,-6.817,-13.724,-5.051,-14.245,0.000,0.000,-7.260,-6.169,-10.429,-5.842,-8.282,-8.449,-7.876,-11.172,-9.127,0.000,0.000,-12.449,-5.062,-10.861,-12.771,-6.121,-9.543,-15.475,-10.002,-7.264,-6.487,-10.780,-2.840,-8.618,-10.319,-2.554,-3.587,-10.583,-11.294,-8.271,-15.453,0.000,-7.421,-12.597,-16.301,-8.566,-12.264,-5.696,-17.576,-6.909,-15.879,-11.842,-9.882,-13.455,-15.295,-12.212,0.000,-10.744,0.000,-11.367,-9.490,-11.117,-14.635,-12.457,0.000,-18.460,-11.823,-10.804,-7.174,-10.259,-11.906,-9.828,-8.947,-9.519,-14.091,-15.726,-14.873,-16.783,-16.708,-6.022,-11.439,-18.395,-10.040,-17.016,-5.160,-16.353,-17.745,-11.599,-9.749,-9.300,-12.369,0.000,-15.117,-13.171,-8.722,-15.646,-17.447,-11.739,-6.514,-17.691,-12.316,-16.287,-13.466,-10.227,-10.551,-13.909,-15.698,-13.961,-12.073,-6.583,-13.824,-6.805,-19.718,0.000,-13.258,-16.133,-17.443,-15.131,-17.044,-6.687,-5.433,-13.766,-12.832,-18.162,-15.172,-14.925,-17.889,-16.492,-14.796,-16.090,-17.167,-12.200,-12.314,-15.025,-16.716,-19.697,-10.983,-17.864,-16.218,-13.382,-13.778,-18.560,-11.755,-14.119,-17.450,0.000,-18.278,-7.856,0.000,-19.306,-17.929,-16.910,-11.521,-8.019,-17.803,-14.468,-18.263,-2.172,-15.998,-17.729,-15.635,-18.499,-16.858,-11.508,-8.926,-17.549,-15.004,-11.549,-17.222,-13.143,-12.876,-19.119,-14.616,-13.141,-19.278,-15.246,-14.343,-18.859,-5.000,0.000,-16.867,-8.058,-15.123,-16.539,0.000,-15.819,-21.172,0.000,-18.226,-16.057,-16.643,-18.362,-12.449,-18.423,-18.748,-16.709,-11.106,-19.291,-15.147,-19.543,-17.459,-19.218,-8.069,-15.298,-13.589,-11.264,-13.196,-9.955,-18.532,-8.902,0.000,-11.789,-15.763,-12.976,-16.610,-18.679,-17.880,-15.878,-9.157,-14.816,-17.076,-14.522,0.000,-14.160,-6.781,-7.944,-15.358,-21.214,-14.750,-13.224,-14.597,-8.981,-16.998,-8.325,-12.056,-17.175,-12.203,-17.888,-12.051,-4.897,-17.534,-15.613,-16.159,-14.572,-7.452,-19.417,-17.651,-15.173,0.000,-14.081,-8.545,-9.302,-9.258,-17.051,-17.037,-6.968,-10.608,-18.888,-12.858,-8.846,-12.969,0.000,-10.011,-14.363,0.000,-10.963,-11.865,-14.277,-14.673,-8.802,-11.513,-6.041,-15.308,-14.310,-15.598,0.000,-15.077,-12.144,-15.941,-5.143,-3.369,-15.766,-15.548,-7.824,-7.396,-13.816,-17.407,-11.970,-15.894,-15.835,-18.198,-16.958,0.000,-20.668,-15.917,-4.790,-10.937,-11.797,-19.626,-18.002,-19.802,-17.141,-11.904,-17.912,0.000,-15.408,-16.224,-18.374,-15.821,-15.244,0.000,-5.020,-8.033,-19.520,-6.983,-14.396,-12.847,-7.215,-8.371,-18.078,-6.460,-10.203,-12.097,-7.873,0.000,-12.989,-10.331,-7.417,-6.697,-9.717,-5.960,-8.388,-5.765,-8.228,-9.797,-8.278,-11.027,-8.246,-6.751,-11.481,-8.232
M,0.000,-4.411,-5.436,-4.294,-4.873,-3.980,-4.067,-4.089,-4.152,-4.411,-5.631,-4.778,-5.696,-5.809,-6.115,-6.736,-5.925,-5.769,-6.368,-5.782,-6.368,-5.061,-4.215,-5.239,-5.763,-6.784,-7.441,-4.715,-6.096,-4.440,-6.609,-5.433,-5.821,-6.766,-5.636,-4.725,-5.892,-4.633,-5.636,-4.663,-3.710,-4.253,-5.819,-4.222,-5.412,-7.106,-5.303,-4.485,-8.964,-4.852,-10.498,-5.891,-6.310,-4.526,-5.061,-3.506,-7.023,-8.944,-4.813,-7.322,-6.736,-5.297,-5.760,-4.987,-4.003,-4.950,-6.775,-5.327,-5.142,-4.546,-8.112,-5.115,-5.049,-4.445,-6.508,-5.947,-6.260,-9.170,-7.195,-6.473,-4.022,-5.943,-8.395,-9.125,-5.387,-4.242,-5.198,-5.402,-6.855,-9.510,-9.308,-13.100,-8.148,-8.936,-11.577,-13.043,-8.803,-15.157,-7.764,-12.186,-7.740,-6.047,-6.398,-6.557,-10.675,-5.139,-8.909,-8.588,-8.195,-9.938,-10.628,-7.429,-7.588,-12.232,-7.321,-10.158,-11.498,-6.372,-9.029,-13.522,-11.092,-10.818,-10.643,-9.931,-6.219,-8.894,-10.319,-3.016,-9.295,-10.061,-12.743,-9.616,-13.560,-9.058,-8.553,-14.184,-13.884,0.000,-13.290,-12.083,-13.448,-9.486,-15.590,-10.747,-10.296,-12.291,-14.150,-9.755,-9.616,-7.317,-8.682,-10.183,-9.144,-8.756,-15.083,-10.830,-10.742,-18.915,-12.632,-7.961,-12.722,-9.248,0.000,0.000,-4.242,-12.756,-13.600,-13.231,-13.729,-16.324,-17.356,-12.406,-10.728,-19.557,-8.312,-9.241,-11.693,-17.524,-17.829,-10.280,-10.540,-9.579,-12.505,-7.283,-13.545,-12.015,-5.391,-16.819,-16.305,-12.452,-10.612,-15.470,-11.580,-15.731,-6.761,-8.754,-9.246,-13.943,-16.685,-11.665,-14.560,-8.279,-10.461,-4.615,-19.496,-12.115,-10.054,-15.600,-19.638,-14.155,-19.435,-10.609,-8.849,-8.462,-14.645,-18.758,-12.676,-14.632,-17.333,-15.710,-16.094,-15.541,-15.495,-6.580,-13.029,-17.515,-14.825,-20.145,-14.627,-19.780,-16.376,-11.350,-14.070,-16.160,-12.995,-13.615,-14.709,-12.441,-16.556,-10.478,-12.200,-21.385,-19.512,-15.423,-10.167,-11.866,-14.841,-7.926,-19.101,-6.921,-17.026,-16.057,-17.155,-19.091,-16.015,0.000,-12.407,-17.216,-14.076,-4.979,-17.499,-12.398,0.000,-18.875,-14.233,-12.337,-15.502,-13.377,-15.636,-18.522,-9.788,-9.391,-14.845,-9.552,-17.452,-15.629,-8.369,-17.674,-17.406,-12.905,-17.386,-16.780,-16.760,-19.195,-15.035,-19.371,-19.458,-15.609,-12.928,-18.727,-14.018,-19.348,-15.803,-17.714,-10.985,-16.916,-16.213,-12.133,0.000,-6.872,-16.281,-9.196,-10.275,-13.757,-13.076,-10.199,-19.851,-20.092,-16.677,-18.237,-10.213,-14.475,-14.380,-13.710,-13.525,-14.040,-10.683,-9.664,0.000,-21.982,-15.096,-16.791,-13.877,-13.509,-17.244,-10.843,-11.342,-19.508,-12.899,-19.486,-12.196,0.000,-17.261,-15.864,-17.055,-15.190,-12.309,-21.927,-16.244,-12.832,-11.252,-13.326,-14.061,-8.739,-6.585,-16.784,-19.030,-8.564,-12.103,-19.563,-14.170,-9.130,-12.236,-16.051,-7.882,-13.376,-14.406,-12.855,-10.989,-12.221,-13.774,0.000,-9.955,-7.242,-10.440,-12.909,-15.772,-13.035,-14.392,-11.181,-15.760,-6.170,-7.644,-15.594,-12.700,-6.323,-10.085,-14.604,-16.358,-12.278,-15.890,-17.635,-17.018,-16.877,-14.564,-17.370,-15.934,-11.363,-12.211,-10.489,-18.376,-18.106,-19.058,0.000,-9.960,-16.111,-12.198,-14.908,-15.164,-17.155,-16.153,-14.001,-6.697,-10.759,-7.758,-16.818,-7.705,-17.879,-11.411,-3.877,-7.141,-19.105,-11.276,-9.887,-12.574,-10.666,-4.717,-11.718,-10.677,-7.833,-6.217,-9.143,-5.285,-8.023,-5.652,-8.440,-9.737,-7.910,-10.695,0.000,-6.115,-11.273,-6.789
P,-7.920,0.000,-3.750,-2.592,-3.609,-2.072,-3.237,-3.022,-2.824,-2.193,-3.802,-2.386,-3.886,-4.352,-4.041,-4.936,-4.342,-3.939,-4.219,-4.296,0.000,-2.364,-1.367,-2.495,-4.561,-4.616,-4.316,-4.485,-6.013,-5.098,-4.278,-5.228,-7.136,-6.437,-4.614,-3.776,-0.088,-2.613,-4.685,-3.724,-3.671,-5.893,-5.949,-5.607,-8.380,-8.267,-7.671,-9.470,-9.529,-8.015,-11.311,-11.304,-7.280,-6.308,-10.481,-6.758,-8.336,-7.653,-8.859,-7.103,-9.075,-7.395,-5.335,-5.342,-3.025,-3.971,-4.496,-4.053,-3.932,-3.092,-5.968,-2.846,-3.368,0.000,0.000,-4.546,-5.701,-10.762,-9.311,-10.521,-6.629,-8.885,-10.033,-11.059,-9.580,-9.388,-11.918,-5.848,-9.629,-12.050,-12.299,0.000,-12.467,-11.996,-12.867,-14.881,-16.388,-18.056,-14.142,-17.340,-13.831,-12.123,-4.295,-1.666,-8.829,-4.405,-7.041,-5.771,0.000,-12.791,-16.000,-15.379,-17.275,-14.981,-11.567,-10.566,-6.488,-9.913,-4.197,-15.356,-16.558,-16.848,-20.150,-4.827,-12.879,-9.348,-4.994,-6.056,-14.965,-7.015,0.000,-11.560,-18.017,-17.917,-9.716,-8.162,-15.990,-15.820,-15.098,-19.284,-17.150,-15.941,-17.673,-11.993,-13.996,-18.419,-15.661,-15.091,-15.424,-12.690,-14.002,0.000,-14.427,0.000,0.000,-15.802,-17.707,-19.300,0.000,-13.692,-16.213,-12.580,-20.239,-18.815,-12.156,-15.339,-16.417,-15.237,-16.658,0.000,-14.956,-15.932,-15.234,-18.451,-10.504,-19.028,-17.980,-21.075,-20.941,-14.741,-9.912,-9.063,-10.237,-18.305,-15.802,-16.882,-15.838,-17.244,-18.664,-18.642,-20.008,-17.557,-16.177,0.000,-14.295,-14.576,-13.687,0.000,-17.635,-17.329,-15.277,-14.161,-15.152,-12.188,-19.452,-19.309,-11.042,0.000,0.000,-15.660,-16.873,-15.152,-13.533,-11.888,-15.693,-17.259,0.000,0.000,-15.861,-18.375,-17.351,-19.462,-15.819,-15.587,-17.562,-17.771,-11.979,-16.639,-14.013,-16.339,-15.927,-17.243,-16.581,-14.043,-17.013,-16.554,-18.576,-15.981,-14.199,-18.030,-16.708,-19.610,-11.754,-16.426,-15.766,-17.757,-15.377,-21.568,-20.009,-9.764,-16.876,-17.957,-14.100,-8.137,-17.809,-18.971,-21.269,-18.686,-19.835,-22.197,-19.772,-18.289,-23.284,-17.411,-17.329,-15.785,-19.638,-9.069,-10.972,-12.181,-13.565,-13.011,-18.381,-16.064,-14.860,-13.668,-12.997,-18.030,-14.790,-14.956,-18.124,-17.156,-15.206,-16.628,-20.075,-20.543,-16.492,-16.331,-11.647,-16.768,-15.293,-18.393,-15.572,-17.700,-16.558,-14.957,-16.141,-16.526,-17.713,-13.712,-16.822,-12.734,-13.992,-13.145,-11.987,-14.905,-16.162,-19.129,-18.288,-18.175,0.000,-16.430,-18.125,-15.887,-17.878,-16.511,-16.591,-13.308,-20.269,-19.413,-15.540,-17.855,-14.332,0.000,-16.273,-14.242,-12.825,-17.589,0.000,-13.736,-12.219,-14.257,-15.821,0.000,-16.830,-12.986,-12.423,-18.155,-18.993,-16.970,-16.915,-15.989,-18.194,-0.642,-6.113,0.000,-17.776,-13.521,-11.317,-19.529,-15.597,-12.486,-13.621,-18.362,-18.355,-15.781,-18.892,-15.105,-13.700,-12.840,-9.834,-18.244,-12.549,-17.103,-16.643,-10.924,-16.025,-19.437,-14.010,-12.720,-13.878,-12.232,-14.658,-14.455,-15.352,-13.576,-12.867,0.000,-16.468,-12.241,-14.242,-13.745,-12.272,-17.259,-19.080,-18.381,-15.997,-15.621,-15.623,-17.384,-19.810,-14.975,-17.171,-21.313,-15.995,-15.224,-16.477,-15.762,-15.125,-18.560,-16.080,-11.994,-13.299,-11.878,-16.308,-15.718,-9.418,-21.516,-21.651,-17.861,-13.531,-16.254,-17.388,-9.540,-16.465,-14.105,-13.835,-11.622,-8.605,-4.875,-7.042,-7.566,-5.190,-6.484,-4.182,-6.484,0.000,-7.535,-13.058,-15.364,-10.821,-14.241,-10.803
Y,-8.724,-4.132,-4.043,0.000,-3.237,-3.561,-3.381,-3.792,-3.645,-4.251,-5.331,-5.054,-5.567,-6.123,-6.519,-6.591,-5.317,-6.109,-6.096,-5.800,-5.955,-4.875,-3.873,-4.251,-5.619,-7.041,-7.760,-4.105,-6.324,-4.942,-5.742,-4.999,-3.522,-7.220,-6.215,0.000,-4.004,-4.441,-4.812,-0.970,0.000,-4.540,-6.320,-5.592,-5.864,-7.040,-6.922,-5.526,-8.681,-4.705,-7.688,-6.618,-7.138,-3.851,-5.291,-4.081,-7.908,-8.359,-5.748,-7.244,-6.334,-6.150,-6.057,-5.020,-5.092,-6.288,-7.182,-4.312,-6.240,-4.003,-6.956,-4.542,-6.036,-3.604,-6.904,-6.298,-6.014,-7.349,-8.217,-9.436,-6.748,-6.569,-7.087,-9.066,-5.122,-2.495,-9.330,-7.810,-7.224,-10.639,-10.370,-14.065,-11.319,-13.081,-12.479,-13.202,-11.229,-14.524,-13.211,-14.639,-11.373,-8.405,-7.815,-6.241,-11.501,-7.088,-10.016,-9.371,-9.474,-11.781,0.000,-11.632,-12.270,-10.506,-11.797,-10.347,-13.283,-5.459,-9.709,-15.279,-4.178,-11.366,-16.102,-7.241,-11.071,-8.645,-10.343,-5.248,-11.423,-11.254,-13.919,-11.710,-12.945,-16.798,-11.331,-16.052,-13.078,-12.812,-15.786,-17.524,-17.519,-16.203,-14.387,-9.699,-9.086,-15.027,0.000,-14.160,-16.281,-7.771,-12.578,-13.306,-13.208,-13.513,-14.760,-13.274,-12.725,-15.620,-12.273,-10.962,-16.022,-11.169,-18.180,-15.888,-12.678,-17.165,-16.343,-16.051,-16.695,-17.106,-14.663,-17.205,-13.102,0.000,-11.481,-13.244,-17.413,-17.486,-17.927,-12.621,-11.496,-12.994,-12.964,-17.977,-15.398,-15.673,-17.706,-17.767,-17.817,-12.483,-18.314,-18.805,-15.741,-16.372,-16.980,-15.619,-9.376,-15.230,-16.499,-9.516,-4.053,-13.497,-10.838,-12.282,-18.503,-21.861,-13.429,-18.605,-22.109,-17.735,-19.555,-14.354,-15.924,-15.563,-2.074,-18.021,-15.255,-16.016,-19.140,-20.166,-15.592,-16.865,-15.423,-13.951,-20.149,-20.505,-16.769,-20.570,-17.095,-20.485,-14.825,-12.932,-18.178,-16.957,-18.082,-11.415,-12.850,-19.140,-16.083,-19.011,-17.507,-22.331,-17.181,-18.776,-16.307,-18.252,-17.271,-20.776,0.000,-10.520,-15.505,-16.684,-16.889,-16.650,-17.963,-15.779,-21.268,-17.938,-15.890,-15.712,-13.097,-12.779,-12.748,-19.590,-15.743,-14.964,-16.071,-18.102,-17.533,-18.272,-16.765,-14.084,-13.204,-12.101,-11.767,-16.975,-16.105,-11.876,-18.655,-20.044,-19.168,-17.914,-20.021,-19.152,-13.185,-16.054,-16.275,-18.040,-16.697,-17.653,-16.207,-16.056,-17.687,-17.347,-18.275,-18.756,-17.989,-18.724,-21.034,-17.125,-17.590,-17.914,-17.612,-13.028,-14.824,-19.269,-14.095,-19.787,-13.442,-14.145,-12.868,-17.977,-16.944,-15.380,-20.658,-17.528,-15.942,-18.157,-19.916,-24.898,-18.696,-15.679,-15.800,-18.158,-12.923,-17.272,-19.228,-13.090,-15.647,-19.062,-18.608,-16.684,-17.283,-13.038,-16.542,-14.870,-19.039,-16.585,-19.038,-20.257,-18.377,-14.894,-11.502,-10.369,-11.809,-18.298,-16.630,-10.906,-13.308,-19.014,-17.404,-10.401,-10.875,-20.110,-10.903,-16.992,-19.563,-9.078,-12.466,-14.567,-15.433,-16.691,-11.234,-14.008,-15.362,-14.485,-11.875,-19.505,-14.775,-5.697,-15.515,-13.118,-12.001,-16.520,-13.820,-9.804,-13.982,-15.224,-13.173,-13.882,-15.455,-14.999,-16.176,-14.265,-20.052,-16.210,-13.664,-16.495,-11.859,-15.547,-18.213,-18.237,-19.087,-19.428,-6.178,-18.698,-16.968,-17.393,-16.425,-17.959,-16.340,-18.194,-5.472,-15.773,-10.582,-18.627,-12.015,-13.552,-10.259,-13.044,-8.625,-17.868,-13.748,-10.031,-15.564,-14.510,-10.239,-13.198,-11.532,0.000,-8.311,-10.763,-4.374,-9.965,-6.623,-11.068,-10.502,-9.826,0.000,-12.116,-10.454,0.000,-8.348
F,-7.506,-3.716,-3.706,-2.652,-2.893,-3.057,-2.730,-3.312,-3.363,-3.694,-5.286,-4.908,-5.566,-6.126,-6.502,-6.350,-5.339,-5.861,-5.896,-5.498,-5.944,-4.642,-3.716,-4.547,-5.147,-7.084,-7.495,-4.898,-6.762,-5.180,-6.333,-4.379,-4.625,-7.858,-6.624,-4.067,-5.678,-4.874,-5.200,-2.909,-3.664,-4.803,-6.441,-6.532,-5.810,-7.528,-6.610,-6.005,-10.030,-4.740,-10.776,-7.548,-7.432,-4.232,-6.310,-5.325,-8.060,-10.301,-6.967,-8.465,-7.143,-6.197,-7.530,-5.138,-5.133,-6.450,-7.140,-4.606,-6.464,-3.902,-6.603,-4.107,-6.041,-3.962,-7.127,-6.671,-6.367,-6.956,-9.219,-7.633,-6.235,-6.916,-8.279,-10.460,-6.374,-3.943,-7.533,-8.210,-8.311,-11.480,-10.988,-14.073,-10.123,-13.430,-11.652,-12.860,-11.151,-14.619,-11.989,-15.427,-10.593,-7.984,-9.287,-7.362,-12.594,-7.331,-10.807,-10.216,-9.521,-12.200,-5.346,-9.874,-10.447,-11.890,-10.816,-12.441,-14.010,0.000,-9.979,-17.110,0.000,-11.464,-11.726,-9.640,-8.566,-9.388,-11.595,-4.979,-10.895,-11.699,-14.078,-12.042,-15.235,-10.903,-12.021,-16.413,-15.270,-10.903,-15.409,-14.339,-17.556,-11.289,-16.503,-10.419,-10.944,-15.778,-7.919,-13.593,-12.151,-9.429,-10.140,-12.770,-10.992,-13.507,-15.601,-13.643,-11.468,-17.048,-12.795,-10.759,-14.353,-12.808,-16.008,-13.540,-12.000,-14.879,-16.692,-17.147,-18.183,-17.363,-16.455,-14.667,-12.461,-9.573,-10.638,-14.547,-10.975,-17.496,-18.384,-12.308,-12.245,-12.661,-14.708,-13.768,-16.754,-16.320,-12.510,-18.257,-17.783,-14.373,-13.769,-19.226,-15.374,-15.273,-9.898,-14.179,-10.344,-13.059,-18.914,-11.006,0.000,-13.654,-13.516,-10.348,-19.387,-19.020,-13.987,-19.275,-20.715,-17.861,-19.399,-13.210,-11.715,-11.097,0.000,-16.615,-14.870,-13.524,-16.789,-21.667,-14.627,-18.248,-16.407,-14.280,-16.968,-19.721,-18.003,-21.549,-16.657,-20.606,-16.975,-13.604,-19.134,-18.101,-16.841,-14.730,0.000,-15.033,-17.841,-15.371,-15.364,-19.577,-16.498,-17.108,-8.391,-15.004,-17.746,-21.527,-8.966,-7.041,-15.114,-18.915,-13.560,-17.858,-18.954,-13.521,-16.960,-18.876,-16.678,-15.399,0.000,-15.507,-12.501,-19.516,-16.774,-15.647,-19.913,-17.326,-17.173,-17.942,-12.125,-12.378,0.000,0.000,-14.304,-15.367,-10.861,-14.720,-17.293,-14.112,-17.432,-16.924,-19.199,-18.095,0.000,-18.873,-19.191,-17.832,-15.652,-17.512,-14.499,-20.735,-19.678,-20.571,-15.925,-21.031,-18.938,-18.840,-12.810,-12.554,-17.920,-11.059,-11.197,-15.416,-15.311,-12.365,-17.478,-18.656,0.000,-17.409,-13.089,-15.924,-17.509,-15.963,-17.132,-18.490,-11.658,-12.417,-11.991,-21.344,-19.214,-18.921,-14.151,-15.159,-12.481,-15.855,-12.294,-16.725,-15.677,-18.614,-13.713,-14.465,-18.342,-10.600,-15.582,-15.225,-11.689,-18.623,-19.008,-21.233,-12.860,-15.735,0.000,-11.093,-10.839,-16.628,-20.273,-8.720,-14.664,-20.891,-18.238,-11.258,-13.095,-17.426,0.000,-17.441,-17.179,-15.198,-13.482,-14.800,-16.440,-14.598,-12.960,-12.069,-15.933,-16.188,-13.679,-15.819,-16.501,0.000,-17.199,-10.686,-9.554,-18.390,-15.736,-9.325,-13.200,-15.138,-15.243,-11.023,-17.344,-14.942,-16.901,-16.671,-17.741,-18.921,-14.696,-15.167,-12.355,-15.986,-20.350,-17.108,-18.703,-18.064,0.000,-18.641,-14.490,-18.747,-17.211,-19.365,-18.366,-18.164,-5.623,-14.260,-11.087,-20.456,-11.647,-17.691,0.000,-9.402,-9.155,-18.604,-13.530,-11.509,-15.709,-13.590,-8.166,-14.798,-11.903,-2.207,-7.930,-11.299,0.000,-9.850,-5.619,-11.268,-10.516,-10.290,-6.063,-9.546,-9.715,-7.221,-8.915
W,-9.993,-3.766,-5.046,-3.264,-4.399,-4.843,-4.752,-4.627,-3.731,-4.185,-6.173,-5.479,-5.320,-7.433,-7.339,-7.533,-6.642,-7.512,-7.354,-7.716,-8.054,-6.255,-5.693,-6.390,-7.499,-8.045,-9.775,-6.823,-8.437,-7.146,-8.442,-5.706,-7.790,-8.722,-8.751,-5.479,-4.602,-7.125,-6.531,-5.223,-6.059,-6.619,-8.342,-8.161,-8.975,-9.109,-9.087,-7.566,-10.979,-6.595,-12.419,-8.659,-9.628,-7.257,-7.330,-6.476,-10.449,-10.910,-8.243,-10.089,-9.215,-9.088,-8.879,-7.793,-6.614,-9.251,-9.510,-3.066,-9.506,-6.345,-9.473,-6.867,-8.872,-7.129,-9.071,-7.337,-8.823,0.000,-11.045,-11.403,-9.158,-9.137,-11.366,-11.980,-8.420,-6.132,-11.706,-10.849,-10.484,-13.847,-13.604,-16.331,-14.528,-15.275,-16.952,-14.405,-13.610,-18.649,-16.514,-16.914,-15.901,-12.274,-11.357,-9.743,-15.812,-10.056,-13.407,-12.650,-11.377,-14.133,-10.315,-14.752,-16.038,-13.970,-15.265,-13.937,-16.393,-9.644,-12.038,-18.172,-10.468,-14.962,-18.809,-9.788,-14.203,-11.330,-12.827,-6.733,-15.057,-13.888,-16.588,-13.967,-17.392,-17.569,-14.909,-20.260,-16.279,-13.751,-15.050,-18.826,-17.491,-18.074,-18.728,-12.146,-14.824,-17.160,-11.963,-16.569,-18.203,-13.217,-15.303,-16.709,-15.102,-15.319,-17.855,-15.696,-16.504,-20.042,-14.577,-13.667,-18.158,-15.141,-18.944,-18.756,-14.333,-17.901,-19.497,-18.738,-18.224,-17.861,-19.569,-19.119,-14.818,-13.555,-12.699,-17.234,-18.466,-16.200,-17.667,-14.224,-13.412,-16.647,-15.487,-17.906,-18.800,-18.968,-17.097,-15.852,-19.746,-17.102,-20.385,-20.781,-17.634,-17.072,-16.041,-17.895,-16.224,-15.357,-20.529,-12.484,-14.873,-16.931,-14.434,-16.405,-18.361,-25.071,-14.526,-19.888,-21.133,-17.898,-15.719,-20.344,-16.355,-16.823,-10.198,-14.742,-18.380,-17.888,-15.758,-23.505,-14.730,-20.942,-21.769,-17.033,-19.957,-22.148,-17.926,-23.341,-22.644,-22.498,-20.635,-14.823,-20.515,-19.583,-20.593,-14.672,-14.966,-22.493,-14.550,-18.455,-20.420,-18.268,-17.465,-19.088,-16.929,-20.705,-17.936,-22.739,-13.820,-10.546,-13.148,-18.692,-15.237,-17.671,-16.151,-16.151,-21.328,-16.317,-20.889,-13.793,-17.854,-17.638,-20.031,-22.956,-16.210,-18.835,-20.280,-18.213,-21.632,-19.164,-19.017,-16.800,-16.219,-14.301,-18.482,-15.270,-14.901,-18.436,-20.168,-19.925,-17.513,-16.680,-22.907,-15.980,-15.882,-20.382,-21.890,-18.475,-18.903,-16.411,-14.983,-21.071,-19.853,-20.318,-18.429,-20.212,-14.156,-22.284,-20.734,-15.487,-19.593,-16.111,-16.892,-18.800,-14.426,-14.679,-17.617,-15.954,-16.157,-20.774,-16.113,-15.999,-17.530,-20.044,-22.118,-19.802,-17.867,-17.857,-20.878,-22.033,-20.469,-20.300,-13.148,-17.735,-16.721,-21.125,-18.337,-19.490,-16.516,-19.993,-17.008,-19.038,-14.238,-15.321,-13.542,-13.331,-16.715,-22.615,-16.370,-20.850,-20.488,-19.530,-16.676,-14.101,-15.300,-19.629,-23.150,-13.290,-18.301,-17.791,-15.230,-13.248,-16.143,-24.520,-13.148,-18.508,-20.966,-17.187,-16.068,-15.285,-17.288,-17.750,-13.463,-16.427,-19.448,-15.409,-15.398,-21.340,-16.692,-6.859,-18.979,-15.926,-13.274,-20.064,-13.874,-12.819,-16.403,-19.125,-18.944,-15.278,-18.130,-12.744,-18.850,-19.053,-20.748,-16.288,-14.247,-20.029,-14.304,-19.499,-21.549,-18.130,-14.990,-19.822,-12.237,-20.385,-18.130,-14.204,-19.878,-17.577,-15.725,-21.143,-11.750,-18.814,-14.434,-22.078,-15.403,-19.874,-15.148,-15.280,-12.304,-20.518,-18.182,-13.094,-17.948,-15.130,-13.603,-16.098,-13.143,-7.654,-11.523,-12.944,-8.857,-13.451,-10.591,-14.008,-14.777,-12.653,-11.198,-15.025,-12.972,-9.443,-11.846
