,M 1,R 2,V 3,G 4,V 5,D 6,R 7,N 8,K 9,Y 10,Q 11,I 12,H 13,I 14,P 15,L 16,P 17,P 18,K 19,I 20,D 21,P 22,T 23,V 24,T 25,M 26,M 27,Q 28,V 29,E 30,E 31,K 32,P 33,D 34,V 35,T 36,Y 37,S 38,D 39,V 40,G 41,G 42,C 43,K 44,E 45,Q 46,I 47,E 48,K 49,L 50,R 51,E 52,V 53,V 54,E 55,T 56,P 57,L 58,L 59,H 60,P 61,E 62,R 63,F 64,V 65,N 66,L 67,G 68,I 69,E 70,P 71,P 72,K 73,G 74,V 75,L 76,L 77,F 78,G 79,P 80,P 81,G 82,T 83,G 84,K 85,T 86,L 87,C 88,A 89,R 90,A 91,V 92,A 93,N 94,R 95,T 96,D 97,A 98,C 99,F 100,I 101,R 102,V 103,I 104,G 105,S 106,E 107,L 108,V 109,Q 110,K 111,Y 112,V 113,G 114,E 115,G 116,A 117,R 118,M 119,V 120,R 121,E 122,L 123,F 124,E 125,M 126,A 127,R 128,T 129,K 130,K 131,A 132,C 133,L 134,I 135,F 136,F 137,D 138,E 139,I 140,D 141,A 142,I 143,G 144,G 145,A 146,R 147,F 148,D 149,D 150,G 151,A 152,G 153,G 154,D 155,N 156,E 157,V 158,Q 159,R 160,T 161,M 162,L 163,E 164,L 165,I 166,N 167,Q 168,L 169,D 170,G 171,F 172,D 173,P 174,R 175,G 176,N 177,I 178,K 179,V 180,L 181,M 182,A 183,T 184,N 185,R 186,P 187,D 188,T 189,L 190,D 191,P 192,A 193,L 194,M 195,R 196,P 197,G 198,R 199,L 200,D 201,R 202,K 203,I 204,E 205,F 206,S 207,L 208,P 209,D 210,L 211,E 212,G 213,R 214,T 215,H 216,I 217,F 218,K 219,I 220,H 221,A 222,R 223,S 224,M 225,S 226,V 227,E 228,R 229,D 230,I 231,R 232,F 233,E 234,L 235,L 236,A 237,R 238,L 239,C 240,P 241,N 242,S 243,T 244,G 245,A 246,E 247,I 248,R 249,S 250,V 251,C 252,T 253,E 254,A 255,G 256,M 257,F 258,A 259,I 260,R 261,A 262,R 263,R 264,K 265,I 266,A 267,T 268,E 269,K 270,D 271,F 272,L 273,E 274,A 275,V 276,N 277,K 278,V 279,I 280,K 281,S 282,Y 283,A 284,K 285,F 286,S 287,A 288,T 289,P 290,R 291,Y 292,M 293,T 294,Y 295,N 296
K,-4.866,-3.148,-2.976,-5.083,-4.449,-4.263,-3.051,-7.919,0.000,-9.469,-7.180,-10.747,-2.389,-9.361,-9.153,-8.911,-9.152,-7.793,0.000,-13.429,-14.921,-13.485,-10.146,-14.240,-13.613,-15.375,-16.973,-2.282,-17.052,-12.447,-9.770,0.000,-15.332,-14.784,-17.513,-12.475,-17.461,-8.853,-16.315,-14.277,-13.505,-16.427,-14.207,0.000,-9.821,-13.783,-6.466,-10.849,0.000,-12.970,-9.655,-12.790,-14.520,-15.920,-10.567,-15.721,-15.171,-17.581,-6.881,-11.910,-13.320,-11.827,-4.769,-17.437,-13.040,-4.559,-15.451,-15.371,-16.406,-5.648,-16.188,-19.269,0.000,-14.181,-15.662,-14.504,-14.087,-16.504,-16.679,-12.494,-16.785,-14.900,-13.291,-14.718,0.000,-12.874,-14.586,-14.784,-19.312,-7.154,-19.585,-19.783,-16.425,-10.903,-7.670,-14.023,-13.096,-14.974,-11.448,-17.733,-18.314,-7.452,-14.476,-17.214,-16.160,-16.339,-12.865,-18.281,-19.163,-12.978,0.000,-18.559,-11.170,-12.418,-12.124,-12.914,-14.529,-8.951,-13.250,-19.573,-10.469,-10.810,-14.478,-16.016,-10.034,-15.237,-18.604,-8.577,-10.706,0.000,0.000,-15.762,-18.242,-10.693,-13.284,-17.502,-11.405,-13.909,-10.288,-15.454,-14.290,-16.997,-16.750,-17.216,-13.387,-6.997,-12.436,-19.248,-16.331,-12.484,-15.398,-13.475,-16.532,-15.104,-18.247,-12.522,-10.570,-17.735,-12.121,-10.773,-14.185,-16.388,-14.011,-11.410,-14.493,-15.231,-11.776,-9.655,-18.463,-17.721,-14.642,-21.469,-16.307,-13.000,-13.598,-10.010,-10.566,-17.789,0.000,-15.649,-13.605,-17.219,-20.558,-14.244,-11.265,-10.135,-14.195,-13.795,-13.566,-17.667,-15.556,-10.895,-17.756,-15.841,-12.704,-14.426,-13.857,-13.485,-11.868,-18.150,-18.550,-11.067,0.000,-16.696,-12.793,-16.620,-9.349,-11.624,-16.220,-16.560,-13.657,-8.537,-15.861,-6.698,-8.731,-11.658,-16.211,-16.732,0.000,-18.455,-13.078,-11.364,-8.231,-11.442,-12.665,-13.453,-9.428,-15.156,-5.165,-16.192,-18.317,-7.943,-15.716,-13.662,-12.183,-15.277,-17.558,-7.634,-11.431,-9.978,-15.405,-13.695,-11.597,-14.385,-14.079,-16.656,-13.393,-20.341,-7.359,-18.284,-13.248,-16.747,-11.870,-11.992,-17.959,-14.478,-19.513,-15.725,-15.779,-17.625,-11.451,-15.245,-8.467,-11.854,0.000,-13.331,-17.436,-11.593,-14.338,0.000,-17.365,-19.943,-12.580,-2.300,-18.360,-14.349,-5.460,0.000,-13.022,-12.527,0.000,-3.800,-1.826,-4.838,0.000,-8.672,-6.245,-9.475,-9.547,-9.326,-0.181,-13.148,-9.999,-7.935,-11.051,-0.140
R,-4.750,0.000,-2.621,-4.792,-4.237,-2.707,0.000,-8.396,-5.884,-9.696,-7.933,-11.025,-4.447,-9.491,-7.622,-7.246,-10.180,-9.624,-7.366,-12.920,-14.950,-12.490,-9.630,-14.038,-14.085,-13.814,-17.722,-7.462,-16.207,-15.692,-13.467,-9.344,-13.042,-15.960,-17.187,-12.133,-14.615,-11.275,-16.228,-14.218,-10.227,-14.622,-12.125,-6.035,-13.150,-13.921,-13.916,-11.632,-7.333,-13.751,0.000,-16.890,-16.922,-16.878,-14.812,-15.744,-11.709,-14.709,-6.259,-11.965,-10.766,-14.972,0.000,-15.457,-13.470,-3.753,-13.633,-13.844,-17.811,-9.862,-16.425,-16.338,-6.718,-8.110,-16.429,-13.337,-10.982,-12.583,-9.434,-13.109,-12.318,-9.190,-13.277,-6.966,-9.885,-13.746,-13.257,-16.053,-18.122,0.000,-18.438,-16.959,-16.135,-13.549,0.000,-14.681,-14.484,-15.590,-11.361,-17.429,-15.524,0.000,-13.918,-16.612,-11.358,-13.594,-15.252,-15.419,-18.868,-10.967,-14.726,-15.293,-10.190,-7.846,-16.323,-9.751,-14.889,0.000,-12.642,-18.945,0.000,-15.283,-14.698,-14.478,-6.936,-16.513,-18.165,0.000,-11.669,-8.685,-8.132,-16.965,-13.387,-10.935,-11.602,-14.772,-10.330,-14.387,-8.880,-14.435,-14.599,-15.606,-15.294,-11.600,-10.659,-13.565,0.000,-16.308,-16.284,-15.471,-12.798,-14.361,-12.660,-11.661,-17.856,-10.712,-15.834,-16.545,-11.760,0.000,-16.361,-16.817,-12.836,-15.961,-12.883,-14.198,-13.339,-8.843,-15.005,-16.717,-11.187,-19.544,-19.072,-13.427,0.000,-11.494,-13.532,-16.226,-9.559,-15.627,-13.204,-17.192,-17.989,-13.487,-15.618,0.000,-12.905,-15.072,-14.804,-14.877,-15.242,-10.608,-16.533,-12.578,-10.153,0.000,-13.900,-8.728,0.000,-11.938,-18.864,0.000,-10.242,-16.127,-15.853,-14.677,-8.215,-8.879,-12.886,-17.706,-10.957,-12.048,-13.191,0.000,-7.698,-9.597,-17.344,-15.874,-9.009,-19.216,-11.190,-9.880,0.000,-9.977,-14.073,-11.730,-13.311,-16.349,0.000,-14.984,-18.625,0.000,-15.915,-17.174,-12.573,-15.785,-17.365,0.000,-11.153,-11.863,-15.306,-14.231,-10.630,-12.790,-9.916,-15.874,-16.218,-20.070,0.000,-14.328,-15.298,-13.738,-13.627,-16.152,-16.216,-12.099,-17.906,-14.526,-16.163,-14.385,0.000,-15.860,0.000,0.000,-7.644,-13.069,-16.865,-11.271,-17.138,-7.531,-17.427,-19.455,-14.197,-6.798,-17.273,-15.239,-5.516,-7.876,-13.474,-13.376,-5.639,-8.624,-4.397,-7.514,-5.408,-11.031,-7.771,-9.819,-10.444,-10.759,0.000,-13.242,-11.109,-6.975,-11.790,-3.818
H,-6.036,-4.908,-4.172,-4.673,-5.187,-3.155,-4.747,-7.252,-8.165,-7.874,-7.635,-11.932,0.000,-9.865,-8.750,-10.969,-10.500,-10.391,-9.078,-14.361,-13.505,-11.385,-9.419,-14.767,-12.863,-16.629,-18.167,-7.612,-18.513,-15.037,-13.718,-14.363,-13.091,-13.447,-17.763,-13.439,-12.089,-11.602,-12.071,-17.250,-16.159,-17.510,-10.870,-10.437,-12.697,-8.779,-16.634,-12.367,-11.580,-15.807,-12.989,-17.028,-17.134,-15.109,-15.423,-16.696,-12.585,-16.386,-11.714,0.000,-10.887,-13.104,-11.607,-12.983,-14.378,-8.005,-15.960,-16.597,-20.142,-11.351,-15.959,-18.329,-13.432,-15.543,-17.788,-14.928,-12.389,-6.440,-15.705,-11.912,-12.386,-15.435,-16.963,-12.642,-14.303,-14.519,-12.798,-18.671,-19.853,-11.666,-18.734,-18.767,-18.436,-9.458,-9.350,-17.147,-13.353,-17.632,-14.677,-18.714,-17.706,-13.129,-17.838,-16.837,-17.725,-14.700,-17.474,-16.642,-20.863,-12.174,-22.118,-14.816,-12.557,-12.703,-15.764,-15.216,-16.561,-12.163,-16.534,-21.033,-10.532,-14.411,-16.793,-15.565,-9.831,-14.255,-20.656,-13.343,-13.198,-7.976,-12.054,-16.790,-17.085,-12.937,-13.901,-17.484,-14.193,-12.369,-13.559,-17.324,-12.757,-16.939,-17.057,-16.853,-16.165,-14.365,-12.114,-16.160,-15.440,-13.787,-15.130,-13.905,-17.375,-15.445,-10.409,-11.626,-15.937,-16.942,-12.322,-11.993,-17.012,-18.362,-15.142,-15.990,-14.485,-15.450,-11.952,-11.105,-16.896,-15.196,-17.595,-17.274,-13.047,-11.312,-13.574,-14.763,-11.999,-18.745,-15.129,-16.751,-15.357,-18.920,-23.081,-17.662,-12.535,-10.502,-14.292,-13.831,-15.312,-16.612,-13.046,-11.018,-18.054,-15.078,-14.424,-11.565,-13.584,-14.887,-8.935,-16.103,-15.483,-13.695,-14.080,-18.343,-14.282,-15.410,-8.614,-9.647,-12.175,-13.804,-13.252,-11.533,-17.413,-10.941,-8.202,0.000,-18.156,-15.340,-15.517,-18.910,0.000,-13.057,-11.241,-13.963,-16.140,-10.692,-16.154,-12.771,-9.820,-11.671,-19.951,-10.209,-12.598,-13.954,-13.192,-14.669,-17.250,-8.994,-9.372,-14.182,-12.037,-10.845,-13.855,-14.993,-13.699,-15.521,-13.154,-19.449,-11.859,-14.903,-16.472,-13.362,-13.909,-15.282,-18.308,-17.593,-17.621,-9.243,-18.262,-15.912,-11.692,-14.164,-12.672,-9.408,-15.887,-3.855,-15.993,-9.622,-14.665,-9.833,-13.411,-17.591,-14.847,-6.664,-17.612,-16.232,-7.285,-13.126,-14.845,-11.446,-10.408,-10.770,-2.744,-5.204,-7.186,-7.004,-6.645,-6.698,-9.526,-6.717,-7.034,-10.519,-11.265,-8.580,-9.909,-5.071
E,-4.118,-2.832,-3.484,-4.055,-3.904,-3.071,-4.105,-8.398,-5.797,-9.777,-2.727,-12.110,-1.875,-9.810,-9.000,-12.856,-10.626,-9.104,-4.869,-13.288,-9.963,-13.248,-11.665,-15.011,-16.052,-17.976,-18.621,-8.916,-17.391,0.000,0.000,-16.157,-16.194,-11.256,-16.201,-16.118,-17.403,-8.389,-10.117,-16.402,-11.968,-15.000,-13.486,-12.257,0.000,-10.148,-10.951,0.000,-9.569,-16.088,-14.543,0.000,-11.377,-17.291,0.000,-18.767,-15.949,-20.269,-13.142,-13.806,-15.299,0.000,-15.474,-16.939,-11.263,-10.361,-17.671,-15.563,-17.791,0.000,-18.161,-18.137,-10.167,-9.240,-16.293,-16.822,-16.125,-15.003,-10.322,-10.513,-14.923,-11.182,-15.417,-11.091,-8.247,-14.784,-19.366,-19.547,-17.495,-11.389,-14.516,-17.306,-14.746,-17.141,-12.159,-16.561,-6.551,-14.634,-12.769,-17.638,-19.782,-14.929,-17.285,-18.252,-12.413,-16.305,0.000,-20.119,-15.799,-11.273,-15.399,-16.472,-9.402,-10.140,0.000,-10.934,-14.023,-14.362,-16.201,-16.672,-15.716,0.000,-15.053,-15.365,0.000,-19.454,-16.912,-12.857,-12.778,-13.001,-9.895,-13.426,-19.048,-11.939,-12.151,-15.660,-10.240,-10.462,0.000,-15.113,-10.397,-15.288,-16.839,-12.536,-13.140,-14.180,-17.131,-19.764,-9.045,-5.879,-12.428,-13.946,-13.603,-11.589,-10.243,-15.692,0.000,-15.657,-13.685,-15.301,-17.966,-20.206,-17.296,0.000,-17.439,-15.827,-16.052,-10.846,-21.108,-13.315,-13.208,-20.615,-8.876,-10.195,-16.659,-12.160,-13.894,-17.228,-12.613,-16.476,-15.353,-20.665,-16.820,-15.665,-15.695,-13.071,-15.723,-8.236,-16.930,-19.437,-12.025,-14.672,-13.460,-17.336,-15.869,-16.024,-16.227,-9.198,-14.132,-18.015,-12.204,-16.989,-16.466,-18.299,0.000,-17.631,-11.376,-14.058,-16.992,-12.793,-11.815,0.000,-13.237,-13.874,-8.330,-11.603,-18.914,-15.648,-12.190,-19.128,-15.637,-10.823,-12.279,-14.774,-17.087,-13.067,-18.400,0.000,-15.147,-9.983,-19.415,-15.399,-17.658,0.000,-14.521,-16.014,-14.546,-12.348,-11.936,-13.480,-14.730,-16.700,-12.771,-17.188,-10.992,-12.657,0.000,-19.631,-16.033,-16.721,-15.847,-16.274,-16.552,0.000,-15.891,-12.220,-21.334,-14.323,-16.489,-18.767,-13.907,-11.804,-17.283,-13.583,-19.670,-11.524,-15.308,-11.260,0.000,-7.572,-12.389,-21.306,-12.471,0.000,-16.038,-14.892,-5.709,-11.959,-10.918,-13.084,-10.871,-8.151,-3.020,-1.173,-4.379,-3.951,-3.913,-7.500,-5.471,-4.966,-5.414,-12.879,-11.357,-8.358,-11.376,-6.679
D,-5.004,-3.756,-4.133,-4.131,-3.710,0.000,-4.281,-7.334,-6.601,-8.995,-6.636,-13.160,-2.772,-8.203,-8.950,-11.921,-10.945,-9.025,-7.054,-13.118,0.000,-13.034,-12.333,-15.092,-15.693,-18.908,-20.570,-10.518,-19.126,-11.105,-7.460,-17.798,-16.078,0.000,-17.310,-16.210,-13.295,-9.392,0.000,-13.611,-12.180,-13.578,-14.161,-13.413,-5.373,-15.802,-15.679,-7.369,-14.385,-15.054,-16.275,-11.289,-15.344,-16.923,-13.242,-18.911,-17.079,-19.943,-15.570,-13.191,-17.871,-7.159,-17.054,-15.500,-15.684,-11.372,-18.159,-15.034,-20.215,-2.073,-20.166,-19.906,-15.110,-10.090,-15.673,-16.324,-13.943,-13.006,-10.404,-12.336,-16.975,-11.407,-18.086,-8.061,-12.244,-14.391,-17.886,-18.602,-15.762,-14.984,-16.288,-17.242,-14.708,-14.407,-16.594,-19.209,0.000,-17.607,-13.428,-18.171,-19.517,-15.338,-18.872,-14.483,-13.054,-16.935,-13.166,-22.195,-15.167,-14.520,-21.387,-17.192,-14.248,-9.520,-7.654,-10.517,-16.533,-16.586,-16.943,-18.405,-18.351,-8.361,-18.600,-15.798,-6.413,-21.291,-19.421,-14.765,-12.975,-15.944,-12.396,-14.400,-16.869,-11.519,-11.104,-15.070,-9.426,0.000,-8.100,-12.308,0.000,-15.093,-17.465,-12.974,-14.275,-18.833,-17.558,-21.039,0.000,0.000,-12.340,-15.092,-13.363,-14.419,0.000,-13.883,-11.393,-17.929,-18.756,-18.145,-18.721,-20.779,-17.113,-12.490,-15.912,-13.934,-12.798,-14.949,-20.000,0.000,-13.403,-19.190,0.000,-10.348,-17.375,-13.105,-11.868,-17.826,-16.547,-15.630,-14.710,-20.537,-17.098,-15.937,-12.494,-14.382,-17.879,0.000,-14.141,-19.212,0.000,-15.584,-13.059,-17.315,-16.148,-15.934,-17.954,-8.839,-14.017,-18.210,0.000,-19.013,-22.599,-19.276,-9.409,-17.479,-10.550,-15.451,-16.617,0.000,-16.241,-6.827,-13.422,-15.078,-12.708,-13.109,-18.821,-16.801,-15.216,-19.532,-14.821,-10.080,-13.998,-14.191,-18.168,-8.132,-20.362,-8.065,-14.854,0.000,-19.580,-12.855,-15.885,-7.273,-15.217,-15.547,-15.383,-14.248,-12.946,-14.637,-15.703,-12.412,-12.882,-14.644,-10.152,-11.736,-3.895,-18.731,-19.347,-15.761,-16.543,-16.984,-16.573,-9.270,-13.963,-11.918,-21.379,-15.178,-16.076,-17.076,-16.607,-13.869,-18.233,-13.516,-20.395,-13.655,-14.716,-13.253,-10.595,-8.909,0.000,-19.270,-17.713,-4.932,-15.214,-16.824,-4.690,-15.016,-12.908,-13.983,-12.515,-9.097,0.506,-0.614,-5.248,-4.296,-3.014,-7.166,-6.715,-3.398,-6.840,-12.291,-13.391,-9.677,-11.530,-8.278
N,-5.220,-3.739,-4.256,-4.396,-4.063,-2.769,-2.860,0.000,-6.025,-7.770,-7.445,-8.690,-4.178,-7.170,-7.318,-10.437,-8.134,-10.776,-6.783,-12.916,-9.999,-10.694,-6.944,-13.397,-11.197,-15.070,-16.054,-0.455,-18.922,-12.174,-11.939,-13.298,-15.314,-9.811,-16.290,-11.713,-13.849,-7.215,-10.783,-14.477,-16.187,-15.801,-9.816,-10.641,-10.247,-13.156,-13.492,-12.257,-10.951,-14.578,-16.197,-16.590,-16.210,-13.081,-15.388,-14.206,-15.490,-19.495,-11.968,-7.746,-16.129,-13.462,-15.572,-14.895,-12.934,0.000,-15.454,-14.916,-17.387,-10.562,-15.903,-18.164,-12.019,-14.168,-15.230,-15.838,-13.655,-11.160,-15.721,-12.582,-16.529,-14.742,-13.890,-13.044,-7.710,-12.684,-15.909,-15.311,-21.095,-13.976,-18.658,-17.949,-18.330,0.000,-13.869,-14.659,-8.917,-16.810,-9.052,-18.278,-18.401,-15.006,-17.791,-16.395,-16.798,-14.443,-15.654,-20.015,-19.347,-13.885,-17.340,-18.633,-14.579,-11.512,-14.364,-12.994,-16.333,-14.980,-15.045,-18.122,-15.545,-10.460,-15.085,-16.493,-10.877,-15.479,-21.737,-13.950,-7.900,-11.860,-11.668,-14.535,-15.825,-12.534,-12.303,-16.803,-11.636,-10.164,-13.548,-16.622,-11.575,-16.801,-18.358,-17.488,-13.728,-14.413,-17.289,-17.520,-13.229,-10.314,-10.686,-13.602,-13.426,-12.373,-14.506,0.000,-15.694,-16.487,-17.019,-12.807,-12.761,-19.955,-12.651,-14.888,-15.081,-13.318,0.000,-13.904,-19.651,-12.238,-15.491,-18.729,-9.399,-10.001,-17.900,-11.779,0.000,-16.626,-11.063,-14.372,-13.652,-19.332,-19.144,-15.398,0.000,-13.400,-16.906,-10.286,-9.329,-17.817,-10.725,-12.470,-16.982,-17.928,-13.030,-16.667,-14.226,-13.309,-13.865,-18.534,-12.216,-16.631,-13.184,-17.033,-13.737,-16.534,-4.650,-3.917,-15.994,-8.462,-15.628,-9.088,-13.556,-13.873,-9.614,-10.817,-17.320,-15.715,-12.488,-16.216,-9.142,-11.190,-11.691,-7.718,-14.495,-3.830,-15.173,-12.479,-10.700,-8.101,-17.856,-10.715,-14.470,-12.123,-12.369,-14.631,-16.355,-9.808,-9.622,-10.515,-12.586,0.000,-9.862,-9.938,-12.570,-15.010,-11.976,-16.972,-12.681,-9.428,-13.689,-13.916,-11.165,-14.821,-16.804,-14.629,-19.006,-10.753,-16.147,-14.000,-15.250,-13.700,-12.105,-13.067,-13.034,-9.545,-13.501,-6.659,-14.804,-7.873,-9.328,-18.186,-14.720,-4.746,-16.212,-14.450,0.000,-9.789,-12.317,-10.719,-10.252,-7.757,0.435,-2.641,-6.646,-7.106,-3.392,-4.563,-6.151,-5.835,-5.265,-12.541,-11.538,-4.992,-11.123,0.000
Q,-4.731,-3.276,-3.116,-4.209,-4.030,-3.088,-2.211,-8.200,-5.837,-10.095,0.000,-11.264,0.660,-9.970,-7.548,-8.386,-7.406,-9.645,-6.506,-13.795,-13.837,-10.707,-10.169,-13.354,-12.230,-14.168,-15.236,0.000,-17.646,-9.919,-10.098,-13.531,-12.993,-13.854,-16.543,-13.514,-16.264,-9.305,-13.420,-15.642,-14.667,-18.172,-10.338,-9.992,-9.506,0.000,-10.043,-6.702,-9.765,-13.603,-11.449,-12.380,-16.200,-16.602,-9.895,-16.000,-12.310,-16.082,-8.758,-9.887,-10.967,-7.912,-11.910,-15.999,-9.739,-7.942,-14.444,-17.337,-17.646,-7.925,-11.088,-15.064,-11.826,-15.076,-17.272,-14.182,-12.207,-12.084,-17.037,-9.518,-11.602,-15.113,-16.562,-14.895,-11.627,-15.628,-14.000,-13.647,-20.090,-11.086,-17.780,-20.614,-18.058,-14.286,-11.268,-16.866,-12.296,-14.582,-12.984,-18.942,-18.405,-13.015,-15.959,-13.916,-18.532,-16.769,-11.551,-15.699,-20.139,0.000,-15.884,-19.446,-12.128,-13.079,-12.785,-15.298,-15.218,-11.978,-13.862,-19.120,-12.127,-10.804,-14.466,-16.272,-5.762,-14.414,-19.160,-11.801,-11.165,-12.491,-6.430,-14.828,-16.028,-12.093,-12.024,-16.783,-12.972,-15.317,-11.852,-15.633,-15.414,-16.297,-16.281,-17.042,-14.470,-11.609,-13.792,-17.822,-16.635,-12.920,-14.527,-11.803,-16.011,-14.330,-16.199,-11.026,-11.931,-14.926,0.000,-13.624,-14.508,-16.681,-12.836,-9.716,-13.749,-15.170,-12.526,0.000,-16.485,-15.907,-15.340,-19.765,-14.871,-7.840,-13.732,-12.196,-10.931,-17.654,-11.637,-15.534,-14.169,-17.940,-23.214,-17.336,-13.496,-11.146,-12.126,-12.004,-14.096,-14.048,-15.323,-9.736,-18.241,-14.118,-11.761,-11.805,-13.492,-14.751,-10.205,-15.236,-18.774,-12.551,-14.642,-16.467,-12.110,-16.611,-5.862,-7.527,-12.211,-17.160,-11.107,-8.812,-15.345,-10.393,-6.857,-7.652,-18.552,-15.440,-9.318,-17.697,-10.729,-11.516,-7.997,-13.306,-13.810,-11.849,-14.071,-9.966,-10.458,-13.987,-19.658,-10.890,-15.279,-10.979,-10.926,-13.757,-16.632,-7.560,-7.962,-11.389,-11.486,-14.758,-13.693,-15.061,-13.235,-14.553,-11.136,-19.010,-12.536,-13.631,-15.880,-14.950,-13.401,-11.841,-19.214,-15.728,-16.749,-10.723,-17.384,-16.088,-9.907,-12.781,-13.806,-10.975,-14.716,-8.532,-16.503,-8.938,-11.971,-6.808,-17.788,-19.448,-11.725,-3.349,-19.240,-15.868,-6.622,-11.059,-12.503,-9.713,-8.395,-8.272,-3.816,-1.495,-4.335,-6.297,-3.279,-5.391,-5.465,-5.148,-4.146,-12.275,-7.085,-5.981,-10.683,-2.709
T,-4.937,-3.728,-2.918,-4.396,-3.219,-1.220,-2.597,-3.122,-7.009,-8.352,-8.492,-9.540,-5.497,-9.368,-6.975,-11.243,-4.236,-9.706,-8.336,-10.848,-14.526,-10.267,0.000,-10.238,0.000,-12.549,-14.580,1.733,-15.076,-13.960,-9.552,-12.301,-11.766,-14.466,-11.652,0.000,-18.269,-6.736,-13.673,-12.873,-15.779,-16.393,-13.105,-11.437,-8.668,-10.271,-12.920,-13.240,-12.229,-14.385,-14.912,-16.990,-12.724,-13.114,-14.572,0.000,-11.482,-17.650,-4.355,-8.953,-10.990,-15.284,-14.901,-14.485,-9.801,-9.654,-13.817,-17.805,-13.358,-11.242,-13.371,-13.222,-10.664,-14.497,-10.197,-14.549,-14.049,-12.399,-15.673,-11.311,-11.702,-15.737,0.000,-14.610,-10.468,0.000,-15.233,-10.207,-14.942,-15.216,-11.017,-13.159,-11.779,-11.380,-13.300,0.000,-8.927,-11.941,-8.026,-15.591,-16.250,-14.575,-12.950,-11.800,-15.972,-12.536,-12.679,-16.920,-12.221,-14.652,-17.515,-20.095,-12.615,-13.937,-17.233,-12.821,-15.124,-14.396,-15.081,-15.323,-15.587,-14.147,-9.450,-15.305,-11.373,-14.365,-13.755,-12.973,0.000,-14.846,-11.326,-10.835,-13.754,-11.688,-12.933,-16.622,-11.825,-14.153,-11.307,-9.667,-15.402,-11.566,-14.181,-14.812,-13.067,-10.087,-15.352,-16.822,-13.988,-14.046,-14.277,-7.357,-13.822,-10.740,-17.273,-12.849,-15.798,-14.552,-15.030,-13.454,0.000,-16.207,-15.379,-13.677,-13.375,-11.553,-6.905,-13.270,-17.487,-14.606,-17.106,-18.480,-14.229,-6.036,-13.556,-13.197,-10.508,-13.125,-11.827,-11.999,-14.720,-14.750,-13.735,0.000,-12.798,-11.845,-11.940,-12.576,0.000,-15.722,-15.485,-9.747,-11.651,-14.729,-8.036,-14.606,-12.145,-13.836,-11.959,-15.407,-16.977,-14.737,-14.353,-13.379,-14.232,-14.609,-4.148,-7.060,-10.954,-12.010,-11.767,-10.015,-11.704,-11.136,0.000,-12.238,-12.337,-11.261,-11.793,-9.893,-12.108,-3.668,-10.345,-7.206,-10.805,-7.350,-10.646,-12.472,-11.942,-12.244,-13.528,-13.798,-15.085,-14.651,-6.933,-12.226,-11.501,-11.813,-8.758,-8.155,-11.467,-11.751,-6.070,0.000,-14.445,-11.711,-14.940,-13.507,-16.187,-11.836,-11.071,-9.947,0.000,-15.922,-9.926,-16.350,-14.326,-11.588,-10.181,-13.937,-14.044,-10.621,-16.615,-15.094,-12.086,-7.079,-9.256,0.000,-13.634,-6.961,-14.810,-17.305,-11.262,-6.219,-11.899,-10.049,-5.506,-10.024,-9.126,-5.998,-11.214,-5.837,-3.482,-3.215,-5.714,-5.464,-4.245,-3.836,0.000,-6.865,-6.003,-12.905,-10.232,0.000,-11.389,-5.196
S,-4.540,-3.508,-2.852,-4.106,-3.276,-2.418,-1.419,-3.326,-6.763,-8.363,-7.660,-10.933,-4.267,-9.728,-5.184,-9.828,-6.766,-8.419,-7.182,-11.154,-12.805,-6.805,-5.087,-11.983,-8.826,-14.002,-15.141,-4.590,-16.944,-13.775,-12.768,-15.028,-9.464,-12.636,-13.815,-7.830,-13.550,0.000,-11.082,-12.136,-11.822,-11.575,-7.135,-10.785,-10.087,-11.120,-14.233,-12.374,-12.229,-13.093,-13.584,-16.289,-9.942,-14.583,-12.311,-12.436,-9.436,-15.728,-9.792,-8.460,-9.530,-14.979,-13.995,-10.826,-11.261,-6.944,-13.006,-13.183,-16.340,-11.122,-10.997,-10.187,-12.161,-8.296,-12.392,-13.425,-10.088,-10.080,-10.736,-8.253,-9.098,-11.208,-11.305,-7.947,-12.047,-8.441,-13.273,-10.364,-16.018,-10.815,-13.505,-16.008,-11.422,-10.128,-12.710,-11.656,-6.242,-11.636,-9.139,-13.711,-15.925,-12.068,-13.502,-14.440,-10.871,0.000,-12.257,-14.485,-15.932,-12.762,-17.870,-16.551,-12.576,-5.989,-15.930,-5.181,-9.870,-12.767,-14.669,-16.680,-12.781,-13.727,-11.228,-12.769,-11.528,-15.403,-11.922,-11.083,-5.043,-14.780,-9.867,-9.416,-11.299,-10.742,-12.235,-13.662,-10.142,-13.732,-13.650,-13.637,-14.350,-9.471,-16.147,-11.895,-9.056,-11.145,-14.146,-16.079,-13.379,-11.092,-9.866,-9.036,-9.313,-6.994,-16.221,-9.882,-16.425,-16.683,-16.524,-13.208,-13.154,-16.638,-13.048,-13.167,-12.364,-13.488,-8.147,-11.208,-15.712,-11.078,-12.326,-16.859,-12.504,-5.067,-14.521,-12.312,-10.104,-16.077,-14.239,-13.985,-13.419,-15.780,-12.397,-8.641,-10.772,-11.548,-10.446,-11.858,-9.353,-13.915,-13.947,-9.242,-12.362,-13.360,-10.261,-12.872,-8.505,-9.132,-9.570,-13.437,-14.504,-13.977,-13.780,-16.023,-14.482,-12.849,0.000,-6.724,-9.892,-12.493,-13.919,-11.340,-8.821,-11.907,-5.469,-10.314,-17.349,-12.380,-11.650,-16.150,-12.060,-3.732,-5.946,0.000,-13.235,0.000,-14.492,-10.477,-10.486,-9.069,-16.931,-11.656,-13.688,-12.937,-10.141,-13.795,-8.609,-10.888,-8.507,-7.326,-10.747,-10.319,0.000,-6.573,-9.307,-10.285,-13.861,-16.039,-14.749,0.000,-14.212,-9.797,-8.593,-15.235,-8.310,-10.879,-17.933,-9.887,-10.558,-12.812,-12.722,-9.102,-13.931,-12.038,-14.206,-8.820,-10.290,-6.198,-14.928,-7.125,-13.717,-14.774,-13.303,-5.213,-7.121,-13.075,-4.847,-10.991,-9.753,-8.609,-11.094,0.000,-2.315,-1.508,-5.328,-6.028,0.000,-3.371,-3.176,-5.810,-5.718,-11.521,-10.926,-4.646,-10.051,-4.713
C,-6.131,-4.935,-5.380,-6.214,-6.222,-5.538,-4.682,-8.372,-9.053,-7.601,-10.495,-10.849,-7.037,-10.995,-10.607,-11.214,-10.629,-12.241,-10.116,-11.765,-11.702,-12.604,-9.897,-11.980,-12.197,-15.248,-16.774,-8.084,-14.666,-16.494,-14.333,-15.621,-14.123,-14.787,-14.429,-11.416,-12.125,-8.767,-13.790,-13.867,-12.943,-14.310,0.000,-13.523,-14.925,-10.005,-13.540,-16.504,-14.570,-14.223,-12.907,-18.560,-11.643,-15.536,-17.164,-14.505,-12.809,-15.966,-12.922,-9.974,-13.569,-18.605,-12.958,-11.624,-12.547,-10.075,-12.294,-15.116,-16.774,-13.152,-14.138,-15.071,-14.069,-11.343,-6.171,-12.775,-8.231,-7.258,-10.462,-13.177,-13.852,-11.936,-10.323,-9.014,-15.652,-13.782,-13.955,0.000,-14.562,-11.638,-14.427,-8.950,-15.223,-12.408,-10.756,-12.991,-13.883,-10.631,0.000,-13.798,-16.744,-12.777,-10.422,-14.307,-12.794,-13.465,-15.255,-14.972,-13.884,-16.222,-20.605,-12.346,-11.693,-8.728,-16.466,-10.404,-15.904,-12.600,-13.993,-15.483,-11.406,-16.892,-10.921,-14.069,-14.661,-14.224,-16.041,-13.999,-11.262,-16.602,-15.098,-12.453,0.000,-12.248,-12.603,-12.531,-11.005,-14.372,-13.314,-11.875,-13.422,-15.187,-16.731,-12.143,-12.101,-14.006,-12.606,-14.690,-17.476,-15.478,-12.830,-14.113,-13.796,-11.326,-16.792,-16.655,-18.118,-15.785,-17.555,-11.296,-15.729,-18.238,-14.458,-15.477,-13.748,-13.068,-11.414,-12.670,-16.232,-14.783,-13.874,-15.238,-15.644,-11.945,-12.839,-13.701,-15.712,-15.011,-17.373,-12.862,-14.870,-16.695,-15.340,-13.462,-14.738,-10.264,-14.236,-13.464,-12.562,-16.028,-14.663,-13.353,-16.685,-14.729,-10.581,-10.796,-12.925,-10.386,-8.044,-14.475,-16.548,-11.979,-16.244,-16.182,-14.851,-10.854,-7.672,-10.005,-15.351,-11.879,-13.110,-15.068,-13.108,-10.174,-8.359,-12.414,-19.533,-10.988,-16.483,-17.553,-12.529,-6.505,-10.315,-13.902,-15.659,-10.656,-7.695,-14.528,-11.373,-11.827,-16.071,-11.395,-13.872,-16.990,-12.099,-12.947,-14.382,-12.515,-10.545,0.000,-15.661,-14.126,-7.441,-12.439,-9.906,-14.995,-15.414,-13.561,-13.946,-11.526,-14.655,0.000,-13.035,-17.596,-12.934,-14.093,-17.948,-9.974,-12.255,-15.813,-11.595,-15.111,-13.995,-11.990,-16.611,-9.384,-10.313,-6.237,-18.719,-9.895,-12.594,-12.907,-15.018,-9.021,-13.786,-12.932,-9.630,-13.820,-9.871,-12.588,-14.181,-8.913,-4.664,-7.795,-9.649,-8.922,-8.145,-7.053,-9.393,-10.953,-9.106,-10.503,-12.764,-8.202,-10.565,-7.908
G,-4.075,-2.519,-3.088,0.000,-4.250,-3.313,-2.379,-6.798,-7.223,-8.073,-8.773,-12.247,-3.646,-9.453,-6.132,-11.170,-9.047,-10.824,-8.346,-5.968,-12.634,-10.705,-8.596,-12.890,-13.685,-16.682,-18.816,-5.867,-18.257,-13.010,-12.422,-17.611,-14.341,-10.828,-16.925,-9.655,-16.032,-7.576,-11.522,-15.525,0.000,0.000,-11.162,-12.335,-10.112,-13.327,-14.774,-12.594,-14.940,-14.356,-13.316,-14.383,-15.090,-16.578,-13.235,-16.324,-14.297,-18.088,-12.282,-14.953,-12.784,-11.545,-16.908,-16.729,-12.578,-8.888,-13.283,0.000,-15.804,-9.773,-14.113,-15.607,-13.308,0.000,-13.577,-16.586,-15.563,-14.477,0.000,-10.633,-15.071,0.000,-17.438,0.000,-12.000,-14.318,-17.389,-17.300,-11.471,-12.994,-13.821,-13.354,-12.628,-12.041,-15.706,-16.100,-10.356,-13.898,-12.476,-18.054,-19.670,-13.317,-14.147,-16.147,0.000,-10.717,-12.605,-18.947,-16.552,-14.979,-20.675,-17.897,-12.972,0.000,-11.892,0.000,-11.469,-12.448,-16.923,-17.074,-13.064,-12.948,-6.933,-15.493,-10.195,-18.854,-11.784,-12.941,-10.073,-17.231,-13.745,-10.992,-13.990,-12.765,-11.371,-14.839,-9.220,-9.991,-8.507,-12.402,-9.744,-13.568,-15.153,0.000,0.000,-14.428,-13.244,-17.828,-14.153,-11.002,0.000,-13.298,0.000,0.000,-12.605,-11.655,-12.014,-16.020,-16.015,-12.609,-15.630,-19.262,-17.334,-13.025,-16.249,-14.844,-11.139,-11.032,-18.557,-12.495,0.000,-19.667,-12.747,-7.082,-14.788,0.000,-14.192,-16.226,-15.489,-14.625,-16.128,-14.876,-9.824,-15.577,-14.289,-12.880,-12.315,-11.570,-13.731,-17.988,-11.650,-11.984,-11.894,-16.549,-12.753,-11.882,-12.773,0.000,-9.881,-17.228,-12.329,-14.933,-17.800,-18.591,-14.493,-16.122,-2.465,-11.322,-16.216,-12.046,-14.733,-11.236,0.000,-11.826,-7.218,-13.449,-17.746,-14.836,-11.992,-18.607,-15.208,-7.087,-6.830,-8.677,-16.446,-7.165,-17.284,-11.535,-11.707,-7.269,-18.148,-13.830,-16.319,-11.204,-13.461,-15.965,-11.001,-12.609,-13.637,-11.252,-13.677,-11.676,-7.750,-13.068,0.000,-11.990,-12.112,-18.967,-15.743,-7.592,-15.400,-12.637,-13.702,-13.143,-8.481,0.000,-19.520,-12.880,-13.919,-15.533,-11.806,-9.506,-14.609,-12.315,-17.724,-11.418,-10.440,-10.082,-14.949,-9.968,-12.451,-18.101,-15.928,-6.254,-7.035,-15.139,-5.638,-13.542,-11.091,-13.436,-12.754,-5.343,-2.516,-2.457,-6.069,-7.513,-3.831,-4.802,-7.724,-6.463,-7.385,-13.983,-13.622,-8.652,-12.758,-6.205
A,-3.559,-3.015,-3.458,-4.464,-3.614,-4.087,-0.441,-5.957,-6.391,-8.384,-8.214,-10.240,-3.714,-9.709,-6.880,-10.454,-6.376,-7.601,-8.933,-10.808,-14.253,-7.643,-7.827,-8.490,-8.937,-12.638,-13.072,-5.534,-11.663,-11.986,-11.322,-15.152,-11.965,-13.104,-13.146,-10.931,-17.646,-3.552,-12.132,-13.804,-11.953,-8.770,-9.539,-9.610,-8.258,-5.795,-12.516,-10.561,-11.819,-15.347,-15.530,-14.314,-7.671,-14.121,-11.268,-12.317,-10.336,-19.409,-11.327,-9.885,-10.465,-12.375,-14.080,-15.766,-10.606,-10.245,-14.043,-11.668,-14.707,-9.101,-10.635,-13.041,-11.734,-10.363,-8.338,-14.210,-14.009,-14.210,-10.728,-8.888,-10.841,-13.062,-12.661,-12.359,-11.914,-11.089,-16.973,-13.952,0.000,-15.410,0.000,-14.446,0.000,-11.874,-13.216,-11.079,-11.680,0.000,-7.479,-18.067,-18.970,-16.216,-11.496,-13.639,-11.249,-10.310,-7.774,-17.529,-12.511,-14.327,-18.771,-19.477,-12.371,-10.784,-12.773,-9.025,0.000,-14.196,-15.995,-14.132,-15.782,-12.967,-8.338,-14.200,-9.796,-16.080,0.000,-12.053,-8.446,-16.786,-11.218,0.000,-13.674,-10.836,-12.631,-16.934,-11.527,-11.590,-9.949,-8.914,-11.217,0.000,-14.684,-7.465,-10.036,0.000,-15.497,-16.950,-15.061,-11.724,-12.243,0.000,-9.775,-4.154,-15.427,-12.129,-12.879,-14.001,-14.299,-12.840,-13.022,-18.150,-16.798,-10.590,-15.049,-14.237,-9.035,-11.323,-18.575,-14.610,-14.957,-17.649,-13.798,-1.573,-15.539,-13.218,-12.859,-15.748,-15.689,-12.460,-15.899,-10.308,0.000,-13.217,-13.603,-14.008,-6.292,-12.011,-9.219,-16.669,-12.965,-8.994,0.000,-14.387,-11.182,-14.909,-6.249,-10.516,-13.360,-14.144,-14.871,-16.754,-15.405,-14.933,-12.903,-16.553,-4.462,-6.159,-11.708,-14.251,-13.378,-9.689,-6.942,-13.338,-2.794,-12.161,-15.391,-10.997,-13.639,-14.069,-12.711,0.000,-6.563,-9.227,-13.176,-5.955,-14.021,-10.158,-12.678,-9.526,-14.634,-14.830,-15.028,-12.786,-8.149,-12.565,0.000,-13.457,-10.006,-10.086,-10.470,-13.757,-1.361,-11.247,-10.062,0.000,-12.184,-12.885,-13.962,-7.860,-11.238,-7.378,-7.816,-12.049,0.000,-10.811,-18.310,-11.505,0.000,-12.648,-14.399,0.000,-16.444,-14.568,-15.292,-6.569,0.000,-7.612,-13.509,-6.377,-14.542,-15.529,-13.828,-5.120,0.000,-9.139,-6.252,-11.899,-6.960,-6.121,-11.737,-3.197,-3.929,0.000,-6.058,-6.319,-4.969,0.000,-4.760,-5.540,-5.937,-12.402,-10.339,-4.255,-10.115,-5.319
V,-4.038,-2.330,0.000,-4.000,0.000,-3.134,-3.198,-8.315,-7.380,-9.272,-8.774,-5.885,-5.341,-5.833,-9.291,-10.572,-8.090,-10.532,-9.599,-4.777,-14.858,-10.378,-12.331,0.000,-11.419,-11.348,-13.356,-5.104,0.000,-12.810,-10.786,-15.383,-15.056,-14.786,0.000,-13.277,-17.465,-9.097,-15.464,0.000,-12.808,-13.903,-8.951,-12.784,-8.809,-10.437,-6.822,-13.820,-13.677,-8.455,-15.357,-14.586,0.000,0.000,-13.767,-13.970,-13.954,-14.421,-9.741,-11.489,-13.445,-12.801,-15.989,-13.401,0.000,-13.574,-8.693,-16.839,-10.652,-10.845,-16.809,-15.064,-13.704,-11.274,0.000,-10.566,-12.627,-12.010,-11.210,-11.920,-13.833,-11.251,-14.056,-9.435,-12.750,-14.996,-11.727,-10.771,-9.460,-16.361,-12.502,0.000,-11.644,-16.566,-14.539,-13.895,-16.448,-12.568,-11.145,-14.896,-12.590,-17.869,0.000,-7.739,-12.376,-17.765,-14.460,-11.770,0.000,-15.380,-19.167,-19.119,0.000,-10.010,-10.000,-11.297,-15.926,-16.998,-12.393,0.000,-17.550,-13.272,-9.529,-14.163,-11.408,-13.931,-15.612,-15.390,-12.316,-19.447,-14.924,-9.306,-14.098,-5.367,-5.636,-13.640,-8.794,-11.594,-12.343,-2.713,-10.522,-15.016,-7.979,-8.693,-11.583,-10.948,-17.561,-15.733,-16.129,-14.177,-12.359,-10.297,-14.845,-12.592,-16.084,-17.024,-13.098,0.000,-16.129,-16.655,-14.086,-14.724,-16.018,-12.586,-10.944,-7.403,-9.780,-14.319,-15.106,-17.499,-13.680,-15.482,-14.738,-5.155,-16.285,-12.974,-14.009,-5.615,-15.692,0.000,-11.579,-15.539,-18.292,-17.712,-15.901,-13.708,-10.442,-14.549,-9.889,-12.624,-11.417,-12.300,-11.534,-12.069,-8.260,-15.995,-14.185,-9.941,-13.980,-11.385,-16.014,-15.990,-18.552,-7.061,-13.692,-10.021,-7.645,-5.524,-13.634,-14.510,-9.799,-10.463,-14.062,-13.971,-6.897,-13.024,-11.071,-10.403,-16.785,-12.007,-12.837,-7.856,-12.863,-14.042,-10.518,-9.725,0.000,-12.444,-14.904,-12.460,-8.170,-15.415,-13.939,-15.480,-2.902,-6.172,-11.046,-15.683,-8.858,-9.003,-12.929,-16.768,-9.764,-13.170,-11.203,-12.010,-13.138,-9.069,-17.540,-14.273,0.000,-10.189,-11.498,-14.407,-11.867,-14.577,-16.535,-11.116,-12.708,-8.227,-16.206,-12.488,-18.955,-15.886,-16.198,-0.017,-4.773,-7.228,-17.720,-6.539,-13.481,-13.212,-8.116,-7.596,-12.663,0.000,-9.118,-12.202,0.000,-4.581,-13.397,-6.917,-6.518,-5.638,-7.551,-6.245,-7.106,-4.949,-7.207,-8.636,-7.271,-11.800,-9.437,-4.359,-11.402,-6.321
L,-4.202,-2.537,-2.372,-3.915,-4.441,-3.216,-4.581,-8.218,-7.387,-7.191,-7.582,-6.726,-2.727,-8.004,-6.474,0.000,-6.144,-10.105,-9.759,-10.049,-15.688,-11.400,-10.146,-10.080,-11.244,-9.420,-10.480,-7.117,-11.850,-15.403,-13.396,-16.425,-10.410,-16.679,-11.323,-12.157,-15.493,-10.053,-15.832,-8.765,-16.493,-18.036,-4.369,-12.137,-10.168,-12.495,-8.995,-13.412,-12.521,0.000,-15.085,-16.334,-11.854,-12.714,-17.191,-12.171,-11.130,0.000,0.000,-10.218,-9.145,-15.343,-11.160,-10.560,-9.223,-11.819,0.000,-18.499,-12.309,-12.547,-14.685,-15.164,-14.117,-15.913,-9.832,0.000,0.000,-10.733,-14.764,-10.407,-8.873,-13.745,-15.433,-12.091,-14.117,-14.217,0.000,-8.918,-16.805,-7.748,-18.156,-10.051,-17.142,-15.597,-12.001,-13.675,-16.365,-14.375,-12.430,-12.222,-6.470,-13.843,-11.231,-12.189,-16.508,-13.564,-14.597,0.000,-13.863,-13.131,-18.049,-14.161,-4.746,-15.211,-16.392,-13.133,-16.373,-13.270,-3.596,-12.546,-13.990,-14.657,0.000,-12.783,-12.886,-9.078,-18.684,-14.228,-13.408,-17.081,-13.536,-15.670,-15.278,0.000,-7.430,-11.666,-8.915,-15.569,-12.761,-6.361,-13.987,-17.127,-10.792,-16.246,-15.962,-14.647,-14.255,-13.693,-18.305,-18.227,-16.624,-12.662,-17.930,-13.808,-18.456,-18.564,-17.161,-11.604,-11.271,-15.575,-16.288,-8.826,0.000,-16.322,0.000,-7.765,-15.312,-11.103,0.000,-16.417,-17.575,-13.719,-17.573,-10.346,-9.006,-14.590,-15.688,-12.566,-16.444,-9.938,0.000,-15.114,-17.111,-14.714,-16.648,-11.193,-11.682,-16.425,-12.317,0.000,-15.595,-8.827,-16.750,0.000,-2.528,-13.310,-11.147,-16.047,-10.459,0.000,-19.215,-14.750,-15.427,-10.250,-12.309,-10.713,-8.068,0.000,-9.622,-19.232,0.000,-12.573,-19.147,-11.819,-8.314,-8.545,-14.197,-7.321,-15.770,-14.152,-10.025,-8.513,-13.254,-13.235,-10.029,-12.216,-7.508,-13.654,-13.496,-14.685,-10.828,-13.876,-11.155,-15.670,0.000,0.000,-16.026,-13.643,0.000,-9.878,-11.812,-16.629,-10.030,-15.849,-13.997,-15.757,-16.294,-11.307,-16.803,-13.774,-10.173,-13.201,-13.653,-17.013,-17.115,-16.892,-11.145,-8.587,-14.261,-3.451,-13.409,-15.966,-15.800,-14.319,-16.093,-6.805,-9.283,-7.213,-18.047,-7.170,-16.560,-9.877,0.000,-6.819,-18.662,-10.829,-10.182,-13.032,-11.564,-4.920,-13.093,-11.250,-6.422,-4.388,-7.848,-4.378,-6.896,-4.023,-8.226,-8.321,-7.683,-9.644,-4.090,-6.168,-9.297,-5.650
I,-4.594,-2.650,-3.083,-4.219,-4.395,-3.672,-4.080,-8.449,-7.807,-9.459,-9.454,0.000,-6.011,0.000,-9.520,-9.046,-8.152,-11.934,-10.167,0.000,-16.277,-11.742,-12.231,-5.972,-10.151,-9.319,-10.999,-5.506,-10.242,-15.437,-15.224,-15.173,-15.932,-16.702,-6.761,-12.592,-17.252,-10.504,-17.394,-5.097,-14.182,-17.251,-10.739,-11.876,-10.082,-12.987,0.000,-15.887,-13.154,-8.863,-14.033,-17.615,-11.771,-6.020,-16.923,-12.943,-14.886,-13.045,-9.862,-11.303,-14.016,-15.950,-15.584,-11.364,-7.860,-14.147,-7.631,-19.345,0.000,-13.735,-14.674,-17.039,-13.147,-13.751,-7.718,-5.226,-12.195,-12.473,-15.398,-14.163,-14.731,-14.839,-13.006,-11.905,-12.463,-12.757,-12.377,-12.990,-15.215,-14.378,-17.761,-11.483,-15.654,-15.142,-14.387,-12.499,-18.475,-10.816,-13.119,-15.898,0.000,-16.696,-7.522,0.000,-16.205,-17.226,-16.186,-11.329,-9.290,-16.778,-15.858,-18.690,-2.583,-13.504,-17.014,-13.918,-17.882,-15.210,-11.138,-9.382,-15.614,-14.450,-9.491,-15.347,-13.322,-12.538,-18.410,-15.291,-13.490,-19.548,-15.594,-14.237,-17.917,-5.261,0.000,-15.363,-7.793,-14.621,-14.324,0.000,-14.228,-19.057,0.000,-15.930,-14.152,-15.668,-16.003,-12.362,-17.683,-17.120,-15.756,-11.192,-18.309,-14.042,-18.425,-17.229,-18.051,-7.473,-14.868,-13.383,-10.232,-11.882,-10.005,-17.152,-8.177,0.000,-11.075,-14.593,-12.931,-15.998,-16.974,-16.768,-16.060,-9.471,-14.375,-14.648,-14.181,0.000,-13.365,-7.076,-7.348,-13.863,-19.052,-13.351,-12.183,-12.637,-9.761,-15.303,-6.797,-11.236,-15.157,-11.950,-16.488,-11.539,-4.265,-15.597,-14.904,-15.066,-11.876,-6.899,-18.445,-16.039,-14.266,0.000,-13.768,-7.359,-9.504,-8.607,-15.460,-16.646,-7.884,-11.359,-17.765,-10.514,-8.519,-12.695,0.000,-10.262,-15.310,0.000,-11.225,-10.690,-14.681,-14.750,-8.611,-11.506,-6.870,-15.356,-14.733,-15.672,0.000,-14.985,-12.179,-16.003,-4.657,-3.321,-16.215,-15.121,-7.805,-7.140,-14.070,-17.620,-12.298,-14.733,-13.724,-16.877,-16.308,0.000,-20.495,-15.549,-5.090,-12.337,-10.914,-18.564,-16.968,-18.480,-16.278,-11.515,-17.755,0.000,-14.387,-16.553,-18.173,-14.808,-16.359,0.000,-5.188,-8.048,-19.044,-7.035,-13.543,-12.526,-7.608,-8.137,-17.114,-6.146,-10.479,-12.449,-8.145,0.000,-14.151,-10.717,-7.136,-6.395,-8.910,-6.605,-7.819,-5.346,-8.223,-9.443,-7.797,-11.783,-7.828,-6.895,-11.622,-7.164
M,0.000,-4.834,-4.276,-4.967,-5.161,-4.236,-4.814,-8.787,-8.285,-9.341,-8.691,-8.627,-3.169,-9.286,-7.810,-7.989,-4.379,-12.080,-9.855,-10.607,-16.882,-13.414,-9.631,-10.951,-8.510,0.000,0.000,-2.949,-13.567,-14.143,-13.430,-14.040,-16.450,-17.372,-11.908,-11.691,-19.447,-8.588,-10.492,-11.640,-15.690,-18.501,-10.194,-12.478,-10.497,-13.180,-6.025,-14.319,-12.266,-4.445,-14.408,-16.424,-12.358,-10.377,-15.947,-12.826,-14.669,-7.664,-8.832,-10.458,-14.241,-16.495,-13.380,-14.914,-8.106,-11.375,-3.901,-19.581,-11.815,-11.238,-14.760,-18.711,-12.321,-16.497,-10.985,-8.988,-9.082,-14.868,-15.636,-12.245,-14.881,-15.031,-12.855,-12.946,-12.080,-12.925,-7.364,-12.500,-17.634,-12.052,-18.353,-13.948,-17.262,-16.064,-11.818,-13.078,-16.617,-11.231,-12.882,-14.388,-12.178,-14.639,-11.117,-12.089,-19.297,-19.471,-15.080,-9.831,-12.067,-14.436,-9.779,-19.534,-7.975,-15.402,-15.393,-15.840,-18.978,-14.773,0.000,-11.802,-15.651,-13.450,-3.051,-16.461,-12.545,0.000,-18.037,-15.161,-12.367,-15.473,-13.602,-15.551,-18.846,-9.536,-9.631,-14.466,-8.856,-16.891,-13.697,-8.447,-16.225,-15.945,-11.784,-15.848,-15.386,-15.684,-16.680,-14.893,-18.723,-18.297,-15.233,-12.943,-17.995,-13.402,-18.904,-15.652,-16.816,-10.095,-15.852,-15.449,-11.643,0.000,-8.270,-15.540,-9.038,-10.357,-13.506,-12.486,-10.535,-19.065,-18.734,-16.546,-18.600,-10.712,-14.000,-13.455,-13.560,-13.014,-13.087,-10.424,-9.610,0.000,-19.689,-13.756,-15.803,-11.616,-13.192,-16.279,-9.945,-11.009,-17.613,-12.450,-18.516,-11.984,0.000,-15.239,-15.133,-16.283,-12.853,-12.082,-21.110,-14.632,-12.041,-11.088,-13.304,-13.192,-9.160,-6.516,-15.340,-19.204,-9.658,-12.849,-18.866,-11.454,-9.525,-12.544,-15.270,-7.804,-14.852,-14.423,-12.816,-10.246,-12.681,-13.990,0.000,-10.392,-7.941,-10.835,-13.391,-15.977,-13.451,-14.693,-12.206,-16.196,-4.595,-7.567,-16.037,-12.326,-5.953,-10.639,-14.534,-17.088,-12.447,-15.268,-15.823,-16.157,-16.271,-14.343,-17.334,-15.895,-11.131,-13.684,-10.009,-17.252,-17.170,-18.196,0.000,-9.859,-16.640,-11.647,-13.823,-15.745,-17.817,-15.558,-15.400,-7.013,-11.155,-7.964,-15.947,-7.771,-16.968,-11.935,-4.057,-6.608,-18.364,-11.322,-10.282,-12.584,-10.712,-5.011,-12.755,-10.884,-7.681,-6.262,-8.219,-6.190,-7.771,-5.224,-8.506,-9.440,-7.622,-11.495,0.000,-6.431,-11.295,-5.380
P,-4.817,-4.049,-3.771,-5.211,-2.723,-5.105,-2.530,-7.510,-8.048,-9.777,-10.417,-12.441,-5.967,-11.918,0.000,-8.849,0.000,0.000,-11.698,-13.894,-14.379,0.000,-13.728,-13.155,-10.428,-15.707,-18.500,-9.965,-16.034,-16.975,-15.164,-17.573,0.000,-14.689,-17.173,-14.840,-16.004,-10.936,-19.108,-15.942,-17.106,-19.507,-13.563,-11.780,-8.948,-9.843,-17.364,-15.233,-16.154,-14.361,-14.496,-18.222,-18.345,-19.087,-16.799,-15.829,0.000,-13.129,-12.134,-12.681,0.000,-16.994,-16.099,-14.117,-14.625,-15.113,-12.166,-18.496,-18.021,-11.707,0.000,0.000,-12.552,-12.774,-14.034,-12.348,-9.053,-13.178,-13.876,0.000,0.000,-11.933,-14.517,-12.805,-14.106,-12.606,-13.200,-15.153,-15.702,-8.721,-13.471,-11.616,-13.651,-14.555,-15.984,-15.045,-13.837,-15.844,-16.027,-15.891,-15.227,-13.491,-15.984,-16.099,-16.553,-11.236,-14.999,-13.380,-18.112,-12.569,-20.859,-18.047,-9.695,-12.773,-16.399,-12.530,-8.167,-13.826,-16.889,-20.012,-14.794,-19.038,-20.439,-15.213,-16.862,-22.257,-15.193,-17.241,-16.199,-19.400,-9.930,-11.472,-12.881,-9.783,-12.609,-16.158,-12.974,-14.282,-10.992,-13.426,-15.591,-13.408,-13.730,-14.261,-15.657,-14.053,-14.265,-18.142,-20.551,-16.349,-15.765,-10.667,-16.334,-14.330,-17.563,-15.042,-16.519,-15.068,-12.770,-14.731,-14.034,-15.063,-12.398,-14.881,-10.984,-13.501,-12.615,-9.570,-13.817,-15.311,-16.823,-16.600,-18.051,0.000,-14.324,-17.173,-16.238,-16.825,-15.835,-14.754,-11.724,-18.175,-16.085,-13.729,-15.953,-11.249,0.000,-14.677,-12.910,-11.451,-14.865,0.000,-12.610,-10.486,-11.666,-12.461,0.000,-14.577,-9.735,-12.288,-17.733,-16.270,-15.599,-16.226,-15.631,-14.918,-0.949,-5.832,0.000,-17.588,-13.312,-12.485,-18.098,-12.109,-11.958,-11.830,-16.699,-15.199,-15.773,-17.304,-12.664,-11.785,-12.448,-10.558,-17.876,-12.079,-17.623,-16.998,-12.031,-15.854,-19.284,-13.854,-13.432,-14.787,-12.098,-13.294,-14.724,-14.976,-13.100,-14.280,0.000,-16.516,-11.817,-13.642,-12.652,-11.781,-16.527,-17.302,-18.384,-15.129,-14.590,-15.430,-15.802,-18.102,-13.493,-16.222,-18.843,-14.894,-14.169,-15.038,-13.789,-15.453,-18.711,-13.134,-13.535,-13.712,-11.947,-16.010,-16.045,-9.975,-19.953,-19.085,-17.960,-13.599,-14.898,-17.280,-10.251,-16.605,-14.088,-13.152,-12.630,-8.856,-4.082,-6.652,-6.284,-6.054,-5.929,-4.267,-6.460,0.000,-7.631,-13.596,-14.623,-10.931,-13.572,-9.900
Y,-5.655,-4.908,-3.920,-4.478,-4.848,-3.346,-5.959,-6.435,-9.386,0.000,-7.999,-11.110,-3.870,-11.815,-9.915,-12.067,-12.084,-11.075,-11.061,-13.241,-14.839,-13.463,-11.280,-14.507,-14.211,-17.376,-17.401,-10.773,-18.356,-16.924,-15.702,-17.884,-15.814,-13.670,-17.838,-14.762,0.000,-12.133,-12.994,-17.263,-16.019,-17.086,-11.192,-13.747,-14.399,-13.439,-17.284,-15.312,-15.918,-16.878,-16.296,-18.351,-14.205,-17.609,-18.494,-15.704,-14.687,-16.439,-15.009,-9.803,-15.163,-15.828,-11.778,-3.787,-14.275,-11.649,-12.523,-18.065,-21.144,-13.390,-17.482,-20.781,-15.899,-16.298,-14.183,-15.495,-14.034,-2.187,-14.843,-14.362,-15.609,-15.768,-16.313,-11.588,-13.325,-12.527,-13.357,-18.473,-19.050,-14.577,-17.917,-14.916,-18.395,-13.763,-13.389,-17.172,-16.036,-17.227,-11.228,-12.530,-19.071,-14.807,-18.046,-17.075,-18.824,-16.144,-18.068,-15.890,-18.919,-15.633,-21.356,0.000,-11.190,-13.649,-15.705,-15.620,-15.667,-16.422,-15.741,-20.241,-15.867,-15.632,-15.041,-12.781,-12.719,-13.969,-18.750,-16.045,-14.939,-15.973,-18.199,-17.743,-15.777,-13.908,-13.980,-12.791,-10.709,-10.823,-13.875,-16.349,-10.180,-17.022,-18.634,-17.047,-16.815,-18.752,-16.563,-12.831,-15.258,-14.471,-17.484,-16.417,-17.027,-15.334,-14.462,-17.141,-16.072,-17.317,-17.203,-16.866,-17.615,-20.114,-16.295,-16.667,-16.195,-17.521,-12.248,-13.285,-18.971,-13.062,-18.148,-13.284,-13.850,-13.054,-16.971,-15.225,-15.586,-19.777,-16.807,-15.789,-16.926,-17.656,-21.723,-17.314,-14.125,-14.081,-17.616,-11.899,-16.317,-18.134,-10.820,-15.239,-17.798,-17.145,-14.754,-14.721,-12.561,-15.153,-11.304,-19.010,-15.205,-17.302,-19.391,-18.251,-14.373,-10.318,-10.144,-11.441,-16.133,-15.330,-12.001,-13.796,-17.501,-14.364,-10.055,-10.045,-18.430,-11.224,-17.912,-18.810,-7.671,-11.266,-14.528,-15.016,-16.609,-10.866,-14.819,-15.334,-14.535,-11.156,-19.715,-14.429,-6.699,-15.250,-12.208,-12.300,-16.994,-13.471,-9.248,-13.874,-14.998,-13.278,-12.806,-13.956,-13.220,-14.736,-13.597,-19.469,-15.612,-13.609,-16.080,-11.334,-15.209,-16.813,-17.224,-17.596,-18.679,-6.716,-17.852,-16.203,-16.020,-17.032,-17.927,-14.710,-19.962,-6.266,-16.202,-10.594,-17.744,-12.119,-11.670,-10.659,-13.459,-8.560,-16.624,-13.758,-10.222,-15.984,-14.391,-11.179,-14.167,-11.372,0.000,-8.101,-9.656,-4.500,-9.346,-6.240,-10.977,-9.946,-9.107,0.000,-11.614,-10.522,0.000,-6.872
F,-5.559,-4.013,-3.073,-4.628,-4.590,-4.178,-5.437,-8.781,-9.110,-5.756,-8.261,-9.012,-3.059,-9.143,-9.570,-10.909,-11.563,-12.252,-11.969,-11.295,-16.485,-13.449,-12.617,-12.679,-14.544,-15.356,-14.706,-10.376,-15.421,-17.383,-16.722,-19.545,-15.573,-15.798,-14.365,-14.009,-8.990,-11.280,-14.099,-10.495,-15.834,-17.687,-11.179,-14.873,-14.216,-14.987,-13.615,-16.921,-16.463,-11.885,-17.122,-18.259,-14.650,-13.258,-18.108,-15.588,-13.434,-9.205,-14.159,-11.094,-12.539,-18.484,-12.715,0.000,-13.977,-13.873,-10.336,-18.379,-18.569,-14.656,-18.644,-19.551,-16.446,-16.054,-12.707,-10.921,-9.166,0.000,-13.754,-13.389,-12.984,-14.062,-17.785,-10.911,-15.374,-13.219,-12.912,-15.359,-17.839,-14.661,-18.613,-13.955,-18.028,-15.946,-13.730,-18.113,-17.112,-15.100,-13.969,0.000,-14.328,-16.594,-14.537,-14.887,-16.770,-14.695,-16.400,-8.311,-15.278,-16.617,-22.160,-9.356,-7.797,-13.516,-18.015,-11.682,-16.746,-17.326,-13.070,-15.953,-16.814,-16.290,-14.451,0.000,-15.807,-12.128,-18.378,-17.057,-15.627,-20.013,-17.376,-16.874,-16.580,-10.853,-11.919,0.000,0.000,-13.906,-13.146,-11.214,-13.444,-15.655,-12.954,-15.274,-15.871,-17.912,-16.085,0.000,-18.356,-18.013,-17.286,-15.384,-16.928,-13.481,-19.560,-19.500,-19.486,-14.839,-19.489,-17.902,-17.379,-12.602,-11.892,-16.822,-10.134,-11.264,-14.857,-14.173,-12.325,-16.438,-17.222,0.000,-17.188,-13.068,-15.252,-16.008,-15.836,-16.454,-17.725,-11.468,-11.847,-9.818,-19.196,-17.665,-17.273,-12.717,-14.728,-11.901,-15.125,-11.536,-15.030,-14.978,-17.143,-12.643,-12.479,-16.126,-9.610,-14.819,-12.453,-11.311,-17.885,-17.387,-20.460,-12.818,-15.587,0.000,-10.505,-10.350,-14.480,-19.439,-9.076,-15.927,-19.683,-15.171,-10.790,-12.497,-16.421,0.000,-18.414,-16.259,-14.015,-11.622,-14.968,-16.013,-14.345,-12.779,-12.106,-16.244,-16.608,-12.993,-15.643,-16.160,0.000,-17.366,-10.547,-9.382,-18.340,-15.324,-9.424,-13.210,-14.676,-15.524,-9.920,-16.227,-13.411,-15.348,-15.848,-17.402,-18.253,-14.274,-14.307,-12.500,-15.471,-18.939,-16.231,-17.489,-17.081,0.000,-17.665,-13.457,-17.408,-17.582,-19.436,-16.729,-20.011,-6.229,-14.373,-11.054,-19.908,-11.794,-16.400,0.000,-9.523,-9.325,-17.358,-13.387,-12.038,-16.058,-13.170,-8.475,-16.041,-11.743,-2.868,-7.395,-10.263,0.000,-9.151,-5.129,-11.228,-10.332,-9.605,-6.626,-8.924,-9.575,-7.338,-7.338
W,-6.700,-5.926,-5.944,-5.480,-5.827,-5.700,-5.416,-9.771,-10.130,-8.266,-10.522,-13.107,-8.519,-12.731,-11.621,-13.269,-13.837,-13.467,-12.883,-14.749,-17.749,-14.511,-14.095,-16.111,-15.937,-17.261,-19.105,-12.268,-18.699,-19.462,-18.082,-19.068,-16.809,-18.259,-18.965,-15.372,-13.373,-12.623,-16.710,-17.935,-13.451,-16.714,-12.416,-15.472,-17.517,-15.790,-17.283,-18.743,-19.310,-15.719,-13.343,-19.394,-16.990,-19.812,-19.703,-16.781,-15.371,-15.494,-16.541,-17.272,-14.844,-19.535,-13.891,-15.242,-17.187,-13.437,-16.075,-16.595,-24.517,-14.085,-18.542,-19.074,-15.632,-12.188,-19.694,-15.668,-14.815,-10.595,-12.297,-16.619,-17.128,-12.953,-20.887,-10.837,-15.915,-18.925,-15.550,-17.883,-20.543,-15.473,-20.634,-20.610,-20.174,-19.544,-14.420,-19.958,-18.177,-19.066,-14.453,-14.610,-21.791,-12.752,-16.609,-20.156,-14.574,-15.887,-17.765,-15.929,-20.998,-15.898,-22.854,-13.345,-11.868,-10.661,-17.821,-13.796,-17.265,-13.481,-15.954,-20.204,-13.544,-20.504,-13.485,-15.976,-17.375,-19.977,-21.731,-15.449,-18.024,-19.366,-17.597,-21.709,-17.111,-15.916,-16.248,-14.999,-12.111,-17.543,-12.731,-15.334,-17.067,-18.841,-19.012,-15.834,-15.239,-21.077,-13.407,-15.427,-19.185,-20.100,-17.035,-18.185,-15.107,-13.986,-19.838,-19.209,-19.040,-17.661,-18.309,-12.880,-21.362,-19.419,-14.767,-18.248,-14.859,-16.383,-18.199,-13.199,-14.225,-16.771,-13.922,-16.458,-20.771,-16.001,-14.443,-14.846,-19.871,-20.744,-18.733,-17.274,-16.458,-19.051,-19.502,-19.254,-19.106,-10.946,-16.793,-16.276,-20.208,-17.398,-17.797,-15.725,-19.014,-15.461,-16.801,-11.547,-15.321,-12.054,-10.151,-16.439,-21.825,-14.033,-19.261,-20.011,-19.317,-15.614,-13.326,-14.870,-18.029,-22.408,-13.964,-19.289,-16.625,-11.425,-13.289,-15.684,-23.300,-13.060,-19.233,-20.756,-16.154,-13.703,-14.488,-16.733,-17.821,-13.079,-16.690,-19.474,-14.571,-14.653,-21.335,-15.287,-7.552,-18.981,-15.377,-13.406,-19.974,-13.169,-12.787,-15.882,-18.710,-18.698,-13.772,-16.442,-11.226,-17.327,-18.254,-20.452,-15.583,-14.026,-19.127,-13.972,-18.923,-20.054,-17.390,-13.735,-18.963,-12.364,-19.457,-16.795,-12.164,-20.361,-16.542,-12.964,-22.669,-12.758,-18.972,-14.738,-21.318,-15.378,-18.426,-15.550,-15.124,-12.415,-19.304,-18.149,-13.486,-17.945,-14.256,-13.923,-16.796,-12.544,-7.598,-10.840,-11.573,-8.638,-12.564,-10.236,-13.734,-14.107,-11.945,-11.157,-14.254,-12.756,-10.013,-10.333
